petition_id,tag
490605661,Environmental Issues
490605661,Government and Politics
490605661,Technology
490605661,Local Government
490605661,Artificial Intelligence
490605661,Technology Regulation
490670104,Data Center
490670104,Covington township
490670104,Animal Rights and Conservation
490670104,Environmental Issues
490670104,Wildlife Conservation
490670104,Deforestation
490670104,Wildlife Biodiversity
491102735,Environmental Issues
491102735,Government and Politics
491102735,Technology
491102735,Deforestation
491102735,Global Warming
491102735,Water Pollution
491102735,AI Development
491102735,Environmental threat
491044032,Business and Economy
491044032,Business Regulation
491044032,Consumer Rights
491044032,Corporate Responsibility
491044032,Environmental Issues
491044032,Technology
491044032,Artificial Intelligence
491044032,Data Center
491044032,Data Centers
491044032,Data Centers Harmful
491044032,Minnesota Legislature
491044032,Community Petitions
491044032,Government and Politics
491044032,Air Pollution
491044032,Climate Change
491044032,Technology Regulation
491049447,Community Petitions
491049447,Public Policy
491049447,Oregon Data Center
491049447,Business and Economy
491049447,Government and Politics
491049447,Technology
491049447,Business Regulation
491049447,Government Budget and Spending
491049447,Technology Regulation
490732173,Environmental Protection Conservation Efforts
490732173,Environment
490732173,Politics
490732173,local issues
490732173,georgia
490732173,justice
490732173,energy
490732173,Georgia Power
490732173,Business and Economy
490732173,Environmental Issues
490732173,Technology
490732173,Business Regulation
490732173,Corporate Responsibility
490732173,Technology Regulation
491239738,Environmental Issues
491239738,Health and Well-Being
491239738,Technology
491239738,Public Health
491239738,Air Pollution
491239738,Water Pollution
491239738,Technology Regulation
491056805,westvirginia
491056805,appalachia
491056805,NoToDataCenters
491056805,Environmental Issues
491056805,Government and Politics
491056805,Technology
491056805,Water Pollution
491056805,Local Government
491056805,Technology Regulation
37772573,Environment
37772573,Sugarloaf Plan
37772573,Overlay District
37772573,Frederick County Council
37772573,Frederick county Virginia
37772573,Data Centers
37772573,Critical Digital Infrastructure
37772573,Environmental Issues
37772573,Government and Politics
37772573,Technology
37772573,Local Government
37772573,Regional Government
37772573,Technology Regulation
490664619,Data Center
490664619,Data Centers
490664619,Mason County KY
490664619,Kentucky Ca
490664619,farming community
490664619,farming
490664619,environmental
490664619,Local farming
490664619,water treatment
490664619,noise control
490664619,Environmental Issues
490664619,Government and Politics
490664619,Technology
490664619,Waste Management
490664619,Water Pollution
490664619,Technology Regulation
490954385,Data Center
490954385,Dekalb County GA
490954385,Tech human rights
490954385,AI
490954385,racism
490954385,environmental
490954385,Environment
490954385,Decatur
490954385,georgia
490954385,Environmental Issues
490954385,Government and Politics
490954385,Technology
490954385,Air Pollution
490954385,Global Social Justice Issues
490954385,Technology Regulation
490368484,nuclear
490368484,Nuclear Nonproliferation
490368484,environmental issue
490368484,clean water
490368484,clean air
490368484,Clean Soil
490368484,cancer causing
490368484,utah
490368484,Utah Valley
490368484,children
490368484,Environmental Issues
490368484,Government and Politics
490368484,Health and Well-Being
490368484,Waste Management
490368484,Water Pollution
490368484,Local Government
491061024,Environmental Issues
491061024,Technology
491061024,Water Pollution
491061024,Technology Regulation
490759938,Environmental Issues
490759938,Government and Politics
490759938,Technology
490759938,Waste Management
490759938,Local Government
490759938,Technology Regulation
490664673,Data Center
490664673,Environmental Issues
490664673,Government and Politics
490664673,Technology
490664673,Local Government
490664673,Regional Government
490664673,Technology Regulation
490534389,Environmental Issues
490534389,Government and Politics
490534389,Technology
490534389,Cybersecurity
490534389,Data Privacy
490534389,Technology Regulation
490623971,Environmental Issues
490623971,Government and Politics
490623971,Technology
490623971,Global Social Justice Issues
490623971,Local Government
490623971,Regional Government
37046946,Georgia government
37046946,Campgrounds
37046946,greenspaces
37046946,towaliga
37046946,watershed
37046946,No More Warehouses
37046946,Protect Our Waters
37046946,Save Our Lakes
37046946,Watershed Protection
37046946,MORE OVERSITE FOR INDUSTRIAL
37046946,HOLD COMPANIES AND LOCAL OFFICIALS TO HIGHER STANDARDS TO PROTECT
37046946,TEXAS FLOOD
37046946,NORTH CAROLINA FLOOD
37046946,IMPERVIOUS SURFACE ON WATERWAY
37046946,water
37046946,Data Center Corruption
37046946,LOCAL GOVERNMENT CORRUPTION
37046946,EPD
37046946,EPA
37046946,EPA violation
37046946,EPA Regulations
37046946,LOCAL WATER AUTHORITY DU
37046946,GAS LEAKS IN OR NEAR WATER
37046946,industry reform
37046946,Industrial development
37046946,georgia state park
37046946,GEORGIA LAKE
37046946,TOWALIGA RIVER
37046946,Data Centers Harmful
37046946,GOOD OL BOY
37046946,GOVERNMENT ACCOUNTABILITY OFFICE
37046946,stop flood risk
37046946,defend state parks
37046946,Hold them accountable
37046946,Impervious Surfaces Kill
37046946,Smart Growth NOW
37046946,Demand Better
37046946,Save the Working-Class People from being manipulated
37046946,Save Our Aquifer's
37046946,Ground water is for
37046946,ZO
37046946,THIS COULD HAPPEN TO YOU
37046946,Animal Rights and Conservation
37046946,Environmental Issues
37046946,Health and Well-Being
37046946,Wildlife Conservation
37046946,Water Pollution
37046946,Wildlife Biodiversity
490861784,Environmental Issues
490861784,climate change prevention
490861784,Global warming prevention
490861784,Business and Economy
490861784,Business Ethics
490861784,Corporate Responsibility
490861784,Economic Justice
490861784,Data center impact
490861784,Data center opposition
490861784,Data Center
490861784,Public Policy
490861784,Technology
490861784,Artificial Intelligence
490861784,Community Petitions
490861784,Government and Politics
490861784,Corruption
490861784,Technology Regulation
490643870,Environment and Conservation
490643870,Environmental Issues
490643870,Government and Politics
490643870,Technology
490643870,Water Pollution
490643870,Corruption
490643870,Artificial Intelligence
490643870,Energy Poverty
490643870,Water Shortages
490818132,Data Center in Joliet
490818132,Joliet
490818132,Joliet Illinois
490818132,Data center opposition
490818132,Data Centers
490818132,Data Centers Harmful
490818132,illinois
490818132,illinoislegislators
490818132,pollution
490818132,Environmental Welfare
490818132,Elwood
490818132,Environment
490818132,Environmental Issues
490818132,Government and Politics
490818132,Health and Well-Being
490818132,Air Pollution
490818132,Global Warming
490818132,Water Pollution
490946520,Environmental Issues
490946520,Government and Politics
490946520,Technology
490946520,Water Pollution
490946520,Local Government
490946520,Technology Regulation
490960489,Environmental Issues
490960489,Government and Politics
490960489,Technology
490960489,Elections & Voter Rights
490960489,Local Government
490960489,Artificial Intelligence
490918520,Business and Economy
490918520,Environmental Issues
490918520,Government and Politics
490918520,Water Pollution
490918520,Government Budget and Spending
490918520,Local Government
490918520,Mega data centers
490918520,People over profits
37683524,Health
37683524,Environmental Concern
37683524,Data Center
37683524,Data Centers
37683524,Prince William County
37683524,Environmental Issues
37683524,Government and Politics
37683524,Technology
37683524,Local Government
37683524,Data Privacy
37683524,Technology Regulation
490610240,Environmental Issues
490610240,Government and Politics
490610240,Technology
490610240,Local Government
490610240,Regional Government
490610240,Technology Regulation
490843785,Environmental Issues
490843785,Government and Politics
490843785,Technology
490843785,Climate Change
490843785,Local Government
490843785,Technology Regulation
491241670,Environmental Issues
491241670,Public Safety
491241670,Business and Economy
491241670,Land Use and Zoning
491241670,Wildlife Biodiversity
491241670,Water Pollution
490709295,Environmental Issues
490709295,Government and Politics
490709295,Technology
490709295,Air Pollution
490709295,Climate Change
490709295,Water Pollution
491173427,Environmental Issues
491173427,Technology
491173427,Government and Politics
491173427,Water Pollution
491173427,Air Pollution
491173427,Technology Regulation
491173427,Climate Change
491173427,Local Government
490913114,Environmental Issues
490913114,climate change prevention
490913114,Global warming prevention
490913114,Business and Economy
490913114,Business Ethics
490913114,Corporate Responsibility
490913114,Economic Justice
490913114,Data center impact
490913114,Data center opposition
490913114,Data Center
490913114,Public Policy
490913114,Technology
490913114,Artificial Intelligence
490913114,Community Petitions
490913114,Government and Politics
490913114,Technology Regulation
490913114,Local Government
490913114,Regional Government
490913114,Climate Change
491225659,Environmental Issues
491225659,Public Safety
491225659,Government and Politics
491225659,Local Government
491225659,Air Pollution
491225659,Water Pollution
490957625,west virginia
490957625,AI
490957625,Data
490957625,TUCKER COUNTY
490957625,water
490957625,Environmental Issues
490957625,Government and Politics
490957625,Technology
490957625,Water Pollution
490957625,Local Government
490957625,Artificial Intelligence
490638197,Data Center
490638197,Business and Economy
490638197,Environmental Issues
490638197,Ethnic and Racial Minorities
490638197,Corporate Responsibility
490638197,Economic Justice
490638197,Workers' Rights
490902105,Community Petitions
490902105,Environmental Issues
490902105,Data center in Tucson
490902105,Government and Politics
490902105,Technology
490902105,Water Pollution
490902105,Local Government
490902105,Technology Regulation
490982375,Environmental Issues
490982375,Government and Politics
490982375,Technology
490982375,Government Budget and Spending
490982375,Local Government
490982375,Technology Regulation
490913085,Environmental Issues
490913085,climate change prevention
490913085,Global warming prevention
490913085,Business and Economy
490913085,Business Ethics
490913085,Corporate Responsibility
490913085,Economic Justice
490913085,Data center impact
490913085,Data center opposition
490913085,Data Center
490913085,Public Policy
490913085,Technology
490913085,Artificial Intelligence
490913085,Community Petitions
490913085,Government and Politics
490913085,Technology Regulation
490913085,Local Government
490913085,Regional Government
490913085,Climate Change
490913085,Business Regulation
490849448,Environmental Issues
490849448,Government and Politics
490849448,Technology
490849448,Deforestation
490849448,Water Pollution
490849448,Artificial Intelligence
490849448,Climate Activism
490849448,Climate Responsibility
490849448,Climate Change and Health
490849448,Public health risk
490849448,Air Pollution
491052055,Environmental Issues
491052055,Government and Politics
491052055,Technology
491052055,Waste Management
491052055,Water Pollution
491052055,Technology Regulation
491191190,AI
491191190,Data Center
491191190,Environmental Issues
491191190,Public Safety
491191190,Technology
491191190,Technology Regulation
491191190,Land Use and Zoning
491191190,Water Pollution
490790691,Pennhurst asylum
490790691,Public Safety
490790691,Environmental Issues
490790691,Government and Politics
490790691,Air Pollution
490790691,Transportation
490790691,Land Use and Zoning
490892139,michigan
490892139,Michigan Ban Data Centers
490892139,No pollution
490892139,ProtectOurHome
490892139,CleanAirCleanWater
490892139,Not Here
490892139,Detroit
490892139,Flint Michigan
490892139,Ann Arbor Michigan
490892139,Lansing Michigan
490892139,Saveourfuture
490892139,SaveOurLand
490892139,SaveOurWater
490892139,Great Lakes Protection
490892139,EatTheRich
490892139,Livingston County
490892139,Oakland County Michigan
490892139,Genesee County
490892139,Wayne county Michigan
490892139,Environmental Issues
490892139,Government and Politics
490892139,Technology
490892139,Climate Change
490892139,Global Warming
490892139,Technology Regulation
490793147,Environmental Issues
490793147,Government and Politics
490793147,Technology
490793147,Water Pollution
490793147,Local Government
490793147,Technology Regulation
490429175,Environmental Issues
490429175,Ethnic and Racial Minorities
490429175,Government and Politics
490429175,Air Pollution
490429175,Water Pollution
490429175,Corruption
490793704,Environmental Issues
490793704,Public Safety
490793704,Government and Politics
490793704,Land Use and Zoning
490793704,Water Pollution
490793704,Air Pollution
490966685,Animal Rights and Conservation
490966685,Environmental Issues
490966685,Health and Well-Being
490966685,Wildlife Conservation
490966685,Water Pollution
490966685,Wildlife Biodiversity
491157504,Data Center
491157504,Environmental Issues
491157504,Government and Politics
491157504,Technology
491157504,Local Government
491157504,Waste Management
491157504,Land Use and Zoning
491157504,Water Pollution
491157504,Technology Regulation
490704642,Business and Economy
490704642,Environmental Issues
490704642,Government and Politics
490704642,Waste Management
490704642,Water Pollution
490704642,Wildlife Biodiversity
490710832,Environmental Issues
490710832,Government and Politics
490710832,Health and Well-Being
490710832,Air Pollution
490710832,Climate Change
490710832,Local Government
491225757,Environmental Issues
491225757,Community Petitions
491225757,Data Center
491225757,kevin o'leary
490919980,Environmental Issues
490919980,Government and Politics
490919980,Health and Well-Being
490919980,Global Social Justice Issues
490919980,Local Government
490919980,Public Health
490940987,Environmental Sustainability
490940987,conservation and environment
490940987,Data Center
490940987,Artificial General Intelligence
490940987,Animal Rights and Conservation
490940987,Environmental Issues
490940987,Technology
490940987,Wildlife Conservation
490940987,Climate Change
491213769,Public Safety
491213769,Environmental Issues
491213769,Government and Politics
491213769,Local Government
491213769,Air Pollution
491213769,Land Use and Zoning
491323128,Wildlife Migration
491323128,big tech
491323128,Data Centers
491323128,Environmental Issues
491323128,Public Safety
491323128,Government and Politics
491323128,Land Use and Zoning
491323128,Wildlife Biodiversity
491323128,Water Pollution
491323128,Local Government
490889347,Environmental Issues
490889347,Health and Well-Being
490889347,Technology
490889347,Air Pollution
490889347,Water Pollution
490889347,Technology Regulation
37532234,Environment
37532234,Animal Rights and Conservation
37532234,Environmental Issues
37532234,Government and Politics
37532234,Overpopulation
37532234,Local Government
37532234,Regional Government
491151316,Technology
491151316,Public Safety
491151316,Government and Politics
491151316,Local Government
491151316,Technology Regulation
491151316,Artificial Intelligence
490364083,Environmental Issues
490364083,Public Safety
490364083,Technology
490364083,Air Pollution
490364083,Water Pollution
490364083,Land Use and Zoning
491155597,AI Data Center
491155597,AI DATA CENTER BAN
491155597,Environmental Issues
491155597,Public Safety
491155597,Government and Politics
491155597,Waste Management
491155597,Air Pollution
491155597,Land Use and Zoning
491155597,Water Pollution
491155597,Local Government
491155597,Transportation
491011020,Environmental Issues
491011020,Air Pollution Prevention
491011020,Global warming prevention
491011020,climate change prevention
491011020,Water Pollution Prevention
491011020,Business and Economy
491011020,Consumer Rights
491011020,Economic Justice
491011020,Jobs and Employment
491011020,Job Growth
491011020,Data Center
491011020,Data Centers Harmful
491011020,Data Centers
491011020,Community Petitions
491011020,Government and Politics
491011020,Labor and Employment Rights
491011020,Workers' Rights
490646661,Data Center
490646661,Environmental Issues
490646661,Government and Politics
490646661,Technology
490646661,Local Government
490646661,Regional Government
490646661,Technology Regulation
490646661,louisa
490646661,Data Centers
490600514,Environmental Issues
490600514,Government and Politics
490600514,Technology
490600514,Water Pollution
490600514,Local Government
490600514,Technology Regulation
490909252,Environmental Issues
490909252,climate change prevention
490909252,Global warming prevention
490909252,Business and Economy
490909252,Business Ethics
490909252,Corporate Responsibility
490909252,Economic Justice
490909252,Data center impact
490909252,Data center opposition
490909252,Data Center
490909252,Public Policy
490909252,Technology
490909252,Artificial Intelligence
490909252,Community Petitions
490909252,Government and Politics
490909252,Corruption
490909252,Technology Regulation
490909252,Water Pollution
490909252,Global Social Justice Issues
490909252,Local Government
491038252,Business and Economy
491038252,Environmental Issues
491038252,Government and Politics
491038252,Economic Justice
491038252,Water Pollution
491038252,Local Government
490910439,Animal Rights and Conservation
490910439,Environmental Issues
490910439,Health and Well-Being
490910439,Air Pollution
490910439,Water Pollution
490910439,Public Health
35548747,Data Centers
35548747,noise
35548747,home values
35548747,Blasting
35548747,schools
35548747,Children's Rights
35548747,Public Safety
35548747,Education
35548747,Technology
35548747,Disability
35548747,Business Regulation
35548747,Corporate Responsibility
35548747,Air Pollution
35548747,Local Government
35548747,Family Rights
35548747,Environmental Issues
35548747,Business Ethics
35548747,Health and Well-Being
35548747,Land Use and Zoning
35548747,Business and Economy
35548747,Child and Family Well-Being
35548747,Government and Politics
35548747,Technology Regulation
490973693,Community Petitions
490973693,Environmental Issues
490973693,data center texas
490973693,Government and Politics
490973693,Technology
490973693,Air Pollution
490973693,Artificial Intelligence
490973693,Technology Regulation
491224394,Artificial Intelligience
491224394,Ai Datacenters
491224394,AI
491224394,Data Center
491224394,Data Center Colorado
491224394,Data Center Utah
491224394,Data Center Alabama
491224394,Environmental Issues
491224394,Public Safety
491224394,Technology
491224394,Waste Management
491224394,Air Pollution
491224394,Traffic Safety
491224394,Water Pollution
491224394,Artificial Intelligence
490655275,Environmental Issues
490655275,Government and Politics
490655275,Technology
490655275,Water Pollution
490655275,Local Government
490655275,Technology Regulation
490909767,Environmental Issues
490909767,climate change prevention
490909767,Global warming prevention
490909767,Business and Economy
490909767,Business Ethics
490909767,Corporate Responsibility
490909767,Economic Justice
490909767,Data center impact
490909767,Data center opposition
490909767,Data Center
490909767,Public Policy
490909767,Technology
490909767,Artificial Intelligence
490909767,Community Petitions
490909767,Government and Politics
490909767,Corruption
490909767,Technology Regulation
490909767,Local Government
490909767,Regional Government
490771924,Environmental Issues
490771924,Government and Politics
490771924,Technology
490771924,Local Government
490771924,Regional Government
490771924,Technology Regulation
491066124,Environmental Issues
491066124,Government and Politics
491066124,Technology
491066124,Air Pollution
491066124,Water Pollution
491066124,Local Government
490760217,Environmental Issues
490760217,Government and Politics
490760217,Technology
490760217,Corruption
490760217,Global Social Justice Issues
490760217,Technology Regulation
490760217,State legislators
490760217,State land management
490760217,illinoislegislators
490760217,illinoisgovernor
490760217,Illinois state
490760217,Meta AI
490760217,CorporateResponsibility
490760217,Corporate Overreach
490760217,corporate regulation
490760217,Big Tech Accountability
490760217,big tech
490760217,Meta bullying
490760217,consumers energy
490760217,Consumer Right and Protection
490760217,Consumer and Business Regulations
490760217,Consumer Awareness
490760217,protections
491257855,Disability
491257855,Technology
491257855,Entertainment & Media
491257855,Cultural Preservation
491257855,Artificial Intelligence
491257855,Disabled Persons' Rights
490839340,Environmental Issues
490839340,Technology
490839340,Animal Rights and Conservation
490839340,Air Pollution
490839340,Wildlife Biodiversity
490839340,Artificial Intelligence
490839340,Water Pollution
490839340,Wildlife Conservation
490848054,Animal Rights and Conservation
490848054,Environmental Issues
490848054,Government and Politics
490848054,Wildlife Conservation
490848054,Air Pollution
490848054,Water Pollution
491169735,Environment and energy
491169735,Environmental threat
491169735,Environmental Issues
491169735,Public Safety
491169735,Technology
491169735,Technology Regulation
491169735,Water Pollution
491169735,Air Pollution
490975772,Environmental Issues
490975772,Air Pollution Prevention
490975772,Business and Economy
490975772,Business Regulation
490975772,Consumer Rights
490975772,Technology
490975772,Artificial Intelligence
490975772,Data Center
490975772,Data Center Proposal
490975772,Data Centers Harmful
490975772,Data Centers
490975772,Community Petitions
490975772,Government and Politics
490975772,Air Pollution
490975772,Global Social Justice Issues
490975772,Local Government
491220891,Environmental Issues
491220891,Technology
491220891,Public Safety
491220891,Technology Regulation
491220891,Wildlife Biodiversity
491220891,Water Pollution
491338330,Public Safety
491338330,Environmental Issues
491338330,Government and Politics
491338330,Local Government
491338330,Waste Management
491338330,Land Use and Zoning
490918051,Animal Rights and Conservation
490918051,Environmental Issues
490918051,Government and Politics
490918051,Air Pollution
490918051,Climate Change
490918051,Global Warming
36223079,Environment
36223079,virginia
36223079,Ashburn
36223079,datacenter
36223079,Animal Rights and Conservation
36223079,Environmental Issues
36223079,Technology
36223079,Deforestation
36223079,Global Warming
36223079,Technology Regulation
491147296,Government and Politics
491147296,Public Safety
491147296,Business and Economy
491147296,Freedom of Information
491147296,Corruption
491147296,Land Use and Zoning
491147296,Local Government
491147296,Business Regulation
491147296,Data Centers
491147296,Data Centers Harmful
491147296,Minnesota Legislature
491147296,Minnesota laws
491147296,Community Petitions
490869251,Environmental Issues
490869251,Government and Politics
490869251,Technology
490869251,Local Government
490869251,Artificial Intelligence
490869251,Technology Regulation
490934794,Environmental Issues
490934794,Health and Well-Being
490934794,Government and Politics
490934794,Local Government
490934794,Public Health
490934794,Water Pollution
491195269,Environmental Issues
491195269,Government and Politics
491195269,Technology
491195269,Corruption
491195269,Climate Change
491195269,Water Pollution
490915852,Environmental Issues
490915852,Health and Well-Being
490915852,Public Safety
490915852,Air Pollution
490915852,Water Pollution
490915852,Land Use and Zoning
491332862,Environmental Issues
491332862,Public Safety
491332862,Government and Politics
491332862,Land Use and Zoning
491332862,Air Pollution
491332862,Water Pollution
491060128,datacenter
491060128,atlas
491060128,utility
491060128,power
491060128,environmental
491060128,water
491060128,jordan
491060128,whitehall
491060128,noise
491060128,emissions
491060128,coplay
491060128,NoisePollution
491060128,Heat Risk
491060128,heat
491060128,vibration
491060128,sound nuisance
491060128,sound
491060128,Contaminated water supply
491060128,contamination
491060128,school
491060128,School well-being
491060128,School Proximity
491060128,Public Safety
491060128,Environmental Issues
491060128,Government and Politics
491060128,Water Pollution
491060128,Air Pollution
491060128,Land Use and Zoning
490446039,Environmental Issues
490446039,Government and Politics
490446039,Health and Well-Being
490446039,Water Pollution
490446039,Local Government
490446039,Public Health
491161108,Community Petitions
491161108,Data Centers
491161108,BoCC
491161108,Environmental Protection Conservation Efforts
491161108,Government and Politics
491161108,Public Safety
491161108,Technology
491161108,Technology Regulation
491161108,Land Use and Zoning
491161108,Local Government
491329089,pets
491329089,Animal Rights and Conservation
491329089,Government and Politics
491329089,Environmental Issues
491329089,Land Use and Zoning
491329089,Local Government
491329089,Animal Welfare
490928816,Environmental Issues
490928816,Government and Politics
490928816,Technology
490928816,Climate Change
490928816,Global Warming
490928816,Local Government
490947784,Environmental Issues
490947784,Government and Politics
490947784,Public Safety
490947784,Local Government
490947784,Land Use and Zoning
490947784,Traffic Safety
490947784,Stop Data Centers
490965082,Environmental Issues
490965082,Government and Politics
490965082,Technology
490965082,Water Pollution
490965082,Artificial Intelligence
490965082,Technology Regulation
490965082,Little Rock
491193605,Environmental Issues
491193605,Government and Politics
491193605,Technology
491193605,Artificial Intelligence
491193605,Land Use and Zoning
491193605,Water Pollution
490678489,Business and Economy
490678489,Disability
490678489,Health and Well-Being
490678489,Economic Justice
490678489,Income Equality
490678489,Food Security
490678489,Nipsco
490678489,energy
490678489,Energy reform
490678489,Anti-Trust laws
490669232,Business and Economy
490669232,Environmental Issues
490669232,Government and Politics
490669232,Water Pollution
490669232,Government Budget and Spending
490669232,Local Government
491012088,Government and Politics
491012088,Technology
491012088,Water Pollution
491012088,Local Government
491012088,Technology Regulation
491012088,Economic threat
491012088,ecosystem destruction by billion dollar company
491012088,Environmental threat
491012088,Environmental Oversight
491012088,environmental benefit
491090588,Environmental Issues
491090588,Public Safety
491090588,Government and Politics
491090588,Land Use and Zoning
491090588,Water Pollution
491090588,Air Pollution
490693498,Environmental Issues
490693498,Health and Well-Being
490693498,Public Safety
490693498,Air Pollution
490693498,Public Health
490693498,Land Use and Zoning
490693498,Data Center in Naperville
490693498,noise pollution
491058892,Environmental Issues
491058892,Technology
491058892,Waste Management
491058892,Water Pollution
491058892,Local Government
491058892,data center georgia
490867173,Animal Rights and Conservation
490867173,Environmental Issues
490867173,Health and Well-Being
490867173,Wildlife Conservation
490867173,Water Pollution
490867173,Wildlife Biodiversity
491186972,Public Safety
491186972,Technology
491186972,Land Use and Zoning
491186972,Wildlife Biodiversity
491186972,Water Pollution
491120009,Public Safety
491120009,Environmental Issues
491120009,Government and Politics
491120009,Water Pollution
491120009,Traffic Safety
491120009,Land Use and Zoning
490908362,Environmental Issues
490908362,Government and Politics
490908362,Health and Well-Being
490908362,Climate Change
490908362,Local Government
490908362,Public Health
490503617,Environmental Issues
490503617,Government and Politics
490503617,Technology
490503617,Air Pollution
490503617,Water Pollution
490503617,Local Government
490980986,Environmental Issues
490980986,Health and Well-Being
490980986,Technology
490980986,Water Pollution
490980986,Wildlife Biodiversity
490980986,Public Health
490507868,Business and Economy
490507868,Environmental Issues
490507868,Technology
490507868,Economic Justice
490507868,Water Pollution
490507868,Technology Regulation
490894138,waco
490894138,WacoTX
490894138,Exploitation of nature
490894138,Exploitation of residential area
490894138,Lacy lakeview
490894138,protect nature
490894138,protect our neighborhood
490894138,Animal Rights and Conservation
490894138,Environmental Issues
490894138,Technology
490894138,Air Pollution
490894138,Deforestation
490894138,Plant Biodiversity
490894138,aiisdestroyingourworld
490894138,Ai problems
491231043,Environmental Issues
491231043,Public Safety
491231043,Government and Politics
491231043,Land Use and Zoning
491231043,Air Pollution
491231043,Water Pollution
491231043,Local Government
491252948,Public Safety
491252948,Environmental Issues
491252948,Government and Politics
491252948,Local Government
491252948,Air Pollution
491252948,Land Use and Zoning
491137410,Environmental Issues
491137410,Public Safety
491137410,Business and Economy
491137410,Land Use and Zoning
491137410,Air Pollution
491137410,Water Pollution
490530378,Environmental Issues
490530378,Government and Politics
490530378,Technology
490530378,Local Government
490530378,Regional Government
490530378,Technology Regulation
490905457,Environmental Issues
490905457,Health and Well-Being
490905457,Public Safety
490905457,Air Pollution
490905457,Public Health
490905457,Land Use and Zoning
491033316,Environmental Issues
491033316,Government and Politics
491033316,Public Safety
491033316,Local Government
491033316,Air Pollution
491033316,Freedom of Information
491033316,Water Pollution
491033316,Transportation
491104613,Animal Rights and Conservation
491104613,Environmental Issues
491104613,Technology
491104613,Wildlife Conservation
491104613,Water Pollution
491104613,Artificial Intelligence
491205650,Environmental Issues
491205650,Technology
491205650,Government and Politics
491205650,Technology Regulation
491205650,Climate Change
491205650,Water Pollution
27214960,Environment
27214960,water protection
27214960,water conservation
27214960,water rights
27214960,agriculture
490849080,Environmental Issues
490849080,Government and Politics
490849080,Technology
490849080,Water Pollution
490849080,Corruption
490849080,Local Government
490948830,Government Transparency
490948830,Stop Pollution
490948830,AI
490948830,Environmental Issues
490948830,Government and Politics
490948830,Technology
490948830,Local Government
490948830,Artificial Intelligence
490948830,Technology Regulation
491239643,Public Safety
491239643,Environmental Issues
491239643,Government and Politics
491239643,Local Government
491239643,Air Pollution
491239643,Disasters and Emergency Management
491212716,Environmental Issues
491212716,Public Safety
491212716,Technology
491212716,Water Pollution
491212716,Global Warming
491212716,Land Use and Zoning
491212716,Air Pollution
491212716,Technology Regulation
491212716,Consumer Protection
490913091,utility rates
490913091,Environmental Issues
490913091,Public Safety
490913091,Government and Politics
490913091,Land Use and Zoning
490913091,Air Pollution
490913091,Water Pollution
490890842,Environmental Issues
490890842,Government and Politics
490890842,Technology
490890842,Local Government
490890842,Artificial Intelligence
490890842,Technology Regulation
490474844,farmland preservation
490474844,Data Centers
490474844,Small Towns
490474844,City council overreach
490474844,helping the enviorment
490474844,ecosystem threatened
490474844,watercontamination
490474844,power
490474844,eagles
490474844,Wildlife Habitat Preservation
490474844,morgan county commissioners
490474844,Morgan County Indiana Politics
490474844,Mayor Costin
490474844,Economic Development Over People
490474844,Morgan County in
490474844,Governor Mike Braun
490474844,Department of Government Efficiency
490474844,Sierra group
490474844,department of environmental quality
490474844,department of natural resources
490474844,help our organization
490474844,Help fight local governments Overreach
490474844,Constitutional peace
490474844,Misuse of government power
490474844,audit Martinsville Indiana
490474844,Investigate city county officials
490474844,Power Grab
490474844,corruption Morgan County Indiana
490474844,Morgan County Sold Us Out
490474844,Doge for Morgan County Indiana
490474844,Elon Musk Audit Morgan County IN
490474844,President Trump Help The People
490474844,Forgien Land Grab Transparency
490474844,Stop Data Centers
490474844,Indiana inspector general
490474844,IDEM
490474844,save rural Morgan county
490474844,Save Farmland's
490474844,The People Voice
490474844,Data Center Corruption
490474844,Data Centers Harmful
490474844,DAT Centers Polution
490474844,TAKE BACK OUR POWER OUR LAND OUR FREEDOM OUR HOME
490474844,Take Action Now
490474844,Earth Science
490474844,Environmental Issues
490474844,Government and Politics
490474844,Technology
490474844,Local Government
490474844,Regional Government
490474844,Technology Regulation
490782838,Business and Economy
490782838,Environmental Issues
490782838,Technology
490782838,Business Regulation
490782838,Technology Regulation
490959622,Environmental Issues
490959622,Government and Politics
490959622,Technology
490959622,Air Pollution
490959622,Water Pollution
490959622,Local Government
490364990,Data Center
490364990,Data Centers
490364990,Environmental Issues
490364990,Government and Politics
490364990,Health and Well-Being
490364990,Air Pollution
490364990,Water Pollution
490364990,Local Government
490925274,Environmental Issues
490925274,Health and Well-Being
490925274,Technology
490925274,Air Pollution
490925274,Public Health
490925274,Technology Regulation
490434506,Business and Economy
490434506,Environmental Issues
490434506,Government and Politics
490434506,Local Government
32810633,farmland preservation
32810633,Development sprawl
32810633,Economic Justice
32810633,Education
32810633,Bullying
32810633,Technology
32810633,Business Regulation
32810633,Deforestation
32810633,Corporate Responsibility
32810633,Air Pollution
32810633,Local Government
32810633,Environmental Issues
32810633,Regional Government
32810633,Business Ethics
32810633,Business and Economy
32810633,Child and Family Well-Being
32810633,Government and Politics
32810633,Technology Regulation
490757201,Monticello Minnesota
490757201,Environmental Issues
490757201,Government and Politics
490757201,Technology
490757201,Local Government
490757201,Technology Regulation
491060959,Public Safety
491060959,Government and Politics
491060959,Land Use and Zoning
491060959,Local Government
490723267,Environmental Issues
490723267,Government and Politics
490723267,Health and Well-Being
490723267,Air Pollution
490723267,Water Pollution
490723267,Local Government
491293194,Environmental Issues
491293194,Public Safety
491293194,Technology
491293194,Land Use and Zoning
491293194,Wildlife Biodiversity
491293194,Water Pollution
491293194,Technology Regulation
491247818,Environmental Issues
491247818,Government and Politics
491247818,Technology
491247818,National Government
491247818,Air Pollution
491247818,Water Pollution
490957457,Environmental Issues
490957457,Government and Politics
490957457,Health and Well-Being
490957457,Water Pollution
490957457,Corruption
490957457,Local Government
490762510,Business and Economy
490762510,Government and Politics
490762510,Health and Well-Being
490762510,Business Ethics
490762510,Business Regulation
490762510,Consumer Rights
490764621,Business and Economy
490764621,Environmental Issues
490764621,Health and Well-Being
490764621,Climate Change
490764621,Water Pollution
490764621,Public Health
491192986,Environmental Issues
491192986,Public Safety
491192986,Government and Politics
491192986,Waste Management
491192986,Air Pollution
491192986,Consumer Protection
491192986,Water Pollution
491192986,Local Government
491192986,Land Use and Zoning
490863763,Business and Economy
490863763,Environmental Issues
490863763,Government and Politics
490863763,Air Pollution
490863763,Water Pollution
490863763,Local Government
490863763,NoisePollution
490795568,Animal Rights and Conservation
490795568,Environmental Issues
490795568,Technology
490795568,Wildlife Conservation
490795568,Water Pollution
490795568,Wildlife Biodiversity
490871970,Business and Economy
490871970,Environmental Issues
490871970,Government and Politics
490871970,Affordable Housing
490871970,Government Budget and Spending
490871970,Local Government
490829545,Environmental Issues
490829545,Public Safety
490829545,Technology
490829545,Land Use and Zoning
490829545,Water Pollution
490829545,Air Pollution
490922915,Environmental Issues
490922915,Government and Politics
490922915,Technology
490922915,Local Government
490922915,Regional Government
490922915,Technology Regulation
490829282,Data Center
490829282,community
490829282,Stand Together
490829282,Environmental Issues
490829282,Government and Politics
490829282,Technology
490829282,Elections & Voter Rights
490829282,Local Government
490829282,Regional Government
491203987,Environmental Issues
491203987,Public Safety
491203987,Government and Politics
491203987,Local Government
491203987,Land Use and Zoning
491203987,Climate Change
491049502,Data Centers
491049502,farmland preservation
491049502,tax increases
491049502,Environmental threat
491049502,Environmental Issues
491049502,Government and Politics
491049502,Technology
491049502,Waste Management
491049502,Water Pollution
491049502,Wildlife Biodiversity
491165369,Environmental Issues
491165369,Public Safety
491165369,Government and Politics
491165369,Air Pollution
491165369,Wildlife Biodiversity
491165369,Land Use and Zoning
491165369,Water Pollution
491165369,Local Government
490924321,Data Center
490924321,AI Data Center
490924321,Lyon Township
490924321,South Lyon
490924321,New Hudson
490924321,d
490924321,Data Center in
490924321,Data Center in New Hudson
490924321,Data Center in Mic
490924321,michigan
490924321,South East Mich
490924321,Metro Detroit
490924321,Environmental Issues
490924321,Government and Politics
490924321,Technology
490924321,Local Government
490924321,Artificial Intelligence
490924321,Technology Regulation
491180186,Environmental Issues
491180186,Public Safety
491180186,Government and Politics
491180186,Land Use and Zoning
491180186,Air Pollution
491180186,Deforestation
35555918,Family
35555918,Public Safety
35555918,Technology
35555918,Water Pollution
35555918,Business Regulation
35555918,Corporate Responsibility
35555918,Local Government
35555918,Environmental Issues
35555918,Regional Government
35555918,Business Ethics
35555918,Health and Well-Being
35555918,Land Use and Zoning
35555918,Business and Economy
35555918,Child and Family Well-Being
35555918,Government and Politics
35555918,Technology Regulation
490921574,Environmental Issues
490921574,Government and Politics
490921574,Technology
490921574,Local Government
490921574,Artificial Intelligence
490921574,Technology Regulation
491034019,Environmental Issues
491034019,Government and Politics
491034019,Technology
491034019,Water Pollution
491034019,Local Government
491034019,Technology Regulation
491034019,Tax Abatement
491161521,pollution
491161521,Data Center
491161521,Air Pollution Prevention
491161521,Water Pollution Prevention
491161521,AI Data Center
491161521,Noise polltlution
491161521,nature loss
491161521,Environmental Issues
491161521,Technology
491161521,Public Safety
491161521,Air Pollution
491161521,Climate Change
491161521,Artificial Intelligence
491161521,Water Pollution
491161521,Consumer Protection
491161521,Technology Regulation
491051660,Data Center
491051660,Environmental Issues
491051660,Public Safety
491051660,Technology
491051660,Land Use and Zoning
491051660,Water Pollution
491051660,Air Pollution
491018045,Animal Rights and Conservation
491018045,Environmental Issues
491018045,Government and Politics
491018045,Wildlife Conservation
491018045,Wildlife Biodiversity
491018045,Local Government
491166263,Environmental Issues
491166263,Public Safety
491166263,Government and Politics
491166263,Land Use and Zoning
491166263,Air Pollution
491166263,Water Pollution
491171860,Environmental Issues
491171860,Public Safety
491171860,Technology
491171860,Water Pollution
491171860,Climate Change
491171860,Air Pollution
490746398,Environmental Issues
490746398,Government and Politics
490746398,Technology
490746398,Water Pollution
490746398,Wildlife Biodiversity
490746398,Local Government
490746398,iredell
490746398,West Iredell
490746398,Data Center
490746398,residential
490746398,Agricultural
491012010,Data Center
491012010,virginia
491012010,Pulaski County VA
491012010,Environmental Issues
491012010,Government and Politics
491012010,Technology
491012010,Water Pollution
491012010,Local Government
491012010,Technology Regulation
490968311,Community Petitions
490968311,Environmental Issues
490968311,Data Center
490968311,Government and Politics
490968311,Technology
490968311,Wildlife Biodiversity
490968311,Corruption
490968311,Local Government
491319499,Data Centers
491319499,Environmental Issues
491319499,Public Safety
491319499,Government and Politics
491319499,Land Use and Zoning
491319499,Water Pollution
491319499,Air Pollution
491319499,Local Government
490958717,Environmental Issues
490958717,Government and Politics
490958717,Technology
490958717,Government Budget and Spending
490958717,Local Government
490958717,Technology Regulation
490968898,Environmental Issues
490968898,Government and Politics
490968898,Technology
490968898,Local Government
490968898,Regional Government
490968898,Technology Regulation
490858549,Business and Economy
490858549,Environmental Issues
490858549,Health and Well-Being
490858549,Economic Justice
490858549,Air Pollution
490858549,Public Health
490858549,Data center impact
490034372,Agricultural Ground Preservation
490034372,Animal Rights and Conservation
490034372,Environmental Issues
490034372,Government and Politics
490034372,Climate Change
490034372,Wildlife Biodiversity
490034372,Local Government
490266461,Environmental Issues
490266461,Health and Well-Being
490266461,Technology
490266461,Air Pollution
490266461,Climate Change
490266461,Deforestation
491013974,Environmental Issues
491013974,Government and Politics
491013974,Technology
491013974,Water Pollution
491013974,Local Government
491013974,Technology Regulation
490773625,Environmental Issues
490773625,Government and Politics
490773625,Technology
490773625,Water Pollution
490773625,Government Budget and Spending
490773625,Local Government
490901845,Business and Economy
490901845,Affordable Housing
490901845,Business Regulation
490901845,Consumer Rights
490901845,Corporate Responsibility
490901845,Economic Justice
490901845,infrastructure issues
490901845,Infrastructure Costs
490901845,Data Center
490901845,Data center impact
490901845,Data Centers Harmful
490901845,Data Centers
490901845,Environmental Issues
490901845,Consumer Protection
490901845,Community Petitions
490901845,Government and Politics
490901845,Technology
490901845,Government Budget and Spending
490901845,Local Government
490901845,Technology Regulation
490750750,Animal Rights and Conservation
490750750,Environmental Issues
490750750,Technology
490750750,Climate Change
490750750,Global Warming
490750750,Technology Regulation
490712832,Environmental Issues
490712832,Government and Politics
490712832,Technology
490712832,Local Government
490712832,Regional Government
490712832,Technology Regulation
491095516,data center texas
491095516,solar farms in rural counties
491095516,Government and Politics
491095516,Public Safety
491095516,Environmental Issues
491095516,Transportation
491095516,Land Use and Zoning
491095516,Local Government
491095516,Climate Change
491187762,Environmental Issues
491187762,Public Safety
491187762,Government and Politics
491187762,Land Use and Zoning
491187762,Water Pollution
491187762,Air Pollution
491187762,Annville
491187762,Data Center
491187762,South Annville Data Center
490977163,Environmental Issues
490977163,Government and Politics
490977163,Public Safety
490977163,Elections & Voter Rights
490977163,Local Government
490977163,Water Pollution
490977163,Land Use and Zoning
490852403,Environmental Issues
490852403,Government and Politics
490852403,Technology
490852403,Water Pollution
490852403,Local Government
490852403,Data Privacy
490928095,Business and Economy
490928095,Affordable Housing
490928095,Data Center
490928095,Economic Justice
490928095,Environmental Issues
490928095,Community Petitions
490928095,Government and Politics
490928095,Technology
490928095,Water Pollution
490928095,Local Government
490928095,Technology Regulation
490912049,Community Engagement
490912049,Due Process
490912049,Fair Hearing
490912049,public discourse
490912049,site assessment
490912049,Lowell michigan
490912049,Data Center
490912049,fair notice
490912049,mistrust
490954659,Business and Economy
490954659,Business Regulation
490954659,Consumer Rights
490954659,Corporate Responsibility
490954659,Economic Justice
490954659,Government and Politics
490954659,Data Center
490954659,Data center opposition
490954659,AI Data Center
490954659,Infrastructure Costs
490954659,Community Petitions
490954659,Environmental Issues
490954659,Technology
490954659,Local Government
490954659,Regional Government
490954659,Technology Regulation
491211986,Public Safety
491211986,Government and Politics
491211986,Climate Change
491029190,Preserving land
491029190,preserving nature
491029190,against ai
491029190,preserve resources
491029190,No to Data Centers
491029190,Environmental Issues
491029190,Government and Politics
491029190,Technology
491029190,Water Pollution
491029190,Wildlife Biodiversity
491029190,Local Government
490909749,Environmental Issues
490909749,climate change prevention
490909749,Global warming prevention
490909749,Business and Economy
490909749,Business Ethics
490909749,Corporate Responsibility
490909749,Economic Justice
490909749,Data center impact
490909749,Data center opposition
490909749,Data Center
490909749,Public Policy
490909749,Technology
490909749,Artificial Intelligence
490909749,Community Petitions
490909749,Government and Politics
490909749,Corruption
490909749,Technology Regulation
490909749,Business Regulation
490909749,Local Government
490990654,Community Petitions
490990654,Environmental Issues
490990654,water supply
490990654,Government and Politics
490990654,Technology
490990654,Water Pollution
490990654,Global Social Justice Issues
490990654,Technology Regulation
490929379,Data Center
490929379,Minooka
490929379,Environmental Issues
490929379,Government and Politics
490929379,Technology
490929379,Climate Change
490929379,Local Government
490929379,Technology Regulation
490936784,Environmental Issues
490936784,Government and Politics
490936784,Technology
490936784,Waste Management
490936784,Water Pollution
490936784,Wildlife Biodiversity
491140631,data center Minnesota
491140631,rosemount
491140631,Energy Affordability
491140631,water
491140631,light pollution
491140631,noise pollution
491140631,Environmental Issues
491140631,Public Safety
491140631,Government and Politics
491140631,Land Use and Zoning
491140631,Air Pollution
491140631,Water Pollution
491317599,Environmental Issues
491317599,Technology
491317599,Government and Politics
491317599,Artificial Intelligence
491317599,Climate Change
491317599,Water Pollution
491062781,Environmental Issues
491062781,Government and Politics
491062781,Technology
491062781,Water Pollution
491062781,Local Government
491062781,Regional Government
491203331,Government and Politics
491203331,Public Safety
491203331,Technology
491203331,Artificial Intelligence
491203331,Land Use and Zoning
491203331,Local Government
490825666,Environmental Issues
490825666,Government and Politics
490825666,Health and Well-Being
490825666,Air Pollution
490825666,Local Government
490825666,Public Health
491072372,Business and Economy
491072372,Corporate Responsibility
491072372,Economic Justice
491072372,Business Ethics
491072372,Technology
491072372,Artificial Intelligence
491072372,Data Center
491072372,Data Centers Harmful
491072372,data center developer
491072372,Community Petitions
491072372,Animal Rights and Conservation
491072372,Environmental Issues
491072372,Government and Politics
491072372,Air Pollution
491072372,Water Pollution
491072372,Local Government
490933331,Technology
490933331,Artificial Intelligence
490933331,Technology Regulation
490933331,Environmental Issues
490933331,Air Pollution Prevention
490933331,climate change prevention
490933331,Global Warming Prevention
490933331,Economic Justice
490933331,Community Petitions
490933331,Animal Rights and Conservation
490933331,Wildlife Conservation
490933331,Water Pollution
490933331,Wildlife Biodiversity
490120187,Environmental Issues
490120187,water resources
490120187,Memphis
490120187,Memphis Aquifer
490120187,xAI
490120187,elon musk step down
490120187,Elon Musk
490120187,AI
490120187,workplace malpractice
490120187,Safety Violations
490120187,Environmental Impacts
490120187,Scams and Frauds
490120187,Government and Politics
490120187,Technology
490120187,Water Pollution
490120187,Artificial Intelligence
490120187,Technology Regulation
490120187,colossus
490120187,colossus 2
490120187,Air Pollution
490120187,EPA violation
490120187,EPA standards
490120187,Epa pollution
490120187,Health department
490120187,air quality protection
490120187,air quality
490120187,Air quality first
37823712,Environment
37823712,Data Centers
37823712,Sugarloaf
37823712,Sugarloaf Alliance
37823712,Data Center
37823712,Quantum Loophole
37823712,Global Warming
37823712,Public Safety
37823712,Climate Change
37823712,Technology
37823712,Water Pollution
37823712,Business Regulation
37823712,Corporate Responsibility
37823712,Air Pollution
37823712,Local Government
37823712,Environmental Issues
37823712,Business Ethics
37823712,Health and Well-Being
37823712,Land Use and Zoning
37823712,Business and Economy
37823712,Government and Politics
37823712,Technology Regulation
491161073,Data Centers
491161073,data centers maryland
491161073,environmental
491161073,Environmental Jusice
491161073,Calvert County
491161073,Calvert Commissioners
491161073,Calvert County Republican
491161073,Calvert County Democratic
491161073,electrical
491161073,Environmental Issues
491161073,Government and Politics
491161073,Public Safety
491161073,Land Use and Zoning
491161073,Local Government
491161073,Water Pollution
490798329,Community Petitions
490798329,Environmental Issues
490798329,Air Pollution Prevention
490798329,Ethnic and Racial Minorities
490798329,Health and Well-Being
490798329,Air Pollution
490798329,Public Health
490798329,meta
490798329,taxes
490798329,Business and Economy
490798329,Government and Politics
490798329,Technology
490798329,Business Ethics
490798329,Business Regulation
490798329,Corporate Responsibility
490994256,Business and Economy
490994256,Business Regulation
490994256,Corporate Responsibility
490994256,Consumer Rights
490994256,Economic Justice
490994256,Environmental Issues
490994256,climate change prevention
490994256,Plant Biodiversity
490994256,Deforestation Prevention
490994256,Water Pollution Prevention
490994256,Wildlife Biodiversity
490994256,data center missouri
490994256,Data Center Proposal
490994256,Data Center
490994256,Data Centers Harmful
490994256,Data Centers
490994256,Community Petitions
490994256,Government and Politics
490994256,Technology
490994256,Water Pollution
490994256,Local Government
490994256,Regional Government
491168389,Government and Politics
491168389,Public Safety
491168389,Technology
491168389,Land Use and Zoning
491168389,Corruption
491168389,Local Government
491168389,Data Center
491168389,Data Centers
491168389,Community Petitions
490919774,Environmental Issues
490919774,Government and Politics
490919774,Health and Well-Being
490919774,Water Pollution
490919774,Local Government
490953185,Environmental Issues
490953185,Government and Politics
490953185,Technology
490953185,Water Pollution
490953185,Local Government
490953185,Technology Regulation
491064374,Data Centers
491064374,buckeye arizona
491064374,Environmental Issues
491064374,Health and Well-Being
491064374,Technology
491064374,Climate Change
491064374,Water Pollution
491064374,Technology Regulation
37901908,Environment
37901908,Data Centers
37901908,Henrico County
37901908,Henrico Conservation Action Network
37901908,HCAN
37901908,Environmental Issues
37901908,Government and Politics
37901908,Technology
37901908,Local Government
37901908,Regional Government
37901908,Technology Regulation
491013837,Public Policy
491013837,Government and Politics
491013837,Education
491013837,Business and Economy
491013837,university of michigan
491013837,Environmental Issues
491013837,Utility oversight
491013837,Nuclear Safety
491013837,nuclear weapons
491013837,Community Petitions
491013837,Technology
491013837,Arms Control
491013837,Military
491013837,War
490658276,Environmental Issues
490658276,Government and Politics
490658276,Technology
490658276,Air Pollution
490658276,Climate Change
490658276,Artificial Intelligence
490923889,Community Petitions
490923889,Business and Economy
490923889,Business Ethics
490923889,Business Regulation
490923889,Economic Justice
490923889,Data Centers
490923889,Artificial Intelligence
490923889,Government and Politics
490923889,Technology
490923889,Cost of Living
490923889,Lower Taxes
490929036,Environmental Issues
490929036,climate change prevention
490929036,Health and Well-Being
490929036,Public Health
490929036,Business and Economy
490929036,Business Ethics
490929036,Consumer Rights
490929036,Business Regulation
490929036,Data Centers
490929036,Data Centers Harmful
490929036,Data Center
490929036,Community Petitions
490929036,Government and Politics
490929036,Technology
490929036,Water Pollution
490929036,Local Government
490929036,Technology Regulation
25372308,Local
25372308,enviornmental protection
25372308,noise pollution
25372308,Flood Control
25372308,home values
490874314,Government and Politics
490874314,Local Government
490874314,Health and Well-Being
490874314,Environmental Issues
490874314,Business and Economy
490874314,Data center opposition
490874314,Data center impact
490874314,Data Center
490874314,Community Petitions
490874314,Air Pollution
490874314,Public Health
491188553,Public Safety
491188553,Environmental Issues
491188553,Business and Economy
491188553,Affordable Housing
491188553,Climate Change
491188553,Land Use and Zoning
491025012,Environmental Issues
491025012,Government and Politics
491025012,Health and Well-Being
491025012,Global Social Justice Issues
491025012,Local Government
491025012,Public Health
490571989,Community Petitions
490571989,clean air
490571989,Environmental Issues
490571989,Air Pollution Prevention
490571989,xAI
490571989,Elon Musk
490571989,Ethnic and Racial Minorities
490571989,Health and Well-Being
490571989,Air Pollution
490571989,Black
490571989,Public Health
490754668,Business and Economy
490754668,Business Ethics
490754668,Consumer Rights
490754668,Corporate Responsibility
490754668,Economic Justice
490754668,Government and Politics
490754668,Regional Government
490754668,Local Government
490754668,Technology
490754668,Technology Regulation
490754668,Data Center Corruption
490754668,Community Petitions
490754668,Environmental Issues
490754075,Environmental Issues
490754075,Government and Politics
490754075,Technology
490754075,Water Pollution
490754075,Artificial Intelligence
490754075,Technology Regulation
490892867,Business and Economy
490892867,Business Regulation
490892867,Consumer Rights
490892867,Corporate Responsibility
490892867,Public Policy
490892867,Public Safety
490892867,Data Center
490892867,Data center impact
490892867,Data center opposition
490892867,Louisiana Residents
490892867,Community Petitions
490892867,Child and Family Well-Being
490892867,Government and Politics
490892867,Technology
490892867,Land Use and Zoning
490892867,Traffic Safety
490892867,Technology Regulation
490914146,Environmental Issues
490914146,Government and Politics
490914146,Technology
490914146,Water Pollution
490914146,Local Government
490914146,Technology Regulation
491176874,Public Safety
491176874,Environmental Issues
491176874,Technology
491176874,Technology Regulation
491176874,Water Pollution
491176874,Land Use and Zoning
490755572,Business and Economy
490755572,Government and Politics
490755572,Health and Well-Being
490755572,Workers' Rights
490755572,Local Government
490755572,Regional Government
490837667,Environmental Issues
490837667,Government and Politics
490837667,Technology
490837667,Water Pollution
490837667,Artificial Intelligence
490837667,Technology Regulation
491066162,Environmental Issues
491066162,Health and Well-Being
491066162,Technology
491066162,Air Pollution
491066162,Public Health
491066162,Technology Regulation
490923560,Environmental Issues
490923560,Government and Politics
490923560,Technology
490923560,Climate Change
490923560,Local Government
490923560,Technology Regulation
27705668,Local
27705668,water
27705668,water protection
27705668,water rights
27705668,Water is Life
490937097,Business and Economy
490937097,Environmental Issues
490937097,Technology
490937097,Small Business Support
490937097,Artificial Intelligence
490937097,Technology Regulation
35951237,Environment
35951237,Global Warming
35951237,Public Safety
35951237,Education
35951237,Climate Change
35951237,Transportation
35951237,Education Reform
35951237,Water Pollution
35951237,Wildlife Conservation
35951237,Air Pollution
35951237,Local Government
35951237,Environmental Issues
35951237,Health and Well-Being
35951237,Land Use and Zoning
35951237,Animal Rights and Conservation
35951237,Business and Economy
35951237,Child and Family Well-Being
35951237,Educational Infrastructure
35951237,Government and Politics
35951237,Government Budget and Spending
491058726,Technology
491058726,Water Pollution
491058726,Technology Regulation
491058726,Health and Environment
491229535,Environmental Issues
491229535,Government and Politics
491229535,Climate Change
491229535,Wildlife Biodiversity
491229535,Air Pollution
490922661,Ai problems
490922661,Data Centers
490922661,Environmental Issues
490922661,Government and Politics
490922661,Technology
490922661,Water Pollution
490922661,Local Government
490922661,Artificial Intelligence
490811470,Data Center
490811470,Environmental Issues
490811470,Government and Politics
490811470,Technology
490811470,Water Pollution
490811470,Local Government
490811470,Technology Regulation
490811470,Hobart
490811470,Lake County IN
490811470,Northwest Indiana
490811470,Stop Data Centers
490811470,Data center opposition
490811470,Data center impact
490811470,Protect our neighborhoods
490811470,community voices
490811470,Sustainable future
490811470,residential safety
490811470,Nipsco
490811470,indiana
490811470,AI
490811470,Data Center in Hobart
490811470,nwi
490811470,Chicagoland Area
491290636,Environmental Issues
491290636,Public Safety
491290636,Water Pollution
491290636,Land Use and Zoning
491290636,Wildlife Biodiversity
491290636,Climate Change
491014627,Environmental Issues
491014627,Government and Politics
491014627,Technology
491014627,Water Pollution
491014627,Local Government
491014627,Technology Regulation
490805602,Data Center
490805602,environmental
490805602,Environmental Issues
490805602,Government and Politics
490805602,Health and Well-Being
490805602,Air Pollution
490805602,Local Government
490805602,Public Health
490945180,Environment
490945180,Public Health
490945180,Local Government
490945180,community
490945180,water
490945180,air quality
490945180,Data Center
490945180,AI
490945180,sustainability
490945180,environmental justice
490945180,Climate Change
490945180,Air Pollution
490945180,utilities
490945180,Environmental Issues
490945180,Health and Well-Being
490945180,Technology
490945180,Water Pollution
491174455,AI DATA CENTER BAN
491174455,AI Data Center
491174455,Climate crisis
491174455,Environmental Issues
491174455,Public Safety
491174455,Government and Politics
491174455,Water Pollution
491174455,Global Warming
491174455,Transportation
491174455,Climate Change
491174455,Local Government
490847543,Business and Economy
490847543,Consumer Rights
490847543,Corporate Responsibility
490847543,Business Regulation
490847543,Economic Justice
490847543,Environmental Issues
490847543,Deforestation Prevention
490847543,Wildlife Biodiversity
490847543,Government and Politics
490847543,Local Government
490847543,Data center impact
490847543,Data center opposition
490847543,Data Center
490847543,Community Petitions
490847543,Corruption
490929525,Southflorida
490929525,savetheglades
490929525,Animal Rights and Conservation
490929525,Environmental Issues
490929525,Government and Politics
490929525,Endanged Species
490929525,Wildlife Conservation
490929525,Wildlife Biodiversity
490966655,Environmental Issues
490966655,Government and Politics
490966655,Technology
490966655,Water Pollution
490966655,Local Government
490966655,Regional Government
491173323,Environmental Issues
491173323,Public Safety
491173323,Technology
491173323,Land Use and Zoning
491173323,Climate Change
491173323,Water Pollution
491173323,Technology Regulation
491245880,Environmental Issues
491245880,Public Safety
491245880,Business and Economy
491245880,Land Use and Zoning
491245880,Wildlife Biodiversity
491245880,Water Pollution
491298382,Environmental Issues
491298382,Public Safety
491298382,Technology
491298382,Land Use and Zoning
491298382,Wildlife Biodiversity
491298382,Transportation
491298382,Water Pollution
491298382,Artificial Intelligence
491213592,Data Center Utah
491213592,Military
491213592,Environmental Issues
491213592,Government and Politics
491213592,Public Safety
491213592,Local Government
491213592,Air Pollution
491213592,Water Pollution
491248162,Environmental Issues
491248162,Public Safety
491248162,Technology
491248162,Land Use and Zoning
491248162,Air Pollution
491248162,Water Pollution
491248162,Artificial Intelligence
491309264,Environmental Issues
491309264,Government and Politics
491309264,Deforestation
491309264,Wildlife Biodiversity
491309264,Water Pollution
491309264,Data Centres
491309264,Big tech accountability
491215351,Environmental Issues
491215351,Government and Politics
491215351,Public Safety
491215351,Local Government
491215351,Water Pollution
491215351,Air Pollution
491215351,Land Use and Zoning
491307082,Environmental Issues
491307082,Technology
491307082,Public Safety
491307082,Technology Regulation
491307082,Climate Change
491307082,Water Pollution
491307082,AI
491215441,Government and Politics
491215441,Environmental Issues
491215441,Business and Economy
491215441,Corruption
491215441,Government Budget and Spending
491215441,Water Pollution
491215441,Local Government
491215441,Affordable Housing
491215441,Air Pollution
490689878,Environmental Issues
490689878,Government and Politics
490689878,Health and Well-Being
490689878,Water Pollution
490689878,Public Health
490689878,Data Center in Saint Charles
490689878,Data Center in St Charles
490689878,City Council Decisions
490689878,Project Cumulus
491047812,Community Petitions
491047812,Public Policy
491047812,Dinosaur Valley data center
491047812,Animal Rights and Conservation
491047812,Environmental Issues
491047812,Government and Politics
491047812,Wildlife Conservation
491047812,Water Pollution
491047812,Wildlife Biodiversity
491029572,Data Center
491029572,Warehouse
491029572,AI Data Center
491029572,Noise and Pollution
491029572,Animal Rights and Conservation
491029572,Environmental Issues
491029572,Technology
491029572,Air Pollution
491029572,Climate Change
491029572,Water Pollution
491187334,Public Safety
491187334,Government and Politics
491187334,Technology
491187334,Technology Regulation
491187334,Local Government
491187334,Consumer Protection
491044695,Business and Economy
491044695,Environmental Issues
491044695,Technology
491044695,Business Ethics
491044695,Air Pollution
491044695,Technology Regulation
491303882,Environmental Issues
491303882,Technology
491303882,Public Safety
491303882,Land Use and Zoning
491303882,Artificial Intelligence
491303882,Water Pollution
491203706,Public Safety
491203706,Environmental Issues
491203706,Government and Politics
491203706,Local Government
491203706,Climate Change
491203706,Land Use and Zoning
491239113,Data Center
491239113,property
491239113,East Brandywine
491239113,East Brandywine Township
491239113,East Brandywine Township Chester County
491239113,Public Safety
491239113,Government and Politics
491239113,Environmental Issues
491239113,Wildlife Biodiversity
491239113,Local Government
491239113,Land Use and Zoning
491225164,no data center
491225164,monroe township
491225164,Mechanicsburg Pa
491225164,Proposed Data Center
491225164,Public Safety
491225164,Environmental Issues
491225164,Government and Politics
491225164,Local Government
491225164,Water Pollution
491225164,Land Use and Zoning
491193029,Data Center
491193029,Data center tennessee
491193029,Government and Politics
491193029,Public Safety
491193029,Environmental Issues
491193029,Air Pollution
491193029,Land Use and Zoning
491193029,Local Government
491301863,Environmental Issues
491301863,Public Safety
491301863,Government and Politics
491301863,Land Use and Zoning
491301863,Wildlife Biodiversity
491301863,Water Pollution
491032597,Environmental Issues
491032597,Public Safety
491032597,Government and Politics
491032597,Wildlife Biodiversity
491032597,Climate Change
491032597,Land Use and Zoning
491032597,Deforestation
491032597,Transportation
491032597,Local Government
490928925,Environmental Issues
490928925,Government and Politics
490928925,Health and Well-Being
490928925,Water Pollution
490928925,Local Government
490928925,Public Health
490928925,Climate Change
490928925,Climate Change and Health
490928925,Air Pollution
490928925,Water Pollution in Local Waterways
491157128,Business and Economy
491157128,Business Regulation
491157128,Consumer Rights
491157128,Corporate Responsibility
491157128,Economic Justice
491157128,Government and Politics
491157128,Data Center
491157128,Data center opposition
491157128,AI Data Center
491157128,Infrastructure Costs
491157128,Community Petitions
491157128,Environmental Issues
491157128,Technology
491157128,Local Government
491157128,Regional Government
491157128,Technology Regulation
491157128,Water Pollution
491157128,Artificial Intelligence
491222322,Public Safety
491222322,Environmental Issues
491222322,Government and Politics
491222322,Water Pollution
491222322,Air Pollution
491222322,Land Use and Zoning
491306402,Environmental Issues
491306402,Public Safety
491306402,Government and Politics
491306402,Land Use and Zoning
491306402,Air Pollution
491306402,Water Pollution
491280003,Environmental Issues
491280003,Technology
491280003,Government and Politics
491280003,Air Pollution
491280003,Water Pollution
491280003,Technology Regulation
491280003,Wildlife Biodiversity
491280003,Local Government
491231100,Business and Economy
491231100,Environmental Issues
491231100,Government and Politics
491231100,Economic Justice
491231100,Corporate Responsibility
491231100,Consumer Rights
491216514,Environmental Issues
491216514,Technology
491216514,Government and Politics
491216514,Technology Regulation
491216514,Air Pollution
491216514,Water Pollution
491216514,Local Government
491057672,Business and Economy
491057672,Environmental Issues
491057672,Technology
491057672,Small Business Support
491057672,Artificial Intelligence
491057672,Technology Regulation
490787620,Environmental Issues
490787620,Health and Well-Being
490787620,Technology
490787620,Climate Change
490787620,Water Pollution
490787620,Technology Regulation
490787620,pollution
490787620,rural
490787620,Cost of Liv
491140958,Environmental Issues
491140958,Public Safety
491140958,Government and Politics
491140958,Wildlife Biodiversity
491140958,Water Pollution
491140958,Land Use and Zoning
491140958,Waste Management
491140958,Local Government
490976668,Environmental Issues
490976668,Government and Politics
490976668,Health and Well-Being
490976668,Water Pollution
490976668,Local Government
490992053,Environmental Issues
490992053,Government and Politics
490992053,Technology
490992053,Air Pollution
490992053,Artificial Intelligence
490992053,Technology Regulation
491018605,Business and Economy
491018605,Environmental Issues
491018605,Technology
491018605,Workers' Rights
491018605,Wildlife Biodiversity
491018605,Artificial Intelligence
491180607,Environmental Issues
491180607,Government and Politics
491180607,Technology
491180607,Local Government
491180607,Wildlife Biodiversity
491180607,Water Pollution
491025369,Environmental Issues
491025369,Public Safety
491025369,Government and Politics
491025369,Land Use and Zoning
491025369,Water Pollution
491025369,Air Pollution
490937048,Environmental Issues
490937048,Government and Politics
490937048,Technology
490937048,Water Pollution
490937048,Local Government
490937048,Technology Regulation
491162742,Data Center
491162742,lake okeechobee
491162742,florida
491162742,Environmental Issues
491162742,Public Safety
491162742,Government and Politics
491162742,Land Use and Zoning
491162742,Climate Change
491162742,Disasters and Emergency Management
491162742,Water Pollution
491162742,Local Government
491298130,Environmental Issues
491298130,Technology
491298130,Ethnic and Racial Minorities
491298130,Artificial Intelligence
491298130,Air Pollution
491298130,Water Pollution
491298130,Black Lives Matter
490787674,Water Pollution
490787674,Technology
490787674,Technology Regulation
490787674,Local Government
490787674,Environmental Protection Conservation Efforts
490787674,Air Pollution Prevention
490787674,Data Center
490787674,AI Data Center
491307968,Data Center
491307968,Boyd County
491307968,Environmental Issues
491307968,Public Safety
491307968,Technology
491307968,Traffic Safety
491307968,Water Pollution
491307968,Climate Change
491142276,Water consumption
491142276,Agriculture Protection
491142276,Environmental Issues
491142276,Public Safety
491142276,Technology
491142276,Technology Regulation
491142276,Land Use and Zoning
491142276,Deforestation
490968543,Environmental Issues
490968543,Government and Politics
490968543,Technology
490968543,Local Government
490968543,Artificial Intelligence
490968543,Technology Regulation
491249714,Government and Politics
491249714,Public Safety
491249714,Environmental Issues
491249714,Transportation
491249714,Land Use and Zoning
491249714,Local Government
491249714,Air Pollution
490772039,Animal Rights and Conservation
490772039,Environmental Issues
490772039,Government and Politics
490772039,Wildlife Conservation
490772039,Air Pollution
490772039,Plant Biodiversity
490772039,water conservation
490772039,conservation and environment
490772039,gardening resources
490772039,backyard gardens
490772039,Wedding Venue
491224328,Environmental Issues
491224328,Health and Well-Being
491224328,Air Pollution
491224328,Water Pollution
491224328,Climate Change
491020906,Data Center Proposal
491020906,botetourt
491020906,AI Data Center
491020906,Environmental Issues
491020906,Government and Politics
491020906,Technology
491020906,Local Government
491020906,Artificial Intelligence
491020906,Technology Regulation
491014046,Business and Economy
491014046,Government and Politics
491014046,Technology
491014046,Business Regulation
491014046,Local Government
491014046,Technology Regulation
491014046,Data Center Proposal
491195459,Environmental Issues
491195459,Public Safety
491195459,Technology
491195459,Land Use and Zoning
491195459,Air Pollution
491195459,Water Pollution
490756578,community
490756578,environmental
490756578,Environmental Issues
490756578,Government and Politics
490756578,Technology
490756578,Local Government
490756578,Artificial Intelligence
490756578,Technology Regulation
491237975,Environmental Issues
491237975,Public Safety
491237975,Government and Politics
491237975,Land Use and Zoning
491237975,Air Pollution
491237975,Water Pollution
490667038,Environmental Issues
490667038,Government and Politics
490667038,Technology
490667038,Air Pollution
490667038,Water Pollution
490667038,Technology Regulation
491227632,Environmental Issues
491227632,Public Safety
491227632,Business and Economy
491227632,Climate Change
491227632,Water Pollution
491227632,Land Use and Zoning
491227632,Deforestation
491227632,Economic Justice
490722539,Business and Economy
490722539,Environmental Issues
490722539,Government and Politics
490722539,Corporate Responsibility
490722539,Climate Change
490722539,Local Government
490722539,Data Center
490722539,Quarry
491182945,Environmental Issues
491182945,Technology
491182945,Water Pollution
491182945,Local Government
491182945,Technology Regulation
491058845,Environmental Issues
491058845,Health and Well-Being
491058845,Technology
491058845,Public Health
491058845,Air Pollution
491058845,Water Pollution
33615231,Environment
33615231,power lines
33615231,Amazon
33615231,Technology
33615231,Business Regulation
33615231,Corporate Responsibility
33615231,Local Government
33615231,Environmental Issues
33615231,Regional Government
33615231,Business Ethics
33615231,Business and Economy
33615231,Government and Politics
33615231,Technology Regulation
490919794,Environmental Issues
490919794,Government and Politics
490919794,Technology
490919794,Air Pollution
490919794,Climate Change
490919794,Local Government
490846390,Animal Rights and Conservation
490846390,Environmental Issues
490846390,Technology
490846390,Water Pollution
490846390,Artificial Intelligence
490846390,Technology Regulation
491197433,Environmental Issues
491197433,Technology
491197433,Government and Politics
491197433,Local Government
491197433,Artificial Intelligence
491197433,Water Pollution
491193189,Data Center
491193189,Data Centers
491193189,data center Nevada
491193189,Nevada data centers
491193189,Tahoe Reno Industrial Center
491193189,Tahoe Reno Industrial Center TRIC
491193189,TRIC
491193189,Switch
491193189,Vantage Data Centers
491193189,Novva Data Centers
491193189,EdgeCore Digital Infrastructure
491193189,Quest Technology Management
491193189,Power Usage
491193189,water usage
491193189,Environmental Issues
491193189,Technology
491193189,Government and Politics
491193189,Technology Regulation
491193189,Air Pollution
491193189,Water Pollution
491203640,Public Safety
491203640,Environmental Issues
491203640,Government and Politics
491203640,Waste Management
491203640,Transportation
491203640,Land Use and Zoning
491242061,Public Safety
491242061,Environmental Issues
491242061,Technology
491242061,Water Pollution
491242061,Disasters and Emergency Management
491242061,Land Use and Zoning
491268673,Environmental Issues
491268673,Public Safety
491268673,Business and Economy
491268673,Labor and Employment Rights
491268673,Land Use and Zoning
491268673,Climate Change
491221655,Data Center
491221655,Public Safety
491221655,Environmental Issues
491221655,Technology
491221655,Technology Regulation
491221655,Water Pollution
491221655,Land Use and Zoning
490180336,Environmental Issues
490180336,Public Safety
490180336,Technology
490180336,Land Use and Zoning
490180336,Water Pollution
490180336,Air Pollution
490973997,Data Center Proposal
490973997,Deny Data Center
490973997,Environmental Issues
490973997,Government and Politics
490973997,Technology
490973997,Air Pollution
490973997,Water Pollution
490973997,Local Government
490956861,lowndes county
490956861,Environmental Issues
490956861,Public Safety
490956861,Government and Politics
490956861,Wildlife Biodiversity
490956861,Climate Change
490956861,Transportation
490956861,Water Pollution
490956861,Local Government
491177537,Environmental Impact Review
491177537,Artificial Intelligience
491177537,Data Center
491177537,infrastructure
491177537,Environmental Issues
491177537,Public Safety
491177537,Technology
491177537,Artificial Intelligence
491177537,Land Use and Zoning
491177537,Water Pollution
491298400,Environmental Issues
491298400,Technology
491298400,Government and Politics
491298400,Local Government
491298400,Artificial Intelligence
491298400,Water Pollution
491211102,Environmental Issues
491211102,Government and Politics
491211102,Business and Economy
491211102,Corporate Responsibility
491211102,Government Budget and Spending
491211102,Climate Change
490975543,Environmental Issues
490975543,Health and Well-Being
490975543,Technology
490975543,Air Pollution
490975543,Public Health
490975543,Technology Regulation
491066030,Environmental Issues
491066030,Government and Politics
491066030,Technology
491066030,Water Pollution
491066030,Local Government
491066030,Technology Regulation
491057136,no data center
491057136,Brantley County
491057136,georgia
491057136,Protect Our Waters
491057136,Protect Our Rivers
491057136,Save Brantley County
491057136,No Data Centers in Brantley
491057136,Say No To Data Centers
491057136,Environmental Issues
491057136,Technology
491057136,Public Safety
491057136,Technology Regulation
491057136,Climate Change
491057136,Water Pollution
37852375,Environment
37852375,Business and Economy
37852375,Environmental Issues
37852375,Government and Politics
491238630,Environmental Issues
491238630,Public Safety
491238630,Technology
491238630,Land Use and Zoning
491238630,Water Pollution
491238630,Air Pollution
490831955,Government and Politics
490831955,Health and Well-Being
490831955,Public Safety
490831955,Local Government
490831955,Land Use and Zoning
490831955,Transportation
490959785,Environmental Issues
490959785,Government and Politics
490959785,Technology
490959785,Local Government
490959785,Artificial Intelligence
490959785,Technology Regulation
490959785,AI Data Center
490953538,Environmental Issues
490953538,Government and Politics
490953538,Technology
490953538,Government Budget and Spending
490953538,Local Government
490953538,Technology Regulation
491023047,Environmental Issues
491023047,Public Safety
491023047,Technology
491023047,Land Use and Zoning
491023047,Water Pollution
491023047,Air Pollution
490910388,Business and Economy
490910388,Environmental Issues
490910388,Technology
490910388,Economic Justice
490910388,Water Pollution
490910388,Technology Regulation
490975879,Environmental Issues
490975879,Government and Politics
490975879,Health and Well-Being
490975879,Air Pollution
490975879,Climate Change
490975879,Global Warming
491173463,Environmental Issues
491173463,Public Safety
491173463,Government and Politics
491173463,Traffic Safety
491173463,Water Pollution
491173463,Transportation
491173463,Climate Change
491173463,Local Government
491302339,missouri
491302339,River Safety
491302339,Water Protections
491302339,Stop Data Centers
491302339,Salem Missouri
491302339,Environmental threat
491302339,Farmland Protection
491302339,Wildlife Safety
491302339,Environmental Issues
491302339,Public Safety
491302339,Wildlife Biodiversity
491302339,Air Pollution
491302339,Water Pollution
490883925,Data Centers
490883925,community benefit agreement
490883925,community outreach
490883925,Government Transparency
490883925,collaborative local government
490883925,Environmental Issues
490883925,Government and Politics
490883925,Technology
490883925,Global Social Justice Issues
490883925,Local Government
490883925,Technology Regulation
491227375,Environmental Issues
491227375,Public Safety
491227375,Government and Politics
491227375,Land Use and Zoning
491227375,Wildlife Biodiversity
491227375,Waste Management
491207078,Environmental Issues
491207078,Public Safety
491207078,Government and Politics
491207078,Land Use and Zoning
491207078,Air Pollution
491207078,Water Pollution
491002525,Community Petitions
491002525,Public Policy
491002525,Environmental Issues
491002525,Government and Politics
491002525,Public Safety
491002525,Water Pollution
491002525,Local Government
491002525,Land Use and Zoning
491002525,Technology
491002525,Global Social Justice Issues
491002525,National Government
491002525,Technology Regulation
491145589,Public Safety
491145589,Government and Politics
491145589,Land Use and Zoning
491145589,Air Pollution
490663658,AI
490663658,delta
490663658,Data
490663658,infastructure
490663658,community
490663658,government
490663658,Environmental Issues
490663658,Government and Politics
490663658,Technology
490663658,Global Social Justice Issues
490663658,Local Government
490663658,Artificial Intelligence
490975147,Environmental Issues
490975147,Government and Politics
490975147,Technology
490975147,Water Pollution
490975147,Local Government
490975147,Regional Government
490761969,Business and Economy
490761969,Environmental Issues
490761969,Technology
490761969,Business Ethics
490761969,Artificial Intelligence
490761969,Technology Regulation
490761969,Data Center Corruption
490959854,AI Data Center
490959854,Environmental Issues
490959854,Health and Well-Being
490959854,Technology
490959854,Air Pollution
490959854,Public Health
490959854,Artificial Intelligence
490847436,Environmental Issues
490847436,Government and Politics
490847436,Technology
490847436,Water Pollution
490847436,Local Government
490847436,Artificial Intelligence
491214173,Government and Politics
491214173,Environmental Issues
491214173,Public Safety
491214173,Traffic Safety
491214173,Climate Change
491214173,Local Government
490867568,Environmental Issues
490867568,Government and Politics
490867568,Technology
490867568,Water Pollution
490867568,Local Government
490867568,Technology Regulation
490867568,air quality
490867568,taxes
490867568,Security Issues
491190078,Environmental Issues
491190078,Public Safety
491190078,Government and Politics
491190078,Air Pollution
491190078,Climate Change
491190078,Water Pollution
491340526,Environmental Issues
491340526,Animal Rights and Conservation
491340526,Technology
491340526,Wildlife Biodiversity
491340526,Water Pollution
491340526,Air Pollution
491377862,energy usage
491377862,Environmental Issues
491377862,Technology
491377862,Business and Economy
491377862,Technology Regulation
491377862,Wildlife Biodiversity
491377862,Water Pollution
491322730,Technology
491322730,Environmental Issues
491322730,Health and Well-Being
491322730,Climate Change
491322730,Technology Regulation
491322730,Artificial Intelligence
491054088,AI Data Center
491054088,pollution
491054088,AI
491054088,Environmental threat
491054088,regulations
491054088,Environmental Issues
491054088,Government and Politics
491054088,Technology
491054088,Climate Change
491054088,Artificial Intelligence
491054088,Technology Regulation
491302186,Technology
491302186,Environmental Issues
491302186,Government and Politics
491302186,Water Pollution
491302186,Technology Regulation
491302186,Artificial Intelligence
491354285,Public Safety
491354285,Government and Politics
491354285,Environmental Issues
491354285,Air Pollution
491354285,Local Government
491354285,Land Use and Zoning
491354285,No More Data Centers
491257310,Environmental Issues
491257310,Government and Politics
491257310,Technology
491257310,Water Pollution
491257310,Waste Management
491257310,Local Government
491257310,Air Pollution
491257310,Technology Regulation
491317706,Public Safety
491317706,Government and Politics
491317706,Environmental Issues
491317706,Water Pollution
491317706,Local Government
491317706,Land Use and Zoning
491429636,Environmental Issues
491429636,Technology
491429636,Government and Politics
491429636,Artificial Intelligence
491429636,Water Pollution
491429636,Climate Change
491361649,Environmental Issues
491361649,Technology
491361649,Government and Politics
491361649,Technology Regulation
491361649,Climate Change
491361649,Water Pollution
491406334,Environmental Issues
491406334,Technology
491406334,Water Pollution
491406334,Artificial Intelligence
491406334,Climate Change
491062855,AI
491062855,Data center opposition
491062855,Environmental Issues
491062855,Government and Politics
491062855,Technology
491062855,Water Pollution
491062855,Local Government
491062855,Artificial Intelligence
491189738,Environmental Issues
491189738,Technology
491189738,Public Safety
491189738,Wildlife Biodiversity
491189738,Climate Change
491189738,Artificial Intelligence
491189738,Water Pollution
491189738,Land Use and Zoning
491189738,Technology Regulation
491340628,michigan
491340628,AI DATA CENTER BAN
491340628,Environmental Issues
491340628,Technology
491340628,Government and Politics
491340628,Artificial Intelligence
491340628,Wildlife Biodiversity
491340628,Deforestation
491392649,Environmental Issues
491392649,Government and Politics
491392649,Business and Economy
491392649,Local Government
491392649,Water Pollution
491392649,Climate Change
491061676,Environmental Issues
491061676,Government and Politics
491061676,Technology
491061676,Local Government
491061676,Artificial Intelligence
491061676,Technology Regulation
491308475,Environmental Issues
491308475,Technology
491308475,Government and Politics
491308475,Artificial Intelligence
491308475,Climate Change
491308475,Water Pollution
491366024,Missouri Data Centers
491366024,Environmental Issues
491366024,Technology
491366024,Public Safety
491366024,Wildlife Biodiversity
491366024,Water Pollution
491366024,Artificial Intelligence
491366024,Air Pollution
491366024,Traffic Safety
491366024,Technology Regulation
491335135,Environmental Issues
491335135,Public Safety
491335135,Technology
491335135,Technology Regulation
491335135,Land Use and Zoning
491335135,Water Pollution
491380617,Technology
491380617,Environmental Issues
491380617,Government and Politics
491380617,Water Pollution
491380617,Technology Regulation
491380617,Data Privacy
491411633,Environmental Issues
491411633,Technology
491411633,Animal Rights and Conservation
491411633,Climate Change
491411633,Deforestation
491411633,Technology Regulation
491411633,Water Pollution
491411633,Wildlife Conservation
491318125,Public Safety
491318125,Government and Politics
491318125,Technology
491318125,Technology Regulation
491318125,Local Government
491318125,Land Use and Zoning
491326461,Environmental Issues
491326461,Public Safety
491326461,Technology
491326461,Disasters and Emergency Management
491326461,Wildlife Biodiversity
491326461,Air Pollution
491195962,Environmental Issues
491195962,Public Safety
491195962,Technology
491195962,Land Use and Zoning
491195962,Water Pollution
491195962,Climate Change
491292551,Environmental Issues
491292551,Public Safety
491292551,Government and Politics
491292551,Water Pollution
491292551,Air Pollution
491292551,Climate Change
491234536,Environmental Issues
491234536,Technology
491234536,Water Pollution
491234536,Artificial Intelligence
491234536,Climate Change
490818932,Environmental Issues
490818932,Government and Politics
490818932,Technology
490818932,Air Pollution
490818932,Local Government
490818932,Technology Regulation
491221770,Environmental Issues
491221770,Public Safety
491221770,Government and Politics
491221770,Land Use and Zoning
491221770,Climate Change
491221770,Water Pollution
491393014,Environmental Issues
491393014,Public Safety
491393014,Business and Economy
491393014,Corporate Responsibility
491393014,Consumer Protection
491393014,Water Pollution
491341083,Environmental Issues
491341083,Technology
491341083,Public Safety
491341083,Technology Regulation
491341083,Climate Change
491341083,Water Pollution
491311826,Environmental Issues
491311826,Public Safety
491311826,Government and Politics
491311826,Land Use and Zoning
491311826,Air Pollution
491311826,Water Pollution
491354444,Environmental Issues
491354444,Public Safety
491354444,Technology
491354444,Technology Regulation
491354444,Land Use and Zoning
491354444,Water Pollution
491363352,Environmental Issues
491363352,Government and Politics
491363352,Technology
491363352,Local Government
491363352,Climate Change
491363352,Water Pollution
491377841,Data Centers
491377841,iowa
491377841,Mass surveillance
491377841,Data centers iowa
491377841,PeopleOverPolitics
491377841,Peoples Choice
491377841,Government and Politics
491377841,iowa civil rights
491377841,Iowa DOT
491377841,Dubuque
491377841,Environmental Issues
491377841,Technology
491377841,Public Safety
491377841,Data Privacy
491377841,Air Pollution
491377841,Climate Change
491302206,Environmental Issues
491302206,Technology
491302206,Government and Politics
491302206,Technology Regulation
491302206,Water Pollution
491302206,Climate Change
491306342,Environmental Issues
491306342,Public Safety
491306342,Technology
491306342,Technology Regulation
491306342,Air Pollution
491306342,Water Pollution
491326153,Environmental Issues
491326153,Public Safety
491326153,Technology
491326153,Land Use and Zoning
491326153,Water Pollution
491326153,Climate Change
491246138,Environmental Issues
491246138,Public Safety
491246138,Technology
491246138,Land Use and Zoning
491246138,Climate Change
491246138,Water Pollution
491246138,Data Centers
491337231,Environmental Issues
491337231,Public Safety
491337231,Technology
491337231,Land Use and Zoning
491337231,Wildlife Biodiversity
491337231,Water Pollution
491337231,water scarcity
491337231,climate
491337231,Health concerns
491337231,noise pollution
491363391,Environmental Issues
491363391,Technology
491363391,Government and Politics
491363391,Technology Regulation
491363391,Climate Change
491363391,Water Pollution
491264221,Environmental Issues
491264221,Public Safety
491264221,Government and Politics
491264221,Land Use and Zoning
491264221,Wildlife Biodiversity
491264221,Climate Change
491264221,no data centers
491264221,NO DATA
491264221,Calvert County
491264221,Charles County
491264221,St Marys county
491264221,St Marys
491174403,Nodatacenters
491174403,data centers maryland
491174403,Data Centers
491174403,St Marys county
491174403,Environmental Issues
491174403,Public Safety
491174403,Government and Politics
491174403,Water Pollution
491174403,Air Pollution
491174403,Climate Change
491297163,Environmental Issues
491297163,Government and Politics
491297163,Technology
491297163,Local Government
491297163,Water Pollution
491297163,Climate Change
491297163,Technology Regulation
491380559,Environmental Issues
491380559,Technology
491380559,Water Pollution
491380559,Technology Regulation
491309980,Public Safety
491309980,Technology
491309980,Government and Politics
491309980,Local Government
491309980,Technology Regulation
491309980,Land Use and Zoning
491309980,Data Center
491309980,Data Centers Harmful
491309980,Data Centers
491309980,Community Petitions
490856850,Business and Economy
490856850,Consumer Rights
490856850,Corporate Responsibility
490856850,Economic Justice
490856850,Environmental Issues
490856850,Government and Politics
490856850,National Government
490856850,Community Petitions
490856850,Technology
490856850,Technology Regulation
490856850,Data Center
490856850,big tech
490856850,Data
490856850,AI
490856850,artificial inteligence
490856850,Local Government
490856850,Artificial Intelligence
491370619,Environmental Issues
491370619,Public Safety
491370619,Technology
491370619,Land Use and Zoning
491370619,Climate Change
491370619,Water Pollution
491361254,Environmental Issues
491361254,Public Safety
491361254,Technology
491361254,Land Use and Zoning
491361254,Water Pollution
491361254,Climate Change
491402466,Environmental Issues
491402466,Public Safety
491402466,Water Pollution
491402466,Land Use and Zoning
491402466,Wildlife Biodiversity
491197487,Public Safety
491197487,Environmental Issues
491197487,Government and Politics
491197487,Local Government
491197487,Air Pollution
491197487,Land Use and Zoning
491314244,Environmental Issues
491314244,Public Safety
491314244,Government and Politics
491314244,Land Use and Zoning
491314244,Climate Change
491314244,Water Pollution
491303038,Environmental Issues
491303038,Public Safety
491303038,Government and Politics
491303038,Land Use and Zoning
491303038,Water Pollution
491303038,Climate Change
491327020,Environmental Issues
491327020,Public Safety
491327020,Government and Politics
491327020,Land Use and Zoning
491327020,Waste Management
491327020,Water Pollution
491313533,Environmental Issues
491313533,Water Pollution
491313533,Wildlife Biodiversity
491313983,Environmental Issues
491313983,Public Safety
491313983,Technology
491313983,Land Use and Zoning
491313983,Water Pollution
491313983,Climate Change
491404091,Environmental Issues
491404091,Technology
491404091,Public Safety
491404091,Data Privacy
491404091,Artificial Intelligence
491404091,Water Pollution
491404091,Consumer Protection
491342573,Public Safety
491342573,Government and Politics
491342573,Environmental Issues
491342573,Water Pollution
491342573,Local Government
491342573,Land Use and Zoning
491371911,Business and Economy
491371911,Business Regulation
491371911,Consumer Rights
491371911,Corporate Responsibility
491371911,Economic Justice
491371911,Government and Politics
491371911,Data Center
491371911,Data center opposition
491371911,AI Data Center
491371911,Infrastructure Costs
491371911,Community Petitions
491371911,Environmental Issues
491371911,Technology
491371911,Local Government
491371911,Regional Government
491371911,Technology Regulation
491371911,Artificial Intelligence
491371911,Wildlife Biodiversity
490909875,Business and Economy
490909875,Affordable Housing
490909875,Business Ethics
490909875,Business Regulation
490909875,Consumer Rights
490909875,Corporate Responsibility
490909875,Economic Justice
490909875,Data center impact
490909875,energy bills
490909875,Utility Overcharges
490909875,Utility Reform
490909875,Community Petitions
490909875,Government and Politics
490909875,Technology
490909875,Corruption
490909875,Technology Regulation
491321260,Environmental Issues
491321260,Health and Well-Being
491321260,Technology
491321260,Public Health
491321260,Water Pollution
491321260,Air Pollution
491321260,Artificial Intelligence
491403902,Public Safety
491403902,Technology
491403902,Government and Politics
491403902,Local Government
491403902,Technology Regulation
491403902,Land Use and Zoning
491403902,Community Petitions
491368971,Environmental Issues
491368971,Public Safety
491368971,Business and Economy
491368971,Land Use and Zoning
491368971,Air Pollution
491368971,Climate Change
491417408,Environmental Issues
491417408,Public Safety
491417408,Government and Politics
491417408,Local Government
491417408,Land Use and Zoning
491417408,Water Pollution
491417408,Community Petitions
490017344,Environmental Issues
490017344,Government and Politics
490017344,Technology
490017344,Plant Biodiversity
490017344,Wildlife Biodiversity
490017344,Local Government
491344244,Environmental Issues
491344244,Public Safety
491344244,Government and Politics
491344244,Land Use and Zoning
491344244,Water Pollution
491344244,Air Pollution
491299011,Business and Economy
491299011,Technology
491299011,Government and Politics
491299011,Artificial Intelligence
491299011,Economic Justice
491299011,Technology Regulation
491299011,Labor and Employment Rights
491299011,Local Government
491367565,Business and Economy
491367565,Government and Politics
491367565,Technology
491367565,Economic Justice
491367565,Small Business Support
491367565,Local Government
491367565,Labor and Employment Rights
491367565,Technology Regulation
491367565,Government Budget and Spending
490953485,Government and Politics
490953485,Health and Well-Being
490953485,Technology
490953485,Local Government
490953485,Regional Government
490953485,Technology Regulation
491342779,Environmental Issues
491342779,Technology
491342779,Government and Politics
491342779,Technology Regulation
491342779,Air Pollution
491342779,Water Pollution
491178585,Environmental Issues
491178585,Government and Politics
491178585,Public Safety
491178585,Local Government
491178585,Climate Change
491178585,Water Pollution
491078067,politic
491078067,water
491078067,energy
491078067,Ranch
491078067,safety
491078067,security
491078067,Environmental Issues
491078067,Government and Politics
491078067,Technology
491078067,Local Government
491078067,National Government
491078067,Technology Regulation
491239427,Environmental Issues
491239427,Public Safety
491239427,Government and Politics
491239427,Traffic Safety
491239427,Climate Change
491239427,Water Pollution
491424175,Public Safety
491424175,Environmental Issues
491424175,Government and Politics
491424175,Local Government
491424175,Water Pollution
491424175,Land Use and Zoning
491358260,Environmental Issues
491358260,Public Safety
491358260,Technology
491358260,Technology Regulation
491358260,Land Use and Zoning
491358260,Air Pollution
490589739,Environmental Issues
490589739,Government and Politics
490589739,Technology
490589739,Local Government
490589739,Regional Government
490589739,Technology Regulation
491227543,Environmental Issues
491227543,Water Pollution
491237964,Environmental Issues
491237964,Technology
491237964,Climate Change
491237964,Technology Regulation
491237964,Wildlife Biodiversity
491237964,Water Pollution
491366630,Environmental Issues
491366630,Technology
491366630,Government and Politics
491366630,Local Government
491366630,Artificial Intelligence
491366630,Water Pollution
491349190,Public Safety
491349190,Environmental Issues
491349190,Technology
491349190,Artificial Intelligence
491349190,Water Pollution
491349190,Land Use and Zoning
491379536,New Mexico
491379536,Data Centers
491379536,Environmental Issues
491379536,Public Safety
491379536,Technology
491379536,Land Use and Zoning
491379536,Air Pollution
491379536,Water Pollution
491240941,Public Safety
491240941,Government and Politics
491240941,Technology
491240941,Freedom of Information
491240941,Local Government
491240941,Land Use and Zoning
491240941,Technology Regulation
491331300,Environmental Issues
491331300,Public Safety
491331300,Technology
491331300,Wildlife Biodiversity
491331300,Air Pollution
491331300,Consumer Protection
491331300,Water Pollution
491331300,Technology Regulation
491331304,Environmental Issues
491331304,Technology
491331304,Public Safety
491331304,Technology Regulation
491331304,Air Pollution
491331304,Water Pollution
491179240,Government and Politics
491179240,Environmental Issues
491179240,Public Safety
491179240,Water Pollution
491179240,Elections & Voter Rights
491179240,Local Government
491326251,Business and Economy
491326251,Business Regulation
491326251,Consumer Rights
491326251,Corporate Responsibility
491326251,Economic Justice
491326251,Government and Politics
491326251,Data Center
491326251,Data center opposition
491326251,AI Data Center
491326251,Infrastructure Costs
491326251,Community Petitions
491326251,Environmental Issues
491326251,Technology
491326251,Local Government
491326251,Regional Government
491326251,Technology Regulation
491326251,Climate Change
491326251,Government Budget and Spending
491326251,Artificial Intelligence
491170388,Public Safety
491170388,Government and Politics
491170388,Business and Economy
491170388,Business Regulation
491170388,Local Government
491170388,Land Use and Zoning
491329358,Technology
491329358,Environmental Issues
491329358,Public Safety
491329358,Land Use and Zoning
491329358,Climate Change
491329358,Technology Regulation
491332901,Business and Economy
491332901,Technology
491332901,Government and Politics
491332901,Artificial Intelligence
491332901,Consumer Rights
491332901,Business Regulation
490885608,Community Petitions
490885608,Technology
490885608,Technology Regulation
490885608,Environmental Issues
490885608,Government and Politics
490885608,Water Pollution
490885608,Local Government
490885608,Data Centers
490885608,Global Social Justice Issues
490885608,Artificial Intelligence
490591680,Environmental Issues
490591680,Government and Politics
490591680,Technology
490591680,Government Budget and Spending
490591680,Local Government
490591680,Technology Regulation
491372429,Environmental Issues
491372429,Animal Rights and Conservation
491372429,Public Safety
491372429,Endanged Species
491372429,Wildlife Biodiversity
491372429,Water Pollution
491166615,Government and Politics
491166615,Environmental Issues
491166615,Technology
491166615,Water Pollution
491166615,Land Use and Zoning
491166615,Local Government
490784395,Environmental Issues
490784395,Government and Politics
490784395,Public Safety
490784395,Air Pollution
490784395,Water Pollution
490784395,Land Use and Zoning
491015712,Business and Economy
491015712,Government and Politics
491015712,Technology
491015712,Small Business Support
491015712,Workers' Rights
491015712,Local Government
491008318,Environmental Issues
491008318,Government and Politics
491008318,Technology
491008318,Air Pollution
491008318,Water Pollution
491008318,Local Government
491217497,Environmental Issues
491217497,Public Safety
491217497,Technology
491217497,Technology Regulation
491217497,Land Use and Zoning
491217497,Water Pollution
490840679,Environmental Issues
490840679,Government and Politics
490840679,Technology
490840679,Water Pollution
490840679,Local Government
490840679,Technology Regulation
491216271,Public Safety
491216271,Technology
491216271,Government and Politics
491216271,Local Government
491216271,Technology Regulation
491216271,Land Use and Zoning
491416234,Government and Politics
491416234,Public Safety
491416234,Technology
491416234,Technology Regulation
491416234,Land Use and Zoning
491416234,Local Government
491301786,Environmental Issues
491301786,Health and Well-Being
491301786,Government and Politics
491301786,Local Government
491301786,Public Health
491301786,Waste Management
491301786,data center missouri
491332108,Technology
491332108,Government and Politics
491332108,Public Safety
491332108,Local Government
491332108,Artificial Intelligence
491332108,Military
491332108,Data Privacy
491332108,Police Reform
491348536,Environmental Issues
491348536,Technology
491348536,Public Safety
491348536,Artificial Intelligence
491348536,Wildlife Biodiversity
491348536,Climate Change
491348536,Land Use and Zoning
490992775,Community Petitions
490992775,Environmental Issues
490992775,Water Pollution Prevention
490992775,Waste Management
490992775,Technology Regulation
490992775,Animal Rights and Conservation
490992775,Technology
490992775,Water Pollution
490946420,Environmental Issues
490946420,Government and Politics
490946420,Technology
490946420,Local Government
490946420,Regional Government
490946420,Technology Regulation
491410190,Environmental Issues
491410190,Government and Politics
491410190,Public Safety
491410190,Local Government
491410190,Air Pollution
491410190,Water Pollution
491361292,Environmental Issues
491361292,Government and Politics
491361292,Technology
491361292,Technology Regulation
491361292,Local Government
491361292,Water Pollution
491391956,Environmental Issues
491391956,Government and Politics
491391956,Public Safety
491391956,Air Pollution
491391956,Water Pollution
491391956,Local Government
491391956,Climate Change
491391956,Land Use and Zoning
491391956,Business Regulation
491159129,Environmental Issues
491159129,Technology
491159129,Government and Politics
491159129,Data Privacy
491159129,Climate Change
491159129,Cybersecurity
491159129,Water Pollution
491159129,National Government
491159129,Technology Regulation
491426855,Air Pollution Prevention
491426855,data centers Henderson
491426855,Wildlife Conservation
491426855,water reclaimation
491426855,Indivisible Henderson-Boulder City
491426855,Handmaids of Las Vegas
491426855,community rights
491426855,Henderson NV
491426855,Environmental Issues
491426855,Public Safety
491426855,Government and Politics
491426855,Land Use and Zoning
491426855,Wildlife Biodiversity
491426855,Air Pollution
491426855,Local Government
491193951,electric bill increase for demand
491193951,water scarcity
491193951,electricity
491193951,Environmental Issues
491193951,Public Safety
491193951,Government and Politics
491193951,Disasters and Emergency Management
491193951,Water Pollution
491193951,Air Pollution
491392090,Environmental Issues
491392090,Government and Politics
491392090,Technology
491392090,Local Government
491392090,Climate Change
491392090,Government Budget and Spending
491392090,Water Pollution
491392090,Technology Regulation
491392090,Community Petitions
491365030,Government and Politics
491365030,Environmental Issues
491365030,Business and Economy
491365030,Wildlife Biodiversity
491365030,Freedom of Information
491365030,Local Government
491365030,Community Petititons
491376549,Environmental Issues
491376549,Government and Politics
491376549,Public Safety
491376549,Land Use and Zoning
491376549,Local Government
491376549,Water Pollution
491001991,Business and Economy
491001991,Business Regulation
491001991,Consumer Rights
491001991,Corporate Responsibility
491001991,Economic Justice
491001991,Environmental Issues
491001991,Water Pollution Prevention
491001991,water conservation
491001991,Data Center
491001991,Data Centers Harmful
491001991,Indiana Legislation
491001991,Environmental Oversight
491001991,Community Petitions
491001991,Government and Politics
491001991,Technology
491001991,Local Government
491001991,National Government
491001991,Technology Regulation
491002623,Business and Economy
491002623,Business Regulation
491002623,Consumer Rights
491002623,Corporate Responsibility
491002623,Economic Justice
491002623,Environmental Issues
491002623,Data Center
491002623,Data Center Proposal
491002623,Data Centers Harmful
491002623,Data Centers
491002623,Community Petitions
491002623,Government and Politics
491002623,Technology
491002623,Local Government
491002623,National Government
491002623,Technology Regulation
491425776,Environmental Issues
491425776,Community Petitions
491425776,Data Center
491237474,Environmental Issues
491237474,Government and Politics
491237474,Business and Economy
491237474,Corporate Responsibility
491237474,Local Government
491237474,Water Pollution
491237474,Community Petitions
491312979,Business and Economy
491312979,Environmental Issues
491312979,Government and Politics
491312979,Corporate Responsibility
491312979,Workers' Rights
491312979,Climate Change
491312979,Business Regulation
491312979,Local Government
491312979,Community Petitions
491404959,Environmental Issues
491404959,Government and Politics
491404959,Business and Economy
491404959,Corporate Responsibility
491404959,Local Government
491404959,Air Pollution
491404959,Community Petitions
491307785,Environmental Issues
491307785,Technology
491307785,Government and Politics
491307785,Technology Regulation
491307785,Air Pollution
491307785,Water Pollution
491307785,Data Centers
491307785,AI
491307785,AI Data Center
490833725,Environmental Issues
490833725,Government and Politics
490833725,Health and Well-Being
490833725,Air Pollution
490833725,Climate Change
490833725,Public Health
491385067,Public Safety
491385067,Environmental Issues
491385067,Government and Politics
491385067,Local Government
491385067,Air Pollution
491385067,Land Use and Zoning
491385067,Community Petitions
491408287,Business and Economy
491408287,Government and Politics
491408287,Education
491408287,Government Budget and Spending
491408287,Corporate Responsibility
491408287,Business Regulation
491408287,Community Petitions
491310880,Public Safety
491310880,Government and Politics
491310880,Environmental Issues
491310880,Air Pollution
491310880,Local Government
491310880,Land Use and Zoning
491310880,Community Petitions
491426592,Environmental Issues
491426592,Public Safety
491426592,Technology
491426592,Land Use and Zoning
491426592,Air Pollution
491426592,Water Pollution
491412740,Public Safety
491412740,Environmental Issues
491412740,Government and Politics
491412740,Local Government
491412740,Water Pollution
491412740,Land Use and Zoning
491317952,Government and Politics
491317952,Technology
491317952,Business and Economy
491317952,Data Privacy
491317952,Government Budget and Spending
491317952,Local Government
490983814,Data Center Proposal
490983814,data center missouri
490983814,Business and Economy
490983814,Government and Politics
490983814,Technology
490983814,Local Government
490983814,Data Privacy
491113681,Data Center
491113681,sangamon county
491113681,Environmental Issues
491113681,Government and Politics
491113681,Technology
491113681,Local Government
491113681,Regional Government
491113681,Technology Regulation
491364370,Local Community Change
491364370,land use permits
491364370,data centers FL
491364370,Largo Fl
491364370,Pinellas Park FL
491364370,Pinellas County FL
491364370,local government and politics
491364370,Public Safety
491364370,Environmental Issues
491364370,Government and Politics
491364370,Local Government
491364370,Air Pollution
491364370,Land Use and Zoning
490961264,Environmental Issues
490961264,Ethnic and Racial Minorities
490961264,Government and Politics
490961264,Air Pollution
490961264,Black Lives Matter
490961264,Local Government
491334561,Public Safety
491334561,Environmental Issues
491334561,Government and Politics
491334561,Local Government
491334561,Air Pollution
491334561,Land Use and Zoning
491400525,Community Petitions
491400525,Environmental Issues
491400525,Public Safety
491400525,Technology
491400525,Artificial Intelligence
491400525,Public Health
491400525,Air Pollution
491002952,Environmental Issues
491002952,Government and Politics
491002952,Technology
491002952,Local Government
491002952,Regional Government
491002952,Artificial Intelligence
491012998,Environmental Issues
491012998,Government and Politics
491012998,Technology
491012998,Wildlife Biodiversity
491012998,Local Government
491012998,Technology Regulation
491362943,Environmental Issues
491362943,Public Safety
491362943,Government and Politics
491362943,Land Use and Zoning
491362943,Air Pollution
491362943,Water Pollution
491067631,Business and Economy
491067631,Government and Politics
491067631,Technology
491067631,Technology Regulation
490839694,Business and Economy
490839694,Business Ethics
490839694,Corporate Responsibility
490839694,Economic Justice
490839694,Power Bills Too High
490839694,Data center impact
490839694,Data Centers
490839694,Environmental Issues
490839694,Community Petitions
490839694,Government and Politics
490839694,Technology
490839694,Consumer Rights
491342942,Environmental Issues
491342942,Technology
491342942,Climate Change
491342942,Water Pollution
491342942,Technology Regulation
491342942,Climate Destruction
491342942,envormental risk
491342942,MakeChangeHappen
491052543,Environmental Issues
491052543,Government and Politics
491052543,Technology
491052543,Local Government
491052543,Data Privacy
491052543,Technology Regulation
491316359,Public Safety
491316359,Environmental Issues
491316359,Government and Politics
491316359,Local Government
491316359,Water Pollution
491316359,Land Use and Zoning
491327240,Environmental Issues
491327240,Government and Politics
491327240,Water Pollution
491327240,Local Government
491327240,Air Pollution
491093866,Environmental Issues
491093866,Government and Politics
491093866,Technology
491093866,Government Budget and Spending
491093866,Local Government
491093866,Technology Regulation
491317785,Data Centers il
491317785,Environmental Issues
491317785,Public Safety
491317785,Government and Politics
491317785,Local Government
491317785,Land Use and Zoning
491317785,Water Pollution
491402260,Environmental Issues
491402260,Public Safety
491402260,Climate Change
491402260,Water Pollution
491402260,Air Pollution
491374192,Technology
491374192,Public Safety
491374192,Environmental Issues
491374192,Data Privacy
491374192,Technology Regulation
491374192,Land Use and Zoning
491374192,Artificial Intelligence
491374192,Water Pollution
491314585,Environmental Issues
491314585,Technology
491314585,Climate Change
491314585,Wildlife Biodiversity
491314585,Water Pollution
491324278,Environmental Issues
491324278,Public Safety
491324278,Technology
491324278,Land Use and Zoning
491324278,Water Pollution
491324278,Climate Change
491324281,Public Safety
491324281,Environmental Issues
491324281,Government and Politics
491324281,Corruption
491324281,Local Government
491324281,Land Use and Zoning
491327037,Public Safety
491327037,Technology
491327037,Environmental Issues
491327037,Climate Change
491327037,Technology Regulation
491327037,Land Use and Zoning
491035981,Business and Economy
491035981,Environmental Issues
491035981,Technology
491002318,Environmental Issues
491002318,Business and Economy
491002318,Business Ethics
491002318,Business Regulation
491002318,Consumer Rights
491002318,Corporate Responsibility
491002318,Economic Justice
491002318,water conservation
491002318,Water contamination
491002318,Water Pollution
491002318,Data Center
491002318,Data Center Proposal
491002318,Data Centers Harmful
491002318,Data Centers
491002318,Community Petitions
491002318,Government and Politics
491002318,Technology
491002318,Local Government
491002318,Regional Government
491002318,Technology Regulation
490922772,Environmental Issues
490922772,climate change prevention
490922772,Global warming prevention
490922772,Business and Economy
490922772,Business Ethics
490922772,Corporate Responsibility
490922772,Economic Justice
490922772,Data center impact
490922772,Data center opposition
490922772,Data Center
490922772,Public Policy
490922772,Technology
490922772,Artificial Intelligence
490922772,Community Petitions
490922772,Government and Politics
490922772,Technology Regulation
490922772,Local Government
490922772,Regional Government
490922772,Business Regulation
490922772,Water Pollution
491312084,Public Safety
491312084,Technology
491312084,Government and Politics
491312084,Local Government
491312084,Technology Regulation
491312084,Land Use and Zoning
491312084,Data Centers MI
491312084,Data Centers
491312084,Data Centers Harmful
491312084,Community Petitions
491338156,Environmental Issues
491338156,Government and Politics
491338156,Business and Economy
491338156,National Government
491338156,Global Warming
491338156,Corruption
491338156,Climate Change
491338156,Corporate Responsibility
491338156,Community Petitions
491392996,Environmental Issues
491392996,Government and Politics
491392996,Technology
491392996,Technology Regulation
491392996,Government Budget and Spending
491392996,Water Pollution
490965834,Environmental Issues
490965834,Health and Well-Being
490965834,Technology
490965834,Air Pollution
490965834,Public Health
490965834,Technology Regulation
491287779,Environmental Issues
491287779,Education
491287779,Technology
491287779,Artificial Intelligence
491287779,Educational Infrastructure
491287779,Water Pollution
491197084,Environmental Issues
491197084,Public Safety
491197084,Water Pollution
491197084,Air Pollution
491197084,Climate Change
491197084,Government and Politics
491168118,Environmental Issues
491168118,Government and Politics
491168118,Technology
491168118,Elections & Voter Rights
491168118,Climate Change
491168118,Local Government
491168118,Water Pollution
491168118,Artificial Intelligence
491407379,Government and Politics
491407379,Public Safety
491407379,Business and Economy
491407379,Land Use and Zoning
491407379,National Government
491407379,Local Government
491407379,Business Regulation
491407379,Community Petitions
491261033,Public Safety
491261033,Government and Politics
491261033,Environmental Issues
491261033,Freedom of Information
491261033,Local Government
491261033,Land Use and Zoning
491261033,Community Petitions
491209734,Technology
491209734,Government and Politics
491209734,Environmental Issues
491209734,Regional Government
491209734,Technology Regulation
491209734,Local Government
491209734,Artificial Intelligence
491209734,Global Warming
491312346,Public Safety
491312346,Environmental Issues
491312346,Government and Politics
491312346,Local Government
491312346,Water Pollution
491312346,Land Use and Zoning
491366444,Environmental Issues
491366444,Public Safety
491366444,Government and Politics
491366444,Water Pollution
491366444,Air Pollution
491366444,Traffic Safety
491366444,Climate Change
491366444,Local Government
491349737,Environmental Issues
491349737,Public Safety
491349737,Government and Politics
491349737,Traffic Safety
491349737,Air Pollution
491349737,Climate Change
491317540,wyoming
491317540,Uinta
491317540,Data center WY
491317540,Prometheus
491317540,Hyperscale
491317540,Government and Politics
491317540,Public Safety
491317540,Business and Economy
491317540,Corporate Responsibility
491317540,Land Use and Zoning
491317540,Local Government
490855318,Environmental Issues
490855318,Government and Politics
490855318,Technology
490855318,Local Government
490855318,Artificial Intelligence
490855318,Technology Regulation
491212592,Environmental Issues
491212592,Government and Politics
491212592,Technology
491212592,Local Government
491212592,Wildlife Biodiversity
491212592,Water Pollution
491212592,Technology Regulation
491041946,poison
491041946,Data
491041946,Data Center
491041946,nox
491041946,Vox
491041946,AI
491041946,energy
491041946,children
491041946,elders
491041946,lung disease
491041946,water
491041946,Moratoriums
491041946,Public Health
491041946,public health policy
491041946,asthma
491041946,disease
491041946,corporate accountability
491041946,Nuclear Safety
491041946,university of michigan
491041946,Sioux Falls
491041946,Environmental Issues
491041946,Government and Politics
491041946,Technology
491041946,Air Pollution
491041946,Climate Change
491041946,Technology Regulation
490459214,Government and Politics
490459214,Health and Well-Being
490459214,Technology
490459214,Local Government
490459214,Health Inequality
490459214,Technology Regulation
37799472,Environment
37799472,Environmental Issues
37799472,Government and Politics
37799472,Technology
37799472,Climate Change
37799472,Local Government
37799472,Technology Regulation
491094054,Environmental Issues
491094054,Government and Politics
491094054,Technology
491094054,Climate Change
491094054,Global Warming
491094054,Local Government
491315724,Data Centers
491315724,Environmental Issues
491315724,Health and Well-Being
491315724,Government and Politics
491315724,Public Health
491315724,Air Pollution
491315724,Water Pollution
491340592,Public Safety
491340592,Environmental Issues
491340592,Technology
491340592,Air Pollution
491340592,Transportation
491340592,Land Use and Zoning
491366586,Technology
491366586,Environmental Issues
491366586,Business and Economy
491366586,Waste Management
491366586,Technology Regulation
491366586,Artificial Intelligence
36370708,Environment
36370708,DataCenterActivism
36370708,environmental activism
36370708,Environment concerns
36370708,Environmental Sustainability
36370708,Environmental Issues
36370708,Government and Politics
36370708,Health and Well-Being
36370708,Global Social Justice Issues
36370708,Local Government
36370708,Public Health
491397339,Environmental Issues
491397339,Government and Politics
491397339,Public Safety
491397339,Local Government
491397339,Water Pollution
491397339,Climate Change
491397339,Traffic Safety
491361768,Data Center
491361768,AI
491361768,Environmental Issues
491361768,Ethnic and Racial Minorities
491361768,Government and Politics
491361768,Black Lives Matter
491361768,Water Pollution
491361768,Air Pollution
491119945,Business and Economy
491119945,Government and Politics
491119945,Technology
491119945,Business Regulation
491119945,Corporate Responsibility
491119945,Technology Regulation
491335668,Government and Politics
491335668,Environmental Issues
491335668,Business and Economy
491335668,Business Regulation
491335668,Land Use and Zoning
491335668,Local Government
491335668,Community Petitions
491049861,Community Petitions
491049861,Technology
491049861,Artificial Intelligence
491049861,Data Centers
491049861,Consumer Rights
491049861,Corporate Responsibility
491049861,Business and Economy
491049861,Government and Politics
491049861,Business Regulation
491049861,Technology Regulation
491151411,Environmental Issues
491151411,Public Safety
491151411,Government and Politics
491151411,Wildlife Biodiversity
491151411,Water Pollution
491151411,Land Use and Zoning
491151411,Climate Change
491151411,Local Government
491214837,Environmental Issues
491214837,Public Safety
491214837,Government and Politics
491214837,Local Government
491214837,Land Use and Zoning
491214837,Water Pollution
491390795,Environmental Issues
491390795,Public Safety
491390795,Technology
491390795,Air Pollution
491390795,Water Pollution
491390795,Land Use and Zoning
491390795,Climate Change
491390795,Technology Regulation
491345581,Environmental Issues
491345581,Government and Politics
491345581,Technology
491345581,Local Government
491345581,Water Pollution
491345581,Air Pollution
491345581,Technology Regulation
491187001,Environmental Issues
491187001,Technology
491187001,Public Safety
491187001,Technology Regulation
491187001,Water Pollution
491187001,Air Pollution
491315546,Environmental Issues
491315546,Technology
491315546,Government and Politics
491315546,Technology Regulation
491315546,Water Pollution
491315546,Climate Change
491349684,Environmental Issues
491349684,Technology
491349684,Government and Politics
491349684,Technology Regulation
491349684,Air Pollution
491349684,Water Pollution
490959532,Environmental Issues
490959532,Government and Politics
490959532,Technology
490959532,Water Pollution
490959532,Artificial Intelligence
490959532,Technology Regulation
491373060,Data Center
491373060,Data Center in
491373060,Public Safety
491373060,Government and Politics
491373060,Technology
491373060,Technology Regulation
491373060,Local Government
491373060,Land Use and Zoning
491321895,Environmental Issues
491321895,Public Safety
491321895,Government and Politics
491321895,Local Government
491321895,Land Use and Zoning
491321895,Water Pollution
491133790,Environmental Issues
491133790,Technology
491133790,Government and Politics
491133790,National Government
491133790,Technology Regulation
491133790,Climate Change
491295806,Environmental Issues
491295806,Health and Well-Being
491295806,Technology
491295806,Water Pollution
491295806,Air Pollution
491295806,Climate Change
491312982,Environmental Issues
491312982,Government and Politics
491312982,Animal Rights and Conservation
491312982,Wildlife Conservation
491312982,Air Pollution
491312982,Water Pollution
491036353,Environmental Issues
491036353,Government and Politics
491036353,Technology
491036353,Local Government
491036353,Wildlife Biodiversity
491036353,Water Pollution
491218081,Public Safety
491218081,Environmental Issues
491218081,Government and Politics
491218081,Local Government
491218081,Water Pollution
491218081,Land Use and Zoning
491218081,rural communities
491218081,farmland preservation
491218081,agriculture land preservation
491218081,chesapeake bay
491218081,Transparency in Government
491218081,Sustainable Development
491218081,Sustainable Development For Future Generations
491218081,property rights
491218081,infrastructure
491218081,Infrastructure Reform
491218081,Public Health
491218081,economic development
491326154,Government and Politics
491326154,Technology
491326154,Environmental Issues
491326154,Technology Regulation
491326154,Freedom of Information
491326154,Local Government
490652787,Environmental Issues
490652787,Health and Well-Being
490652787,Technology
490652787,Food Security
490652787,Health Inequality
490652787,Public Health
491240107,Environmental Issues
491240107,Technology
491240107,Public Safety
491240107,Climate Change
491240107,Water Pollution
491240107,Artificial Intelligence
491240107,idaho
491240107,Data Center
491240107,Agriculture and Farming
491240107,water conservation
490895443,Environmental Issues
490895443,Health and Well-Being
490895443,Technology
490895443,Climate Change
490895443,Global Warming
490895443,Technology Regulation
490895419,Environmental Issues
490895419,Government and Politics
490895419,Technology
490895419,Water Pollution
490895419,Local Government
490895419,Technology Regulation
491363027,Environmental Issues
491363027,Public Safety
491363027,Government and Politics
491363027,Land Use and Zoning
491363027,Waste Management
491363027,Water Pollution
491430676,quality of life
491430676,Local Politics
491430676,Say No To Data Centers
491430676,water quality
491430676,Agriculture Protection
491133901,Environmental Issues
491133901,Technology
491133901,Business and Economy
491133901,Artificial Intelligence
491133901,Air Pollution
491133901,Water Pollution
491374867,Environmental Issues
491374867,Public Safety
491374867,Technology
491374867,Waste Management
491374867,Air Pollution
491374867,Water Pollution
491080695,Environmental Issues
491080695,Health and Well-Being
491080695,Technology
491080695,Waste Management
491080695,Water Pollution
491080695,Technology Regulation
491431879,Technology
491431879,Public Safety
491431879,Environmental Issues
491431879,Water Pollution
491431879,Land Use and Zoning
491431879,Technology Regulation
491431879,Community Petitions
491226101,Environmental Issues
491226101,Public Safety
491226101,Government and Politics
491226101,Land Use and Zoning
491226101,Air Pollution
491226101,Water Pollution
491226101,Local Government
491345211,Public Safety
491345211,Environmental Issues
491345211,Government and Politics
491345211,Water Pollution
491345211,Land Use and Zoning
491345211,Traffic Safety
491321033,Public Safety
491321033,Environmental Issues
491321033,Government and Politics
491321033,Local Government
491321033,Land Use and Zoning
491341976,Environmental Issues
491341976,Public Safety
491341976,Government and Politics
491341976,Land Use and Zoning
491341976,Water Pollution
491341976,Air Pollution
490868631,Community Petitions
490868631,Technology
490868631,Artificial Intelligence
490868631,Technology Regulation
490868631,Data Centers
490868631,Environmental Issues
490868631,climate change prevention
490868631,Data Center Impact
490868631,Data Center Opposition
490868631,Government and Politics UK
490868631,Corruption
490868631,Government and Politics
490868631,Local Government
490868631,Regional Government
491171688,Environmental Issues
491171688,Government and Politics
491171688,Business and Economy
491171688,Corporate Responsibility
491171688,Local Government
491171688,Water Pollution
491383589,Farmland Protection
491383589,Environmental Issues
491383589,Technology
491383589,Water Pollution
491383589,Technology Regulation
491383589,law
490381655,Environmental Issues
490381655,Government and Politics
490381655,Technology
490381655,Water Pollution
490381655,Local Government
490381655,Technology Regulation
491400694,Environmental Issues
491400694,Technology
491400694,Business and Economy
491400694,Affordable Housing
491400694,Technology Regulation
491400694,Water Pollution
490943366,Business and Economy
490943366,Government and Politics
490943366,Technology
490943366,Consumer Rights
490943366,Artificial Intelligence
490943366,Technology Regulation
490107434,Environmental Issues
490107434,Animal Rights and Conservation
490107434,Technology
490107434,Deforestation
490107434,Plant Biodiversity
490107434,Technology Regulation
491144301,Environmental Issues
491144301,Public Safety
491144301,Technology
491144301,Land Use and Zoning
491144301,Air Pollution
491144301,Water Pollution
491389762,Government and Politics
491389762,Environmental Issues
491389762,Technology
491389762,Water Pollution
491389762,Climate Change
491389762,Local Government
490245937,Environmental Issues
490245937,Government and Politics
490245937,Technology
490245937,Climate Change
490245937,Global Warming
490245937,Technology Regulation
491362711,Environmental Issues
491362711,Public Safety
491362711,Government and Politics
491362711,Waste Management
491362711,Air Pollution
491362711,Water Pollution
491311904,Public Safety
491311904,Technology
491311904,Environmental Issues
491311904,Water Pollution
491311904,Artificial Intelligence
491311904,Land Use and Zoning
491049046,data center developer
491049046,Environmental Issues
491049046,Government and Politics
491049046,Technology
491049046,Local Government
491049046,Data Privacy
491049046,Technology Regulation
490855031,Environmental Issues
490855031,Government and Politics
490855031,Technology
490855031,Climate Change
490855031,Global Warming
490855031,Local Government
491113617,Environmental Issues
491113617,Public Safety
491113617,Technology
491113617,Consumer Protection
491113617,Artificial Intelligence
491113617,Technology Regulation
491383098,Public Safety
491383098,Government and Politics
491383098,Technology
491383098,Technology Regulation
491383098,Local Government
491383098,Land Use and Zoning
491065458,Business and Economy
491065458,Government and Politics
491065458,Technology
491065458,Business Regulation
491065458,Local Government
491065458,Artificial Intelligence
491289768,Environmental Issues
491289768,Public Safety
491289768,Technology
491289768,Land Use and Zoning
491289768,Air Pollution
491289768,Water Pollution
491216109,Environmental Issues
491216109,Health and Well-Being
491216109,Technology
491216109,Public Health
491216109,Water Pollution
491216109,Air Pollution
491216109,Technology Regulation
490971580,Environmental Issues
490971580,Government and Politics
490971580,Technology
490971580,Corruption
490971580,Local Government
490971580,Technology Regulation
490968067,Environmental Issues
490968067,Government and Politics
490968067,Public Safety
490968067,Air Pollution
490968067,Local Government
490968067,Land Use and Zoning
491323010,Animal Rights and Conservation
491323010,Environmental Issues
491323010,Technology
491323010,Water Pollution
491323010,Wildlife Conservation
491323010,Animal Welfare
491371588,Environmental Issues
491371588,Public Safety
491371588,Government and Politics
491371588,Disasters and Emergency Management
491371588,Air Pollution
491371588,Water Pollution
491326240,Business and Economy
491326240,Business Regulation
491326240,Consumer Rights
491326240,Corporate Responsibility
491326240,Economic Justice
491326240,Government and Politics
491326240,Data Center
491326240,Data center opposition
491326240,AI Data Center
491326240,Infrastructure Costs
491326240,Community Petitions
491326240,Environmental Issues
491326240,Technology
491326240,Local Government
491326240,Regional Government
491326240,Technology Regulation
491326240,Climate Change
491031757,Politics and government
491031757,Data Centers
491031757,Environmental Issues
491031757,Government and Politics
491031757,Technology
491031757,National Government
491031757,Regional Government
491031757,Technology Regulation
491031757,watershed
491031757,Lehigh River
491031757,Susquehanna River
491031757,nuclear
491031757,Power Rates
491031757,Electricity bills
491031757,Lake Scranton
491031757,Municipal Accountability
491031757,zoning
491055168,buffalo
491055168,university at buffalo
491055168,AI Data Center
491055168,Environmental Issues
491055168,Public Safety
491055168,Technology
491055168,Consumer Protection
491055168,Waste Management
491055168,Water Pollution
491055168,Technology Regulation
490825888,Business and Economy
490825888,Environmental Issues
490825888,Government and Politics
490825888,Corporate Responsibility
490825888,Economic Justice
490825888,Water Pollution
491359194,Environmental Issues
491359194,Technology
491359194,Public Safety
491359194,Land Use and Zoning
491359194,Artificial Intelligence
491359194,Water Pollution
491393609,Technology
491393609,Environmental Issues
491393609,Government and Politics
491393609,Water Pollution
491393609,Technology Regulation
491393609,Artificial Intelligence
491062537,Environmental Issues
491062537,Health and Well-Being
491062537,Technology
491062537,Water Pollution
491062537,Artificial Intelligence
491062537,Technology Regulation
491319799,Environmental Issues
491319799,Technology
491319799,Public Safety
491319799,Land Use and Zoning
491319799,Artificial Intelligence
491319799,Water Pollution
491125393,Puente hills mall
491125393,Hacienda Heights
491125393,Rowland Heights
491125393,Walnut
491125393,Diamond bar
491125393,La Puente
491125393,no data center
491125393,City of Industry
491125393,Environmental Issues
491125393,Public Safety
491125393,Government and Politics
491125393,Land Use and Zoning
491125393,Water Pollution
491125393,Disasters and Emergency Management
491125393,Air Pollution
491125393,Local Government
491313977,Data Center
491313977,Environmental Issues
491313977,Public Safety
491313977,Government and Politics
491313977,Public Health
491313977,Water Pollution
491313977,Local Government
491313977,Air Pollution
491313977,Land Use and Zoning
491327987,Environmental Issues
491327987,Public Safety
491327987,Ethnic and Racial Minorities
491327987,Black Lives Matter
491327987,Land Use and Zoning
491327987,Air Pollution
491358174,Environmental Issues
491358174,Public Safety
491358174,Government and Politics
491358174,Land Use and Zoning
491358174,Waste Management
491358174,Water Pollution
491358174,Local Government
491145528,Public Safety
491145528,Environmental Issues
491145528,Technology
491145528,Technology Regulation
491145528,Water Pollution
491145528,Land Use and Zoning
491346661,Public Safety
491346661,Environmental Issues
491346661,Government and Politics
491346661,Local Government
491346661,Air Pollution
491346661,Land Use and Zoning
491328116,Data Centers
491328116,Environmental Issues
491328116,Public Safety
491328116,Technology
491328116,Land Use and Zoning
491328116,Air Pollution
491328116,Water Pollution
491328116,Artificial Intelligence
491396542,Public Safety
491396542,Environmental Issues
491396542,Technology
491396542,Technology Regulation
491396542,Water Pollution
491396542,Land Use and Zoning
491145500,Artificial Intelligience
491145500,Water consumption
491145500,Data Center
491145500,Rio Grande Valley
491145500,Harlingen
491145500,McAllen
491145500,Brownsville
491145500,Edinburg
491145500,AI
491145500,RGV
491145500,Government and Politics
491145500,Environmental Issues
491145500,Public Safety
491145500,Water Pollution
491145500,Freedom of Information
491145500,Local Government
491162124,Environmental Issues
491162124,Public Safety
491162124,Animal Rights and Conservation
491162124,Wildlife Biodiversity
491162124,Climate Change
491162124,Water Pollution
491393170,Government and Politics
491393170,Environmental Issues
491393170,Public Safety
491393170,Government Budget and Spending
491393170,Corruption
491393170,Water Pollution
491393170,Local Government
491393170,Land Use and Zoning
491393170,Air Pollution
491436238,Environmental Issues
491436238,Public Safety
491436238,Government and Politics
491436238,Local Government
491436238,Water Pollution
491436238,Air Pollution
490850689,Environmental Issues
490850689,Government and Politics
490850689,Technology
490850689,Global Social Justice Issues
490850689,Local Government
490850689,Technology Regulation
491354969,Data
491354969,Data Center
491354969,chester sc
491354969,Public Safety
491354969,Environmental Issues
491354969,Government and Politics
491354969,Local Government
491354969,Water Pollution
491354969,Land Use and Zoning
491310720,Environmental Issues
491310720,Public Safety
491310720,Technology
491310720,Land Use and Zoning
491310720,Wildlife Biodiversity
491310720,Climate Change
491382750,Environmental Issues
491382750,Public Safety
491382750,Government and Politics
491382750,Local Government
491382750,Land Use and Zoning
491382750,Water Pollution
491213421,Environmental Issues
491213421,Public Safety
491213421,Technology
491213421,Water Pollution
491213421,Air Pollution
491213421,Land Use and Zoning
491213421,Climate Change
491213421,Technology Regulation
491296191,Environmental Issues
491296191,Public Safety
491296191,Government and Politics
491296191,Water Pollution
491296191,Air Pollution
491296191,Climate Change
491237822,Data Center
491237822,Environmental Issues
491237822,Government and Politics
491237822,Technology
491237822,Technology Regulation
491237822,Local Government
491237822,Land Use and Zoning
491321324,Environmental Issues
491321324,Public Safety
491321324,Government and Politics
491321324,Local Government
491321324,Land Use and Zoning
491321324,Waste Management
491400492,Public Safety
491400492,Environmental Issues
491400492,Technology
491400492,Technology Regulation
491400492,Water Pollution
491400492,Land Use and Zoning
491321863,Environmental Issues
491321863,Technology
491321863,Business and Economy
491321863,Artificial Intelligence
491321863,Water Pollution
491321863,Deforestation
491321863,Workers' Rights
491308271,Environmental Issues
491308271,Technology
491308271,Public Safety
491308271,Technology Regulation
491308271,Air Pollution
491308271,Water Pollution
491308271,Land Use and Zoning
491308271,Data Center
491308271,Data center opposition
491342257,Environmental Issues
491342257,Public Safety
491342257,Government and Politics
491342257,Wildlife Biodiversity
491342257,Water Pollution
491342257,Air Pollution
491309194,Data Center
491309194,florida
491309194,Tampa bay
491309194,Environmental Issues
491309194,Public Safety
491309194,Technology
491309194,Land Use and Zoning
491309194,Climate Change
491309194,Water Pollution
491361085,Flock camera
491361085,AI
491361085,AI minor characters Pornography
491361085,ai deepfakes
491361085,virginia
491361085,Scott County VA
491361085,Technology
491361085,Environmental Issues
491361085,Public Safety
491361085,Technology Regulation
491361085,Artificial Intelligence
491361085,Data Privacy
491168949,Public Safety
491168949,Environmental Issues
491168949,Government and Politics
491168949,Local Government
491168949,Water Pollution
491168949,Land Use and Zoning
491216982,Stratos Project
491216982,Data Centers
491216982,Greta salt lake
491216982,utah
491216982,Public Health
491216982,save the great salt lake
491216982,Environmental Issues
491216982,Public Safety
491216982,Technology
491216982,Disasters and Emergency Management
491216982,Air Pollution
491216982,Water Pollution
491154585,Environmental Issues
491154585,Public Safety
491154585,Land Use and Zoning
491154585,Air Pollution
491294372,Data Centers MI
491294372,No to Data Centers
491294372,Voice for MI
491294372,Environmental Issues
491294372,Public Safety
491294372,Government and Politics
491294372,Traffic Safety
491294372,Air Pollution
491294372,Water Pollution
491307051,Public Safety
491307051,Environmental Issues
491307051,Government and Politics
491307051,Water Pollution
491307051,Transportation
491307051,Land Use and Zoning
490258332,Environmental Issues
490258332,Government and Politics
490258332,Technology
490258332,Deforestation
490258332,Local Government
490258332,Technology Regulation
491328324,Government and Politics
491328324,Environmental Issues
491328324,Technology
491328324,Technology Regulation
491328324,Water Pollution
491328324,Local Government
491308550,Public Safety
491308550,Government and Politics
491308550,Environmental Issues
491308550,Water Pollution
491308550,Local Government
491308550,Land Use and Zoning
490965683,Environmental Issues
490965683,Government and Politics
490965683,Technology
490965683,Air Pollution
490965683,Artificial Intelligence
490965683,Technology Regulation
490900738,Community Petitions
490900738,Environmental Issues
490900738,Data Center
490900738,Business and Economy
490900738,Government and Politics
490900738,Business Ethics
490900738,Business Regulation
490900738,Corporate Responsibility
490957765,Business and Economy
490957765,Government and Politics
490957765,Technology
490957765,Business Regulation
490957765,Government Budget and Spending
490957765,Local Government
491325010,Environmental Issues
491325010,Public Safety
491325010,Technology
491325010,Climate Change
491325010,Water Pollution
491325010,Air Pollution
491325010,Lee County VA
491325010,Wise County VA
491325010,virginia
491325010,Data Centers Va
491325010,Stop Data Centers
491325010,No More Data Centers
491328710,Business and Economy
491328710,Business Regulation
491328710,Consumer Rights
491328710,Corporate Responsibility
491328710,Economic Justice
491328710,Government and Politics
491328710,Data Center
491328710,Data center opposition
491328710,AI Data Center
491328710,Infrastructure Costs
491328710,Community Petitions
491328710,Environmental Issues
491328710,Technology
491328710,Local Government
491328710,Regional Government
491328710,Technology Regulation
491328710,Climate Change
491328710,Artificial Intelligence
490977571,Data Centers
490977571,duke energy
490977571,Utility Regulation
490977571,ohio
491046174,Environmental Issues
491046174,Government and Politics
491046174,Technology
491046174,Local Government
491046174,Artificial Intelligence
491046174,Technology Regulation
491437234,Environmental Issues
491437234,Public Safety
491437234,Government and Politics
491437234,Wildlife Biodiversity
491437234,Air Pollution
491437234,Land Use and Zoning
491437234,Water Pollution
491437234,Local Government
491437234,Transportation
491109672,Data Center
491109672,Electricity bills
491109672,Water consumption
491109672,Wastewater discharges
491109672,Environmental threat
491109672,Enviromental Issues
491109672,Environmental Issues
491109672,Public Safety
491109672,Government and Politics
491109672,Transportation
491109672,Air Pollution
491109672,Water Pollution
491364143,Environmental Issues
491364143,Public Safety
491364143,Government and Politics
491364143,Land Use and Zoning
491364143,Wildlife Biodiversity
491343976,drought prevention
491343976,unsafe water
491343976,Contaminated water supply
491343976,Environmental Issues
491343976,Public Safety
491343976,Government and Politics
491343976,Climate Change
491343976,Air Pollution
491343976,Water Pollution
491208200,Environmental Issues
491208200,Government and Politics
491208200,Technology
491208200,Wildlife Biodiversity
491208200,Climate Change
491208200,Local Government
491208200,Water Pollution
491208200,Technology Regulation
491255117,Environmental Issues
491255117,Public Safety
491255117,Technology
491255117,Wildlife Biodiversity
491255117,Water Pollution
491255117,Climate Change
491189620,Environmental Issues
491189620,Public Safety
491189620,Business and Economy
491189620,Waste Management
491189620,Air Pollution
491189620,Land Use and Zoning
491189620,Water Pollution
491189620,Economic Justice
491189620,Transportation
491366143,Environmental Issues
491366143,Public Safety
491366143,Government and Politics
491366143,Disasters and Emergency Management
491366143,Air Pollution
491366143,Water Pollution
491425528,Data Center
491425528,Environmental Issues
491425528,Government and Politics
491425528,Public Safety
491425528,Air Pollution
491425528,Water Pollution
491425528,Local Government
491425528,Climate Change
491425528,Land Use and Zoning
491425528,Corruption
490859412,Business and Economy
490859412,Environmental Issues
490859412,Technology
490859412,Workers' Rights
490859412,Water Pollution
490859412,Wildlife Biodiversity
491321120,Environmental Issues
491321120,Public Safety
491321120,Government and Politics
491321120,Land Use and Zoning
491321120,Water Pollution
491321120,Air Pollution
491354508,Technology
491354508,Business and Economy
491354508,Government and Politics
491354508,Local Government
491354508,Small Business Support
491354508,Technology Regulation
491328440,Environmental Issues
491328440,Public Safety
491328440,Technology
491328440,Land Use and Zoning
491328440,Air Pollution
491328440,Water Pollution
491318208,Environmental Issues
491318208,Government and Politics
491318208,Technology
491318208,Artificial Intelligence
491318208,Local Government
491318208,Water Pollution
491204102,Data Center
491204102,Iron County
491204102,Environmental Issues
491204102,Public Safety
491204102,Water Pollution
491204102,Disasters and Emergency Management
491204102,Waste Management
490745755,Environmental Issues
490745755,Public Safety
490745755,Technology
490745755,Air Pollution
490745755,Land Use and Zoning
490745755,Traffic Safety
491317293,Environmental Issues
491317293,Government and Politics
491317293,Technology
491317293,Technology Regulation
491317293,Local Government
491317293,Water Pollution
491259652,Environmental Issues
491259652,Public Safety
491259652,Government and Politics
491259652,Land Use and Zoning
491259652,Water Pollution
491259652,Air Pollution
491177375,Government and Politics
491177375,Environmental Issues
491177375,Technology
491177375,Technology Regulation
491177375,Water Pollution
491177375,Local Government
490656217,Environmental Issues
490656217,Water Pollution Prevention
490656217,Health and Well-Being
490656217,Public Health
490656217,Technology
490656217,Artificial Intelligence
490656217,Technology Regulation
490656217,Business and Economy
490656217,Business Regulation
490656217,Corporate Responsibility
490656217,Community Petitions
490656217,Government and Politics
490656217,Waste Management
490656217,Water Pollution
491393422,Public Safety
491393422,Government and Politics
491393422,Environmental Issues
491393422,Water Pollution
491393422,Local Government
491393422,Land Use and Zoning
491393422,Community Petitions
491371787,Environmental Issues
491371787,Public Safety
491371787,Technology
491371787,Technology Regulation
491371787,Land Use and Zoning
491371787,Water Pollution
491371787,Water Use
491371787,Data Center
491371787,Data Centers
491371787,Community Petitions
491242123,Environmental Issues
491242123,Technology
491242123,Government and Politics
491242123,Technology Regulation
491242123,Water Pollution
491242123,Climate Change
490930758,Business and Economy
490930758,Consumer Rights
490930758,Business Regulation
490930758,Economic Justice
490930758,Environmental Issues
490930758,Data Centers Harmful
490930758,Data Centers
490930758,Data Center
490930758,Community Petitions
490930758,Government and Politics
490930758,Technology
490930758,Local Government
490930758,National Government
490930758,Technology Regulation
491380897,Technology
491380897,Government and Politics
491380897,Environmental Issues
491380897,Water Pollution
491380897,Local Government
491380897,Technology Regulation
491380897,Data centers texas
491380897,corporateaccountability
491027299,Community Petitions
491027299,Environmental Issues
491027299,Data Centers
491027299,Government and Politics
491027299,Health and Well-Being
491027299,Water Pollution
491027299,Local Government
491027299,Public Health
490991170,Community Petitions
490991170,Technology
490991170,Technology Regulation
490991170,Environmental Issues
490991170,Consumer Protection
490991170,Government and Politics
490991170,Local Government
490991170,National Government
491413958,Environmental Issues
491413958,Public Safety
491413958,Technology
491413958,Waste Management
491413958,Air Pollution
491413958,Land Use and Zoning
491413958,Water Pollution
491413958,Technology Regulation
491219278,Environmental Issues
491219278,Technology
491219278,Government and Politics
491219278,Artificial Intelligence
491219278,Wildlife Biodiversity
491219278,Water Pollution
491002645,Environmental Issues
491002645,Deforestation Prevention
491002645,Water Pollution Prevention
491002645,Business and Economy
491002645,Business Regulation
491002645,Consumer Rights
491002645,Corporate Responsibility
491002645,Economic Justice
491002645,Data Center
491002645,Data Center Proposal
491002645,Data Centers Harmful
491002645,Data Centers
491002645,Community Petitions
491002645,Government and Politics
491002645,Technology
491002645,Government Budget and Spending
491002645,Local Government
491002645,Technology Regulation
490997839,Animal Rights and Conservation
490997839,Environmental Issues
490997839,Government and Politics
490997839,Wildlife Conservation
490997839,Water Pollution
490997839,Wildlife Biodiversity
490997842,Environmental Issues
490997842,Government and Politics
490997842,Public Safety
490997842,Water Pollution
490997842,Local Government
490997842,Land Use and Zoning
491017978,Business and Economy
491017978,Affordable Housing
491017978,Business Regulation
491017978,Corporate Responsibility
491017978,Consumer Rights
491017978,Economic Justice
491017978,Environmental Issues
491017978,Public Policy
491017978,Consumer Protection
491017978,Technology
491017978,Technology Regulation
491017978,Data Center
491017978,Data Centers Harmful
491017978,Data Centers
491017978,public utilities commission
491017978,Public Utility Reform
491017978,Public Utility Rights
491017978,Community Petitions
491017978,Government and Politics
491017978,Government Budget and Spending
491017978,Local Government
491434929,Environmental Issues
491434929,Government and Politics
491434929,Technology
491434929,Technology Regulation
491434929,Local Government
491434929,Water Pollution
490950813,Animal Rights and Conservation
490950813,Environmental Issues
490950813,Technology
490950813,Climate Change
490950813,Global Warming
490950813,Water Pollution
490950813,conservation
490950813,Conservation Awareness
490950813,conservation and environment
490950813,environmental benefit
491309381,farmers
491309381,Environmental Issues
491309381,Public Safety
491309381,Animal Rights and Conservation
491309381,Traffic Safety
491309381,Water Pollution
491309381,Air Pollution
491382796,Public Safety
491382796,Environmental Issues
491382796,Business and Economy
491382796,Small Business Support
491382796,Water Pollution
491382796,Land Use and Zoning
491312627,Environmental Issues
491312627,Public Safety
491312627,Government and Politics
491312627,Air Pollution
491312627,Climate Change
491312627,Transportation
491312627,Water Pollution
491312627,Government Budget and Spending
491312627,Local Government
491326118,Data Centers Va
491326118,Artificial Intelligience
491326118,Government and Politics
491326118,Public Safety
491326118,Local Government
491326118,Land Use and Zoning
491370921,Technology
491370921,Public Safety
491370921,Government and Politics
491370921,Land Use and Zoning
491370921,Technology Regulation
491370921,Artificial Intelligence
491366602,Public Safety
491366602,Technology
491366602,Environmental Issues
491366602,Air Pollution
491366602,Technology Regulation
491366602,Land Use and Zoning
491184872,Public Safety
491184872,Environmental Issues
491184872,Technology
491184872,Technology Regulation
491184872,Water Pollution
491184872,Land Use and Zoning
491339306,Public Safety
491339306,Environmental Issues
491339306,Technology Regulation
491339306,Water Pollution
491339306,Land Use and Zoning
491339306,Data Center
491339306,Data center tennessee
491181488,Moratoriums
491181488,BESS
491181488,Data Centers
491181488,Public Safety
491181488,Technology
491181488,Government and Politics
491181488,Local Government
491181488,Technology Regulation
491181488,Land Use and Zoning
491401682,Enivornment
491401682,wildlife
491401682,Agriculture and Farming
491401682,Electricals
491401682,Water Pollution Prevention
491401682,noise polution
491401682,County commission
491401682,Environmental Issues
491401682,Public Safety
491401682,Government and Politics
491401682,Land Use and Zoning
491401682,Air Pollution
491401682,Water Pollution
491342313,Government and Politics
491342313,Public Safety
491342313,Technology
491342313,Transportation
491342313,Corruption
491342313,Land Use and Zoning
491342313,Local Government
491342313,Technology Regulation
491437322,Government and Politics
491437322,Public Safety
491437322,Environmental Issues
491437322,Land Use and Zoning
491437322,Corruption
491437322,Local Government
491016497,Planning and Community Development
491016497,Data Center Montana
491016497,Environment and energy
491016497,Laurel Community
491016497,Broadview Community
491016497,Billings Community
491016497,Yellowstone County
491016497,Public Safety
491016497,Environmental Issues
491016497,Government and Politics
491016497,Local Government
491016497,Water Pollution
491016497,Disasters and Emergency Management
491048205,Local Government Accountability
491048205,Environment and energy
491048205,Enviromental Issues
491048205,Planning and Community Development
491048205,Planning and Development
491048205,Environmental Oversight
491048205,Data Center Proposal
491048205,Data Center Montana
491048205,Environmental Issues
491048205,Government and Politics
491048205,Public Safety
491048205,Local Government
491048205,Air Pollution
491048205,Water Pollution
491048205,Disasters and Emergency Management
491048480,Environmental Issues
491048480,Public Safety
491048480,Government and Politics
491048480,Disasters and Emergency Management
491048480,Air Pollution
491048480,Water Pollution
491054758,Environmental Issues
491054758,Public Safety
491054758,Government and Politics
491054758,Disasters and Emergency Management
491054758,Air Pollution
491054758,Water Pollution
491316856,Technology
491316856,Environmental Issues
491316856,Government and Politics
491316856,Local Government
491316856,Water Pollution
491316856,Technology Regulation
491204473,Government and Politics
491204473,Environmental Issues
491204473,Technology
491204473,Artificial Intelligence
491204473,Climate Change
491204473,Local Government
491298195,Public Safety
491298195,Environmental Issues
491298195,Government and Politics
491298195,Local Government
491298195,Water Pollution
491298195,Land Use and Zoning
491370733,Data Center
491370733,Public Health
491370733,Water Depletion
491370733,exploitation
491370733,Environmental Issues
491370733,Public Safety
491370733,Technology
491370733,Land Use and Zoning
491370733,Water Pollution
491370733,Climate Change
491401680,Environmental Issues
491401680,Public Safety
491401680,Government and Politics
491401680,Land Use and Zoning
491401680,Wildlife Biodiversity
491401680,Local Government
491401680,Water Pollution
491401680,Elections & Voter Rights
491219295,Environmental Issues
491219295,Animal Rights and Conservation
491219295,Public Safety
491219295,Climate Change
491219295,Air Pollution
491219295,Endanged Species
491219295,Water Pollution
491219295,Transportation
491219295,Wildlife Conservation
491310687,Technology
491310687,Government and Politics
491310687,Artificial Intelligence
491310687,Local Government
491319138,Environmental Issues
491319138,Public Safety
491319138,Government and Politics
491319138,Waste Management
491319138,Wildlife Biodiversity
491319138,Land Use and Zoning
491319138,Water Pollution
491319138,Local Government
491319138,Disasters and Emergency Management
491015463,Environmental Issues
491015463,Ethnic and Racial Minorities
491015463,Technology
491015463,Climate Change
491015463,Global Warming
491015463,Technology Regulation
491386134,Government and Politics
491386134,Technology
491386134,Environmental Issues
491386134,Water Pollution
491386134,Artificial Intelligence
491386134,Local Government
491310340,Environmental Issues
491310340,Public Safety
491310340,Government and Politics
491310340,Disasters and Emergency Management
491310340,Air Pollution
491310340,Water Pollution
491310340,Data Center
491250340,Public Safety
491250340,Environmental Issues
491250340,Government and Politics
491250340,Water Pollution
491250340,Transportation
491250340,Land Use and Zoning
491037521,Business and Economy
491037521,Environmental Issues
491037521,Government and Politics
491037521,Small Business Support
491037521,Water Pollution
491037521,Local Government
491396949,Data centers texas
491396949,Environmental Issues
491396949,Public Safety
491396949,Animal Rights and Conservation
491396949,Land Use and Zoning
491396949,Wildlife Biodiversity
491396949,Traffic Safety
491396949,Water Pollution
491396949,Wildlife Conservation
491396949,Animal Welfare
491337397,Environmental Issues
491337397,Public Safety
491337397,Government and Politics
491337397,Disasters and Emergency Management
491337397,Air Pollution
491337397,Water Pollution
491043597,Environmental Issues
491043597,Ethnic and Racial Minorities
491043597,Technology
491043597,Water Pollution
491043597,Artificial Intelligence
491043597,Technology Regulation
491143863,Government and Politics
491143863,Public Safety
491143863,Environmental Issues
491143863,Land Use and Zoning
491143863,Corruption
491143863,Transportation
491143863,Local Government
491143863,Climate Change
491102712,Data Center Proposal
491102712,Data Center Kansas
491102712,Moratoriums
491102712,Stop Data Centers
491102712,Environmental Issues
491102712,Public Safety
491102712,Technology
491102712,Land Use and Zoning
491102712,Air Pollution
491102712,Transportation
491102712,Water Pollution
491102712,Artificial Intelligence
491285222,Environmental Issues
491285222,Technology
491285222,Government and Politics
491285222,Deforestation
491285222,Water Pollution
491285222,Artificial Intelligence
491285222,Climate Change
491285222,Local Government
491285222,Technology Regulation
490883634,Sustainability matters
490883634,WaterSaving
490883634,EnergyCrisis
490883634,Environmental Issues
490883634,Government and Politics
490883634,Technology
490883634,Climate Change
490883634,Local Government
490883634,Technology Regulation
491406229,Environmental Issues
491406229,Technology
491406229,Government and Politics
491406229,Air Pollution
491406229,Water Pollution
491406229,Artificial Intelligence
491406229,Wildlife Conservation
491406229,Local Government
491406229,Technology Regulation
491431382,Government and Politics
491431382,Public Safety
491431382,Technology
491431382,Land Use and Zoning
491431382,Elections & Voter Rights
491431382,Local Government
491286488,Environmental Issues
491286488,Government and Politics
491286488,Technology
491286488,Corruption
491286488,Wildlife Biodiversity
491286488,Local Government
491286488,Water Pollution
491286488,Technology Regulation
491405104,Environmental Issues
491405104,Public Safety
491405104,Government and Politics
491405104,Land Use and Zoning
491405104,Air Pollution
491405104,Disasters and Emergency Management
491405104,Water Pollution
491405104,Local Government
491405104,No Data Center in Jasper County Ga
491405104,No Data Center in Monticello ga
490072274,Government and Politics
490072274,Environmental Issues
490072274,Technology
490072274,Water Pollution
490072274,Local Government
490072274,Technology Regulation
491289187,Public Safety
491289187,Environmental Issues
491289187,Technology
491289187,Water Pollution
491289187,Traffic Safety
491289187,Land Use and Zoning
491348944,Public Safety
491348944,Technology
491348944,Environmental Issues
491348944,Water Pollution
491348944,Technology Regulation
491348944,Land Use and Zoning
491370459,Environmental Issues
491370459,Technology
491370459,Public Safety
491370459,Land Use and Zoning
491370459,Artificial Intelligence
491370459,Water Pollution
490505114,Child and Family Well-Being
490505114,Environmental Issues
490505114,Health and Well-Being
490505114,Children's Rights
490505114,Family Rights
490505114,Public Health
491194540,Environmental Issues
491194540,Technology
491194540,Public Safety
491194540,Technology Regulation
491194540,Waste Management
491194540,Water Pollution
490956068,Environmental Oversight
490956068,Artificial Intelligence against
490956068,Wisconsin Residents
490956068,environmental benefit
490956068,Ecosystem health
490956068,Stop AI Abuse
490956068,No AI
490956068,generative ai
490956068,pollution
490956068,Animal Rights and Conservation
490956068,Environmental Issues
490956068,Government and Politics
490956068,Air Pollution
490956068,Water Pollution
490956068,Local Government
491052347,Environmental Issues
491052347,Government and Politics
491052347,Technology
491052347,Wildlife Biodiversity
491052347,Local Government
491052347,Technology Regulation
491072972,Environmental Issues
491072972,Health and Well-Being
491072972,Public Safety
491072972,Water Pollution
491072972,Wildlife Biodiversity
491072972,Land Use and Zoning
491112425,Environmental Issues
491112425,Government and Politics
491112425,Technology
491112425,Water Pollution
491112425,Wildlife Biodiversity
491112425,Local Government
491112425,Data Center
491335230,Environmental Issues
491335230,Public Safety
491335230,Government and Politics
491335230,Land Use and Zoning
491335230,Wildlife Biodiversity
491335230,Water Pollution
491226386,Environmental Issues
491226386,Public Safety
491226386,Government and Politics
491226386,Land Use and Zoning
491226386,Water Pollution
491226386,Air Pollution
491216787,Environmental Issues
491216787,Government and Politics
491216787,Public Safety
491216787,Air Pollution
491216787,Water Pollution
491216787,Climate Change
491213735,Environmental Issues
491213735,Public Safety
491213735,Climate Change
491213735,Land Use and Zoning
491213735,Water Pollution
491345620,Animal Rights and Conservation
491345620,Environmental Issues
491345620,Animal Welfare
491345620,Wildlife Conservation
491345620,Endanged Species
491348132,Environmental Issues
491348132,Public Safety
491348132,Technology
491348132,Air Pollution
491348132,Wildlife Biodiversity
491348132,Land Use and Zoning
491348132,Climate Change
491348132,Technology Regulation
491145285,Environmental Issues
491145285,Public Safety
491145285,Government and Politics
491145285,Land Use and Zoning
491145285,Air Pollution
491145285,Waste Management
490457608,Environmental Issues
490457608,Government and Politics
490457608,Technology
490457608,Local Government
490457608,National Government
490457608,Regional Government
491064742,Data Center
491064742,Business and Economy
491064742,Environmental Issues
491064742,Technology
491064742,Small Business Support
491064742,Water Pollution
491064742,Technology Regulation
491307393,Environmental Issues
491307393,Government and Politics
491307393,Technology
491307393,Wildlife Biodiversity
491307393,Climate Change
491307393,Water Pollution
491342649,Environmental Issues
491342649,Government and Politics
491342649,Business and Economy
491342649,Local Government
491342649,Wildlife Biodiversity
491342649,Water Pollution
491342649,Economic Justice
491305996,Environmental Issues
491305996,Technology
491305996,Deforestation
491305996,Technology Regulation
491305996,Wildlife Biodiversity
491305996,Water Pollution
491357266,Environmental Issues
491357266,Public Safety
491357266,Technology
491357266,Wildlife Biodiversity
491357266,Water Pollution
491357266,Land Use and Zoning
491357266,Air Pollution
491357266,Technology Regulation
491307344,Environmental Issues
491307344,Public Safety
491307344,Government and Politics
491307344,Land Use and Zoning
491307344,Air Pollution
491307344,Water Pollution
491323678,Environmental Issues
491323678,Technology
491323678,Government and Politics
491323678,Air Pollution
491323678,Water Pollution
491323678,Technology Regulation
491323678,Climate Change
491323678,Local Government
491219864,Environmental Issues
491219864,Public Safety
491219864,Government and Politics
491219864,Local Government
491219864,Land Use and Zoning
491219864,Water Pollution
491311890,Data Center
491311890,oklahoma
491311890,Agriculture and Farming
491311890,Agricultural Justice
491311890,Transparent Government
491311890,Environmental Issues
491311890,Public Safety
491311890,Government and Politics
491311890,Local Government
491311890,Land Use and Zoning
491311890,Water Pollution
491358115,Public Safety
491358115,Environmental Issues
491358115,Technology
491358115,Technology Regulation
491358115,Water Pollution
491358115,Land Use and Zoning
491400725,Government and Politics
491400725,Technology
491400725,Environmental Issues
491400725,Technology Regulation
491400725,Land Use and Zoning
491400725,Local Government
491367608,Environmental Issues
491367608,Animal Rights and Conservation
491367608,Government and Politics
491367608,Water Pollution
491367608,Endanged Species
491367608,Wildlife Conservation
491367608,Data Center
491367608,Data Centers
491367608,Community Petitions
490954562,AI Data Center
490954562,Data Center in
490954562,data center texas
490954562,Environmental Issues
490954562,Government and Politics
490954562,Technology
490954562,Global Social Justice Issues
490954562,Local Government
490954562,Technology Regulation
491353096,Environmental Issues
491353096,Technology
491353096,Public Safety
491353096,Artificial Intelligence
491353096,Wildlife Biodiversity
491353096,Water Pollution
491315651,Environmental Issues
491315651,Technology
491315651,Government and Politics
491315651,Artificial Intelligence
491315651,Air Pollution
491315651,Water Pollution
491323724,Environmental Issues
491323724,Public Safety
491323724,Government and Politics
491323724,Wildlife Biodiversity
491323724,Water Pollution
491323724,Traffic Safety
491323724,Air Pollution
491323724,Local Government
491323724,Land Use and Zoning
490121044,Neighborhoods and Community
490121044,Environmental Issues
490121044,Government and Politics
490121044,Technology
490121044,Local Government
490121044,Data Privacy
490121044,Technology Regulation
491342602,Environmental Issues
491342602,Technology
491342602,Government and Politics
491342602,Local Government
491342602,Technology Regulation
491342602,Water Pollution
491364480,Environmental Issues
491364480,Animal Rights and Conservation
491364480,Public Safety
491364480,Wildlife Conservation
491364480,Wildlife Biodiversity
491364480,Deforestation
491364480,Land Use and Zoning
490646001,Environmental Issues
490646001,Government and Politics
490646001,Technology
490646001,Water Pollution
490646001,Wildlife Biodiversity
490646001,Local Government
491109397,Business and Economy
491109397,Business Regulation
491109397,Consumer Rights
491109397,Environmental Issues
491109397,Indiana Legislation
491109397,Indiana laws
491109397,Data Centers
491109397,Data Centers Harmful
491109397,Community Petitions
491109397,Government and Politics
491109397,Technology
491109397,Local Government
491109397,Technology Regulation
491014215,data center georgia
491014215,irwin county ga
491014215,south ga
491014215,Environmental Issues
491014215,Government and Politics
491014215,Technology
491014215,Air Pollution
491014215,Local Government
491014215,Technology Regulation
491222534,Environmental Issues
491222534,Public Safety
491222534,Technology
491222534,Land Use and Zoning
491222534,Climate Change
491222534,Water Pollution
491333519,Public Safety
491333519,Business and Economy
491333519,Government and Politics
491333519,Consumer Rights
491333519,Consumer Protection
491333519,Land Use and Zoning
491333519,Community Petitions
491384994,Community Petitions
491384994,Technology
491384994,Artificial Intelligence
491384994,Technology Regulation
491384994,company-specific
491384994,Public Policy
491384994,Business and Economy
491331236,Animal Rights and Conservation
491331236,Environmental Issues
491331236,Government and Politics
491331236,Wildlife Biodiversity
491331236,Wildlife Conservation
491331236,Animal Welfare
491281092,Public Safety
491281092,Environmental Issues
491281092,Government and Politics
491281092,Local Government
491281092,Transportation
491281092,Traffic Safety
490839775,Business and Economy
490839775,Business Regulation
490839775,Consumer Rights
490839775,Economic Justice
490839775,Data center impact
490839775,Data Centers Harmful
490839775,Data Centers
490839775,Community Petitions
490839775,Government and Politics
490839775,Technology
490839775,Artificial Intelligence
490839775,Technology Regulation
491288920,Environmental Issues
491288920,Public Safety
491288920,Government and Politics
491288920,Land Use and Zoning
491288920,Wildlife Biodiversity
491288920,Water Pollution
491288920,Water consumption
491288920,data center oklahoma
491320456,Environmental Issues
491320456,Public Safety
491320456,Government and Politics
491320456,Land Use and Zoning
491320456,Climate Change
491320456,Water Pollution
491320456,AI
491320456,Data Centers
491320456,Deepfake Awareness
491357363,Environmental Issues
491357363,Public Safety
491357363,Government and Politics
491357363,Local Government
491357363,Traffic Safety
491357363,Water Pollution
491170264,Technology
491170264,Government and Politics
491170264,Environmental Issues
491170264,Water Pollution
491170264,Local Government
491170264,Technology Regulation
491170264,Data Center
491170264,Data Centers Harmful
491170264,Data Centers
491170264,Community Petitions
490914876,Government and Politics
490914876,Local Government
490914876,Health and Well-Being
490914876,Environmental Issues
490914876,Business and Economy
490914876,Data center opposition
490914876,Data center impact
490914876,Data Center
490914876,Community Petitions
490914876,Air Pollution
490914876,Public Health
490914876,Technology
490914876,Business Ethics
490914876,Consumer Rights
490914876,Technology Regulation
491174748,Environmental Issues
491174748,Business and Economy
491174748,Public Safety
491174748,Business Regulation
491174748,Air Pollution
491174748,Water Pollution
491170164,Environmental Issues
491170164,Technology
491170164,Public Safety
491170164,Water Pollution
491170164,Global Warming
491170164,Artificial Intelligence
491170164,Climate Change
491170164,Disasters and Emergency Management
491170164,Technology Regulation
491360794,Environmental Issues
491360794,Technology
491360794,Water Pollution
491360794,Artificial Intelligence
491362262,Environmental Issues
491362262,Technology
491362262,Government and Politics
491362262,Technology Regulation
491362262,Artificial Intelligence
491362262,Water Pollution
491226243,Local Community Change
491226243,Enviromenment
491226243,infrastruture damage
491226243,Water Protections
491226243,Water consumption
491226243,Datacenters
491226243,Data ceneters ga
491226243,Data centers in ne florida
491226243,County Commissioners
491226243,Georiga senate
491226243,We the people of georiga
491226243,trump
491226243,president
491226243,US Senate Florida
491226243,Us senate of georiga
491226243,Georiga power
491226243,Families displaced
491226243,Help our communites nationwide
491226243,Environmental Issues
491226243,Government and Politics
491226243,Technology
491226243,Wildlife Biodiversity
491226243,Deforestation
491226243,Water Pollution
491204428,Environmental Issues
491204428,Technology
491204428,Public Safety
491204428,Wildlife Biodiversity
491204428,Waste Management
491204428,Water Pollution
490968371,Environmental Issues
490968371,Ethnic and Racial Minorities
490968371,Government and Politics
490968371,Water Pollution
490968371,Wildlife Biodiversity
490968371,Indigenous Rights
491361422,Enviromental Issues
491361422,Data Center
491361422,Government and Politics
491361422,Public Safety
491361422,Environmental Issues
491361422,Water Pollution
491361422,Land Use and Zoning
491361422,Local Government
490941197,Environmental Issues
490941197,Government and Politics
490941197,Technology
490941197,Waste Management
490941197,Artificial Intelligence
490941197,Technology Regulation
491232754,Public Safety
491232754,Environmental Issues
491232754,Technology
491232754,Artificial Intelligence
491232754,Air Pollution
491232754,Land Use and Zoning
491364559,Environmental Issues
491364559,Public Safety
491364559,Government and Politics
491364559,Wildlife Biodiversity
491364559,Air Pollution
491364559,Water Pollution
491338269,Environmental Issues
491338269,Public Safety
491338269,Government and Politics
491338269,Local Government
491338269,Consumer Protection
491338269,Water Pollution
490955684,Animal Rights and Conservation
490955684,Environmental Issues
490955684,Government and Politics
490955684,Air Pollution
490955684,Climate Change
490955684,Global Warming
491188582,Environmental Issues
491188582,Public Safety
491188582,Government and Politics
491188582,Local Government
491188582,Land Use and Zoning
491188582,Water Pollution
491216423,Environmental Issues
491216423,Public Safety
491216423,Business and Economy
491216423,Land Use and Zoning
491216423,Wildlife Biodiversity
491216423,Water Pollution
491216423,Business Regulation
490835403,Environmental Issues
490835403,Government and Politics
490835403,Technology
490835403,Water Pollution
490835403,Local Government
490835403,Technology Regulation
491410614,Public Safety
491410614,Technology
491410614,Government and Politics
491410614,Local Government
491410614,Artificial Intelligence
491410614,Land Use and Zoning
491011864,Animal Rights and Conservation
491011864,Environmental Issues
491011864,Government and Politics
491011864,Wildlife Conservation
491011864,Deforestation
491011864,Wildlife Biodiversity
491344430,Environmental Issues
491344430,Public Safety
491344430,Technology
491344430,Technology Regulation
491344430,Water Pollution
491344430,Land Use and Zoning
491223896,Environmental Issues
491223896,Technology
491223896,Public Safety
491223896,Consumer Protection
491223896,Technology Regulation
491223896,Water Pollution
491360828,Environmental Issues
491360828,Technology
491360828,Public Safety
491360828,Water Pollution
491360828,Climate Change
491360828,Artificial Intelligence
491360828,Air Pollution
491360828,Land Use and Zoning
491360828,Technology Regulation
491307314,AI DATA CENTER BAN
491307314,Environmental Issues
491307314,Technology
491307314,Public Safety
491307314,Technology Regulation
491307314,Climate Change
491307314,Water Pollution
490650025,Community Petitions
490650025,Technology
490650025,Technology Regulation
490650025,Environmental Issues
490650025,Government and Politics
490650025,Water Pollution
490650025,Local Government
490881259,Environmental Issues
490881259,Government and Politics
490881259,Technology
490881259,Local Government
490881259,Artificial Intelligence
490881259,Technology Regulation
490900932,Business and Economy
490900932,Business Regulation
490900932,Consumer Rights
490900932,Economic Justice
490900932,Public Policy
490900932,Consumer Protection
490900932,Data center impact
490900932,Data Center
490900932,Energy reform
490900932,EnergyCrisis
490900932,Technology
490900932,Artificial Intelligence
490900932,Community Petitions
490900932,Government and Politics
490900932,Local Government
490900932,Technology Regulation
491057030,Environmental Issues
491057030,Government and Politics
491057030,Technology
491057030,Elections & Voter Rights
491057030,Local Government
491057030,Artificial Intelligence
491393458,Environmental Issues
491393458,Technology
491393458,Government and Politics
491393458,Technology Regulation
491393458,Climate Change
491393458,Water Pollution
490869374,Data Center in Hobart
490869374,Environmental Issues
490869374,Government and Politics
490869374,Technology
490869374,Climate Change
490869374,Global Warming
490869374,Local Government
491211659,government overreach
491211659,Tech Billionaires
491211659,Ai Datacenters
491211659,Data Center Utah
491211659,data center georgia
491211659,Data Center
491211659,Data Center Colorado
491211659,Public Safety
491211659,Technology
491211659,Government and Politics
491211659,Local Government
491211659,Technology Regulation
491211659,Land Use and Zoning
491200856,Environmental Issues
491200856,Technology
491200856,Government and Politics
491200856,Air Pollution
491200856,Water Pollution
491200856,Artificial Intelligence
491200856,Climate Change
491200856,Local Government
491064660,Environmental Issues
491064660,Government and Politics
491064660,Technology
491064660,Water Pollution
491064660,Local Government
491064660,Technology Regulation
491283485,Government and Politics
491283485,Environmental Issues
491283485,Local Government
491283485,Water Pollution
491283485,Elections & Voter Rights
491283485,Data Center
491283485,Data Centers
491283485,Elected Officials
491283485,Community Petitions
491229163,Environmental Issues
491229163,Technology
491229163,Government and Politics
491229163,Technology Regulation
491229163,Artificial Intelligence
491229163,Water Pollution
491229163,AI
491229163,Data Center Colorado
491229163,Data Center Utah
491229163,Data Center Alabama
491229163,Data center tennessee
491229163,data center Nevada
491229163,data centers maryland
490919674,Environmental Issues
490919674,Government and Politics
490919674,Technology
490919674,Local Government
490919674,Artificial Intelligence
490919674,Technology Regulation
491061142,Environmental Issues
491061142,Government and Politics
491061142,Technology
491061142,Local Government
491061142,Artificial Intelligence
491061142,Technology Regulation
491416699,Environmental Friendly Urban Planning
491416699,Environmental Issues
491416699,Technology
491416699,Government and Politics
491416699,Technology Regulation
491416699,Wildlife Biodiversity
491416699,Water Pollution
491416699,Local Government
491363561,Environmental Issues
491363561,Technology
491363561,Government and Politics
491363561,Technology Regulation
491363561,Water Pollution
491363561,Climate Change
491028263,Data Center Proposal
491028263,Environmental Issues
491028263,Government and Politics
491028263,Technology
491028263,Climate Change
491028263,Local Government
491028263,Regional Government
491194024,Environmental Issues
491194024,Public Safety
491194024,Government and Politics
491194024,Transportation
491194024,Water Pollution
491194024,Climate Change
491180745,AI
491180745,Environmental Issues
491180745,Government and Politics
491180745,Technology
491180745,Local Government
491180745,Climate Change
491180745,Water Pollution
491307676,Environmental Issues
491307676,Public Safety
491307676,Technology
491307676,Waste Management
491307676,Climate Change
491307676,Land Use and Zoning
491307676,Water Pollution
491307676,Technology Regulation
491315772,Technology
491315772,Artificial Intelligence
490967841,Environmental Issues
490967841,Government and Politics
490967841,Health and Well-Being
490967841,Wildlife Biodiversity
490967841,Global Social Justice Issues
490967841,Local Government
490958455,Community Petitions
490958455,Environmental Issues
490958455,Air Pollution Prevention
490958455,Artificial Intelligence
490958455,Technology Regulation
490958455,Black Lives Matter
490958455,Ethnic and Racial Minorities
490958455,Government and Politics
490958455,Black
490958455,Global Social Justice Issues
490958455,Local Government
491340253,Public Safety
491340253,Environmental Issues
491340253,Government and Politics
491340253,Local Government
491340253,Air Pollution
491340253,Land Use and Zoning
491340253,Data Center
491340253,Data Centers
491340253,Community Petitions
491169818,Water consumption
491169818,Electricity bills
491169818,Electricity loss
491169818,Environmental Issues
491169818,Public Safety
491169818,Animal Rights and Conservation
491169818,Land Use and Zoning
491169818,Air Pollution
491169818,Water Pollution
491418319,Environmental Issues
491418319,Technology
491418319,Health and Well-Being
491418319,Water Pollution
491418319,Air Pollution
491418319,Technology Regulation
491418319,Climate Change
491418319,Public Health
491418319,Artificial Intelligence
491319214,Environmental Issues
491319214,Health and Well-Being
491319214,Technology
491319214,Technology Regulation
491319214,Public Health
491319214,Water Pollution
491316371,Public Safety
491316371,Environmental Issues
491316371,Government and Politics
491316371,Climate Change
491316371,Water Pollution
491316371,Land Use and Zoning
491042188,Community Petititons
491042188,Technology
491042188,Artificial Intelligence
491042188,Budget and Spending
491042188,Business and Economy
491042188,Government and Politics
491042188,Business Ethics
491042188,Business Regulation
491042188,Corporate Responsibility
491156896,Public Safety
491156896,Government and Politics
491156896,Environmental Issues
491156896,Water Pollution
491156896,Local Government
491156896,Land Use and Zoning
491379877,Public Safety
491379877,Environmental Issues
491379877,Technology
491379877,Technology Regulation
491379877,Water Pollution
491379877,Land Use and Zoning
491415750,Environmental Issues
491415750,Government and Politics
491415750,Public Safety
491415750,Local Government
491415750,Air Pollution
491415750,Water Pollution
491411272,Environmental Issues
491411272,Public Safety
491411272,Government and Politics
491411272,Transportation
491411272,Wildlife Biodiversity
491411272,Climate Change
491386977,Flock cameras
491386977,Technology
491386977,Environmental Issues
491386977,Government and Politics
491386977,Technology Regulation
491386977,Artificial Intelligence
491386977,Data Privacy
491295254,Public Safety
491295254,Government and Politics
491295254,Technology
491295254,Technology Regulation
491295254,Local Government
491295254,Land Use and Zoning
491295254,Data Center
491295254,Data Centers
491295254,Data Centers Harmful
491417457,Technology
491417457,Global Warming
491417457,Mental Health
491164390,Environmental Issues
491164390,Technology
491164390,Government and Politics
491164390,Technology Regulation
491164390,Artificial Intelligence
491164390,Water Pollution
491325890,Environmental Issues
491325890,Government and Politics
491325890,Technology
491325890,Global Warming
491325890,Air Pollution
491325890,Local Government
491325890,Climate Change
491325890,Artificial Intelligence
491364348,Government and Politics
491364348,Technology
491364348,Public Safety
491364348,Land Use and Zoning
491364348,Data Privacy
491364348,Local Government
491364348,Data Center
491364348,Data Centers
491364348,Community Petition
491420884,Environmental Issues
491420884,Public Safety
491420884,Technology
491420884,Land Use and Zoning
491420884,Air Pollution
491420884,Water Pollution
491420884,Technology Regulation
491420884,Community Petitions
491267966,Environmental Issues
491267966,Technology
491267966,Government and Politics
491267966,Artificial Intelligence
491267966,Climate Change
491267966,Water Pollution
491054396,Electricity bills
491054396,corporateaccountability
491054396,Business and Economy
491054396,Government and Politics
491054396,Technology
491054396,Business Ethics
491054396,Business Regulation
491054396,Corporate Responsibility
491336815,Environmental Issues
491336815,Public Safety
491336815,Government and Politics
491336815,Land Use and Zoning
491336815,Wildlife Biodiversity
491336815,Water Pollution
491235411,Government and Politics
491235411,Technology
491235411,Environmental Issues
491235411,Technology Regulation
491235411,Freedom of Information
491235411,Local Government
491235411,Water Pollution
491235411,Data Center
491235411,Data Centers
491235411,Data Centers Harmful
491235411,Community Petitions
491339362,Environmental Issues
491339362,Government and Politics
491339362,Public Safety
491339362,Local Government
491339362,Climate Change
491339362,Air Pollution
491339362,Land Use and Zoning
491353519,Environmental Issues
491353519,Public Safety
491353519,Government and Politics
491353519,Disasters and Emergency Management
491353519,Wildlife Biodiversity
491353519,Water Pollution
491360862,Environmental Issues
491360862,Business and Economy
491360862,Government and Politics
491360862,Local Government
491360862,Workers' Rights
491360862,Water Pollution
491360862,Data Center
491360862,Data Centers
491360862,Community Petitions
491039738,environmental justice
491039738,Environmental Issues
491039738,Government and Politics
491039738,Technology
491039738,Air Pollution
491039738,Climate Change
491039738,Global Social Justice Issues
491214503,Environmental Issues
491214503,Government and Politics
491214503,Technology
491214503,Elections & Voter Rights
491214503,Water Pollution
491214503,Climate Change
491228184,Environmental Issues
491228184,Government and Politics
491228184,Health and Well-Being
491228184,Local Government
491228184,Air Pollution
491228184,Climate Change
491228184,Public Health
491228184,Data Centers Harmful
491228184,Data Centers
491310353,Environmental Issues
491310353,Technology
491310353,Government and Politics
491310353,Local Government
491310353,Technology Regulation
491310353,Water Pollution
491310353,Water Protections
491310353,Water consumption
491310353,Water Use
491310353,Data Center
491310353,Data Centers
491310353,Data Centers Harmful
491310353,Wisconsin Legislature
491310353,wisconsin law
491310353,great lakes
491310353,Community Petitions
491354388,Public Safety
491354388,Government and Politics
491354388,Technology
491354388,Technology Regulation
491354388,Local Government
491354388,Land Use and Zoning
491354388,Data Centers
491354388,Data center iowa
491354388,Community Petitions
491062370,Animal Rights and Conservation
491062370,Environmental Issues
491062370,Technology
491062370,Wildlife Conservation
491062370,Deforestation
491062370,Technology Regulation
491343856,Environmental Issues
491343856,Government and Politics
491343856,Technology
491343856,Corruption
491343856,Air Pollution
491343856,Water Pollution
491193798,Environmental Issues
491193798,Government and Politics
491193798,Public Safety
491193798,Local Government
491193798,Climate Change
491193798,Government Budget and Spending
491193798,Water Pollution
491193798,Land Use and Zoning
491393337,Business and Economy
491393337,Technology
491393337,Government and Politics
491393337,Data Privacy
491393337,Consumer Rights
491393337,Business Regulation
491396520,Business and Economy
491396520,Technology
491396520,Government and Politics
491396520,Data Privacy
491396520,Economic Justice
491396520,Business Regulation
491176184,Environmental Issues
491176184,Health and Well-Being
491176184,Government and Politics
491176184,Public Health
491176184,Air Pollution
491176184,Water Pollution
491400006,Technology
491400006,Public Safety
491400006,Government and Politics
491400006,Land Use and Zoning
491400006,Technology Regulation
491400006,Artificial Intelligence
491384226,Environmental Issues
491384226,Public Safety
491384226,Government and Politics
491384226,Air Pollution
491384226,Climate Change
491384226,Land Use and Zoning
491384226,Water Pollution
491384226,Local Government
491194495,Data Center
491194495,ohio
491194495,farming community
491194495,organic
491194495,Plant Health
491194495,farmland
491194495,farm freedom
491194495,Environmental Issues
491194495,Public Safety
491194495,Government and Politics
491194495,Land Use and Zoning
491194495,Water Pollution
491194495,Air Pollution
491384146,Environmental Issues
491384146,Public Safety
491384146,Technology
491384146,Air Pollution
491384146,Water Pollution
491384146,Deforestation
490846717,Data Centers
490846717,AI
490846717,great lakes
490846717,water conservation
490846717,natural resources
490846717,Environmental Issues
490846717,Government and Politics
490846717,Technology
490846717,Global Warming
490846717,Waste Management
490846717,Water Pollution
491175391,Data Centers
491175391,AI
491175391,Constellation Energy
491175391,Farmland Protection
491175391,Ogle County
491175391,Protect Our Water
491175391,conservation
491175391,No More Data Centers
491175391,illinois
491175391,Environmental Issues
491175391,Public Safety
491175391,Government and Politics
491175391,Land Use and Zoning
491175391,Air Pollution
491175391,Water Pollution
491297005,Environmental Issues
491297005,Public Safety
491297005,Government and Politics
491297005,Land Use and Zoning
491297005,Air Pollution
491297005,Climate Change
490522259,Animal Rights and Conservation
490522259,Environmental Issues
490522259,Technology
490522259,Air Pollution
490522259,Waste Management
490522259,Water Pollution
490912959,Environmental Issues
490912959,climate change prevention
490912959,Global warming prevention
490912959,Business and Economy
490912959,Business Ethics
490912959,Corporate Responsibility
490912959,Economic Justice
490912959,Data center impact
490912959,Data center opposition
490912959,Data Center
490912959,Public Policy
490912959,Technology
490912959,Artificial Intelligence
490912959,Community Petitions
490912959,Government and Politics
490912959,Technology Regulation
490912959,Local Government
490912959,Regional Government
490912959,Climate Change
491220878,Environmental Issues
491220878,Public Safety
491220878,Government and Politics
491220878,Land Use and Zoning
491220878,Water Pollution
491220878,Waste Management
491238965,Environmental Issues
491238965,Health and Well-Being
491238965,Government and Politics
491238965,Local Government
491238965,Public Health
491238965,Water Pollution
491353313,healthy living
491353313,Clean environment
491353313,Bring Awarness
491353313,Research standards
491353313,Environmental Issues
491353313,Public Safety
491353313,Technology
491353313,Technology Regulation
491353313,Air Pollution
491353313,Land Use and Zoning
491407765,Environmental Issues
491407765,Public Safety
491407765,Government and Politics
491407765,Local Government
491407765,Land Use and Zoning
491407765,Water Pollution
491431935,Environmental Issues
491431935,Public Safety
491431935,Technology
491431935,Wildlife Biodiversity
491431935,Water Pollution
491431935,Land Use and Zoning
491431935,Climate Change
491431935,Technology Regulation
490956018,Environmental Issues
490956018,Government and Politics
490956018,Technology
490956018,Climate Change
490956018,Global Warming
490956018,Technology Regulation
490990390,Environmental threat
490990390,Data Center
490990390,AI
490990390,Economic threat
490990390,Bay County
490990390,Bay City
490990390,Auburn
490990390,Essexville
490990390,Pinconning
490990390,Bangor County
490990390,beaver county
490990390,Frankenlust County
490990390,Fraser County
490990390,Garfield county
490990390,Gibson County
490990390,Hampton County
490990390,Kawkawlin County
490990390,Merritt County
490990390,Monitor County
490990390,Mount Forest County
490990390,Pinconning County
490990390,Portsmouth County
490990390,Williams County
490990390,Saginaw County
490990390,Saginaw
490990390,midland
490990390,flint
490990390,Data Center Proposal
490990390,Business and Economy
490990390,Environmental Issues
490990390,Technology
490990390,Economic Justice
490990390,Small Business Support
490990390,Technology Regulation
491238072,Environmental Issues
491238072,Public Safety
491238072,Business and Economy
491238072,Land Use and Zoning
491238072,Air Pollution
491238072,Climate Change
491284544,Environmental Issues
491284544,Technology
491284544,Government and Politics
491284544,Technology Regulation
491284544,Climate Change
491284544,Water Pollution
491284544,Government Budget and Spending
491308897,Environmental Issues
491308897,Technology
491308897,Public Safety
491308897,Technology Regulation
491308897,Climate Change
491308897,Artificial Intelligence
491308897,Water Pollution
491308897,Disasters and Emergency Management
491355739,Environmental Issues
491355739,Public Safety
491355739,Climate Change
491355739,Land Use and Zoning
491355739,Air Pollution
491355739,Water Pollution
491342149,Environmental Issues
491342149,Public Safety
491342149,Government and Politics
491342149,Land Use and Zoning
491342149,Wildlife Biodiversity
491342149,Water Pollution
491303482,rural missouri
491303482,AI
491303482,Data Centers
491303482,WE THE PEOPLE OF THE USA
491303482,Mike Kehoe
491303482,David wasinger
491303482,Licking Missouri
491303482,Texas County MO
491303482,Houston MO
491303482,Cabool MO
491303482,We are the stewards of our future
491303482,Environmental Issues
491303482,Government and Politics
491303482,Business and Economy
491303482,Business Regulation
491303482,Local Government
491303482,Water Pollution
490911636,Environmental Issues
490911636,climate change prevention
490911636,Global warming prevention
490911636,Business and Economy
490911636,Business Ethics
490911636,Corporate Responsibility
490911636,Economic Justice
490911636,Data center impact
490911636,Data center opposition
490911636,Data Center
490911636,Public Policy
490911636,Technology
490911636,Artificial Intelligence
490911636,Community Petitions
490911636,Government and Politics
490911636,Corruption
490911636,Technology Regulation
490911636,Local Government
490911636,Regional Government
490911636,Water Pollution
491319599,Public Safety
491319599,Government and Politics
491319599,Land Use and Zoning
491319599,Local Government
491226488,Environmental Issues
491226488,Business and Economy
491226488,Government and Politics
491226488,Air Pollution
491226488,Water Pollution
491226488,Corporate Responsibility
491226488,Climate Change
491226488,Local Government
491342410,Environmental Issues
491342410,Public Safety
491342410,Business and Economy
491342410,Wildlife Biodiversity
491342410,Water Pollution
491342410,Land Use and Zoning
491342410,Climate Change
491342410,Small Business Support
491317534,Environmental Issues
491317534,Public Safety
491317534,Government and Politics
491317534,Land Use and Zoning
491317534,Air Pollution
491317534,Water Pollution
491323690,Environmental Issues
491323690,Animal Rights and Conservation
491323690,Wildlife Biodiversity
491323690,Endanged Species
491323690,Wildlife Conservation
491349675,Data Centers
491349675,Public Safety
491349675,Environmental Issues
491349675,Government and Politics
491349675,Local Government
491349675,Air Pollution
491349675,Land Use and Zoning
491113367,Environmental Issues
491113367,Government and Politics
491113367,Public Safety
491113367,Government Budget and Spending
491113367,Local Government
491113367,Land Use and Zoning
491150087,Government and Politics
491150087,Business and Economy
491150087,Environmental Issues
491150087,Business Regulation
491150087,Government Budget and Spending
491150087,Local Government
490914649,Business and Economy
490914649,Environmental Issues
490914649,Technology
490914649,Economic Justice
490914649,Data Privacy
490914649,Technology Regulation
490911652,Environmental Issues
490911652,climate change prevention
490911652,Global warming prevention
490911652,Business and Economy
490911652,Business Ethics
490911652,Corporate Responsibility
490911652,Economic Justice
490911652,Data center impact
490911652,Data center opposition
490911652,Data Center
490911652,Public Policy
490911652,Technology
490911652,Artificial Intelligence
490911652,Community Petitions
490911652,Government and Politics
490911652,Technology Regulation
490911652,Local Government
490911652,Regional Government
490911652,Business Regulation
490922761,Environmental Issues
490922761,climate change prevention
490922761,Global warming prevention
490922761,Business and Economy
490922761,Business Ethics
490922761,Corporate Responsibility
490922761,Economic Justice
490922761,Data center impact
490922761,Data center opposition
490922761,Data Center
490922761,Public Policy
490922761,Technology
490922761,Artificial Intelligence
490922761,Community Petitions
490922761,Government and Politics
490922761,Technology Regulation
490922761,Local Government
490922761,Regional Government
490922761,Business Regulation
490922761,Air Pollution
490922761,Global Social Justice Issues
491072623,Data Center
491072623,Environment and energy
491072623,Environmental threat
491072623,Environmental Issues
491072623,Government and Politics
491072623,Technology
491072623,Climate Change
491072623,Global Warming
491072623,Technology Regulation
491330591,Environmental Issues
491330591,Technology
491330591,Business and Economy
491330591,Consumer Rights
491330591,Technology Regulation
491330591,Water Pollution
491184404,Environmental Issues
491184404,Public Safety
491184404,Technology
491184404,Technology Regulation
491184404,Land Use and Zoning
491184404,Water Pollution
491351442,Environmental Issues
491351442,Technology
491351442,Animal Rights and Conservation
491351442,Artificial Intelligence
491351442,Wildlife Biodiversity
491351442,Water Pollution
491396355,Water Depletion
491396355,Environmental Sustainability
491396355,Future Planning
491396355,Environmental Issues
491396355,Government and Politics
491396355,Technology
491396355,Technology Regulation
491396355,Local Government
491396355,Water Pollution
491233691,data center inyokern
491233691,Environmental Issues
491233691,Government and Politics
491233691,Public Safety
491233691,Local Government
491233691,Water Pollution
491233691,Air Pollution
490994714,Environmental Issues
490994714,Government and Politics
490994714,Technology
490994714,Corruption
490994714,Local Government
490994714,Technology Regulation
491202277,Environmental Issues
491202277,Technology
491202277,Public Safety
491202277,Technology Regulation
491202277,Water Pollution
491202277,Climate Change
491202277,Land Use and Zoning
490918459,Community Petitions
490918459,Technology
490918459,Technology Regulation
490918459,Environmental Issues
490918459,Government and Politics
490918459,Water Pollution
490918459,Local Government
490918459,Data Centers
490918459,Climate Change
490918459,Artificial Intelligence
491337699,Environmental Issues
491337699,Animal Rights and Conservation
491337699,Government and Politics
491337699,Local Government
491337699,Wildlife Conservation
491337699,Wildlife Biodiversity
491364060,Environmental Issues
491364060,Public Safety
491364060,Technology
491364060,Transportation
491364060,Land Use and Zoning
491364060,Air Pollution
491364060,Technology Regulation
491314058,Environmental Issues
491314058,Technology
491314058,Public Safety
491314058,Air Pollution
491314058,Climate Change
491314058,Artificial Intelligence
491314058,Water Pollution
491314058,Land Use and Zoning
491314058,Technology Regulation
491398695,Environmental Issues
491398695,Technology
491398695,Animal Rights and Conservation
491398695,Wildlife Biodiversity
491398695,Water Pollution
491398695,Artificial Intelligence
491398695,Climate Change
491398695,Wildlife Conservation
491398695,Technology Regulation
490914443,Artificial Intelligence
490914443,Data Center
490914443,great lakes
490914443,Michigan Ban Data Centers
490914443,Environmental Issues
490914443,Government and Politics
490914443,Technology
490914443,Climate Change
490914443,Water Pollution
490801483,Environmental Issues
490801483,Government and Politics
490801483,Technology
490801483,Local Government
490801483,Artificial Intelligence
490801483,Technology Regulation
491346508,Environmental Issues
491346508,Technology
491346508,Global Warming
491346508,Artificial Intelligence
491346508,Climate Change
491400505,Environmental Issues
491400505,Technology
491400505,Government and Politics
491400505,Artificial Intelligence
491400505,Wildlife Biodiversity
491400505,Water Pollution
491413664,Environmental Issues
491413664,Technology
491413664,Government and Politics
491413664,Artificial Intelligence
491413664,Climate Change
491413664,Water Pollution
491342265,AI
491342265,Halt ai
491342265,Data Centers
491342265,Data Center
491342265,usa
491342265,Environmental Issues
491342265,Technology
491342265,Government and Politics
491342265,Technology Regulation
491342265,Artificial Intelligence
491342265,Water Pollution
491192892,Environmental Issues
491192892,Public Safety
491192892,Technology
491192892,Land Use and Zoning
491192892,Wildlife Biodiversity
491192892,Water Pollution
491400025,AI
491400025,Ai Datacenters
491400025,AI Data Center Accountability
491400025,AI minor characters Pornography
491400025,Environmental Issues
491400025,Public Safety
491400025,Technology
491400025,Land Use and Zoning
491400025,Air Pollution
491400025,Water Pollution
491330734,Water Protections
491330734,Agriculture and Farming
491330734,Livestock protection
491330734,Wildlife protect
491330734,Electricity bills
491330734,Air pollution potential
491330734,Farm land protection
491330734,Environmental Issues
491330734,Public Safety
491330734,Technology
491330734,Land Use and Zoning
491330734,Air Pollution
491330734,Disasters and Emergency Management
491330734,Water Pollution
491330734,Technology Regulation
491382677,Environmental Issues
491382677,Technology
491382677,Government and Politics
491382677,Technology Regulation
491382677,Climate Change
491382677,Water Pollution
491327312,Environmental Issues
491327312,Technology
491327312,Public Safety
491327312,Technology Regulation
491327312,Waste Management
491327312,Artificial Intelligence
491327312,Water Pollution
491327312,Land Use and Zoning
491310647,Environmental Issues
491310647,Technology
491310647,Government and Politics
491310647,Technology Regulation
491310647,Water Pollution
491310647,Climate Change
491279511,Environmental Issues
491279511,Public Safety
491279511,Government and Politics
491279511,Land Use and Zoning
491279511,Wildlife Biodiversity
491279511,Water Pollution
491304303,Environmental Issues
491304303,Public Safety
491304303,Technology
491304303,Wildlife Biodiversity
491304303,Air Pollution
491304303,Land Use and Zoning
491304303,Water Pollution
491304303,Technology Regulation
491304303,Transportation
491314644,Technology
491314644,Environmental Issues
491314644,Government and Politics
491314644,Local Government
491314644,Water Pollution
491314644,Technology Regulation
491042368,Business and Economy
491042368,Environmental Issues
491042368,Technology
491042368,Business Regulation
491042368,Artificial Intelligence
491042368,Technology Regulation
491167946,Business and Economy
491167946,Government and Politics
491167946,Business Regulation
491167946,Local Government
491167946,Consumer Rights
491420142,Environmental Issues
491420142,Animal Rights and Conservation
491420142,Water Pollution
491420142,Wildlife Conservation
491420142,Climate Change
491431976,Technology
491431976,Environmental Issues
491431976,Government and Politics
491431976,Climate Change
491431976,Technology Regulation
491431976,Data Privacy
491241023,Environmental Issues
491241023,Public Safety
491241023,Technology
491241023,Land Use and Zoning
491241023,Wildlife Biodiversity
491241023,Water Pollution
491364226,Government and Politics
491364226,Environmental Issues
491364226,Public Safety
491364226,Water Pollution
491364226,Freedom of Information
491364226,Local Government
491291413,Environmental Issues
491291413,Public Safety
491291413,Technology
491291413,Disasters and Emergency Management
491291413,Climate Change
491291413,Water Pollution
491291413,Artificial Intelligence
491156266,Environmental Issues
491156266,Public Safety
491156266,Technology
491156266,Air Pollution
491156266,Climate Change
491156266,Water Pollution
491237529,Environmental Issues
491237529,Government and Politics
491237529,Technology
491237529,Water Pollution
491237529,Air Pollution
491237529,National Government
491237529,Climate Change
491237529,Technology Regulation
491237529,Government Budget and Spending
491237529,Ohio Laws
491237529,Ohio legislation
491237529,Data Center
491237529,Data Centers
491237529,Data Centers Harmful
491237529,Community Petitions
491225356,Environmental Issues
491225356,Public Safety
491225356,Technology
491225356,Land Use and Zoning
491225356,Air Pollution
491225356,Water Pollution
491225356,Artificial Intelligence
491327820,Environmental Issues
491327820,Government and Politics
491327820,Technology
491327820,Local Government
491327820,Air Pollution
491327820,Climate Change
491327820,Technology Regulation
490924334,Environmental Issues
490924334,Government and Politics
490924334,Technology
490924334,Artificial Intelligence
490924334,Data Privacy
490924334,Technology Regulation
490936212,Environmental Issues
490936212,Government and Politics
490936212,Technology
490936212,Climate Change
490936212,Global Warming
490936212,Water Pollution
491161705,Environmental Issues
491161705,Public Safety
491161705,Technology
491161705,Air Pollution
491161705,Wildlife Biodiversity
491161705,Land Use and Zoning
491161705,Climate Change
491161705,Technology Regulation
491428440,Environmental Issues
491428440,Public Safety
491428440,Government and Politics
491428440,Land Use and Zoning
491428440,Wildlife Biodiversity
491428440,Water Pollution
491428440,Local Government
491293063,Environmental Issues
491293063,Government and Politics
491293063,Technology
491293063,Air Pollution
491293063,Water Pollution
491293063,Local Government
491293063,Climate Change
491293063,Technology Regulation
491305787,Environmental Issues
491305787,Public Safety
491305787,Government and Politics
491305787,Land Use and Zoning
491305787,Wildlife Biodiversity
491305787,Water Pollution
491305787,Local Government
491237543,Environmental Issues
491237543,Public Safety
491237543,Technology
491237543,Technology Regulation
491237543,Crime Prevention
491237543,Water Pollution
491201638,Environmental Issues
491201638,Government and Politics
491201638,Water Pollution
491201638,Climate Change
491201638,Deforestation
491289375,Public Safety
491289375,Environmental Issues
491289375,Technology
491289375,Technology Regulation
491289375,Water Pollution
491289375,Land Use and Zoning
491303574,Environmental Issues
491303574,Public Safety
491303574,Technology
491303574,Disasters and Emergency Management
491303574,Waste Management
491303574,Water Pollution
491303574,Technology Regulation
491235961,Environmental Issues
491235961,Technology
491235961,Public Safety
491235961,Wildlife Biodiversity
491235961,Water Pollution
491235961,Technology Regulation
491235961,Climate Change
491235961,Land Use and Zoning
491340490,Environmental Issues
491340490,Public Safety
491340490,Government and Politics
491340490,Local Government
491340490,Food Security
491340490,Land Use and Zoning
490990400,Animal Rights and Conservation
490990400,Environmental Issues
490990400,Technology
490990400,Wildlife Conservation
490990400,Deforestation
490990400,Wildlife Biodiversity
491368891,Environmental Issues
491368891,Technology
491368891,Government and Politics
491368891,Technology Regulation
491368891,Climate Change
491368891,Water Pollution
491342031,Environmental Issues
491342031,Public Safety
491342031,Technology
491342031,Land Use and Zoning
491342031,Air Pollution
491342031,Water Pollution
491319475,Public Safety
491319475,Environmental Issues
491319475,Government and Politics
491319475,Local Government
491319475,Transportation
491319475,Land Use and Zoning
490091109,Child and Family Well-Being
490091109,Environmental Issues
490091109,Government and Politics
490091109,Technology
490091109,Local Government
490091109,Regional Government
490091109,Technology Regulation
491370615,Environmental Issues
491370615,Public Safety
491370615,Government and Politics
491370615,Local Government
491370615,Water Pollution
491370615,Air Pollution
490910498,Animal Rights and Conservation
490910498,Environmental Issues
490910498,Government and Politics
490910498,Wildlife Conservation
490910498,Wildlife Biodiversity
490910498,Local Government
490860892,Animal Rights and Conservation
490860892,Environmental Issues
490860892,Technology
490860892,Wildlife Conservation
490860892,Air Pollution
490860892,Wildlife Biodiversity
491335757,Environmental Issues
491335757,Technology
491335757,Wildlife Biodiversity
491335757,Land Use and Zoning
491391347,Public Safety
491391347,Environmental Issues
491391347,Government and Politics
491391347,Wildlife Biodiversity
491391347,Transportation
491391347,Land Use and Zoning
491309993,Environmental Issues
491309993,Technology
491309993,Government and Politics
491309993,Local Government
491309993,Water Pollution
491309993,Climate Change
491349907,Environmental Issues
491349907,Public Safety
491349907,Technology
491349907,Land Use and Zoning
491349907,Waste Management
491349907,Water Pollution
491328332,data centers minnesota
491328332,Environmental Issues
491328332,Public Safety
491328332,Government and Politics
491328332,Air Pollution
491328332,Wildlife Biodiversity
491328332,Traffic Safety
491328332,Water Pollution
491328332,Local Government
491193738,Environmental Issues
491193738,Technology
491193738,Government and Politics
491193738,Technology Regulation
491193738,Water Pollution
491193738,Climate Change
491228400,Environmental Issues
491228400,Public Safety
491228400,Government and Politics
491228400,Land Use and Zoning
491228400,Water Pollution
491228400,Air Pollution
491404735,Environmental Issues
491404735,Public Safety
491404735,Business and Economy
491404735,Wildlife Biodiversity
491404735,Air Pollution
491404735,Consumer Protection
491404735,Water Pollution
491404735,Affordable Housing
491438492,Environmental Issues
491438492,Government and Politics
491438492,Water Pollution
491438492,Local Government
491438492,Wildlife Biodiversity
491327985,Environmental Issues
491327985,Public Safety
491327985,Technology
491327985,Water Pollution
491327985,Global Warming
491327985,Land Use and Zoning
491327985,Climate Change
491327985,Technology Regulation
491210173,Environmental Issues
491210173,Public Safety
491210173,Government and Politics
491210173,Land Use and Zoning
491210173,Wildlife Biodiversity
491210173,Water Pollution
491210173,Local Government
490867448,Environmental Issues
490867448,Government and Politics
490867448,Health and Well-Being
490867448,Air Pollution
490867448,Wildlife Biodiversity
490867448,Local Government
491185698,Environmental Issues
491185698,Public Safety
491185698,Technology
491185698,Land Use and Zoning
491185698,Air Pollution
491185698,Climate Change
491379360,Environmental Issues
491379360,Government and Politics
491379360,Technology
491379360,Climate Change
491379360,Wildlife Biodiversity
491379360,Local Government
491379360,Water Pollution
491379360,Technology Regulation
491328767,Environmental Issues
491328767,Public Safety
491328767,Animal Rights and Conservation
491328767,Air Pollution
491328767,Water Pollution
491328767,Land Use and Zoning
491328767,Deforestation
491328767,Wildlife Conservation
491185606,noise pollution
491185606,Environmental Issues
491185606,Public Safety
491185606,Government and Politics
491185606,Disasters and Emergency Management
491185606,Water Pollution
491185606,Air Pollution
491244814,Environmental Issues
491244814,Business and Economy
491244814,Government and Politics
491244814,Local Government
491244814,Business Regulation
491244814,Water Pollution
491225169,Data Center
491225169,Environmental Issues
491225169,Public Safety
491225169,Government and Politics
491225169,Air Pollution
491225169,Water Pollution
491225169,Traffic Safety
491225169,Climate Change
491225169,Local Government
491225169,Land Use and Zoning
491305766,Environmental Issues
491305766,Public Safety
491305766,Technology
491305766,Technology Regulation
491305766,Land Use and Zoning
491305766,Water Pollution
491311705,Environmental Issues
491311705,Public Safety
491311705,Business and Economy
491311705,Land Use and Zoning
491311705,Wildlife Biodiversity
491311705,Water Pollution
491311705,Affordable Housing
491361667,Environmental Issues
491361667,Government and Politics
491361667,Business and Economy
491361667,Local Government
491361667,Water Pollution
491361667,Climate Change
491331574,Environmental Issues
491331574,Public Safety
491331574,Business and Economy
491331574,Affordable Housing
491331574,Land Use and Zoning
491331574,Air Pollution
491315866,Environmental Issues
491315866,Public Safety
491315866,Government and Politics
491315866,Land Use and Zoning
491315866,Waste Management
491315866,Transportation
491315866,Water Pollution
491315866,Local Government
491417886,Environmental Issues
491417886,Public Safety
491417886,Water Pollution
491417886,Land Use and Zoning
491417886,Climate Change
491431180,Project Jupiter
491431180,Environmental Issues
491431180,Public Safety
491431180,Water Pollution
491431180,Land Use and Zoning
491321034,Environmental Issues
491321034,Public Safety
491321034,Government and Politics
491321034,Land Use and Zoning
491321034,Air Pollution
491321034,Water Pollution
491241660,Environmental Issues
491241660,Public Safety
491241660,Business and Economy
491241660,Land Use and Zoning
491241660,Air Pollution
491241660,Water Pollution
491241660,AI
491241660,Data Center Willis Tx
491241660,Data Centers Montgomery County
491332273,Environmental Issues
491332273,Public Safety
491332273,Technology
491332273,Land Use and Zoning
491332273,Wildlife Biodiversity
491332273,Water Pollution
491352582,Animal Rights and Conservation
491352582,Environmental Issues
491352582,Public Safety
491352582,Water Pollution
491352582,Wildlife Conservation
491352582,Endanged Species
490574207,Environmental Issues
490574207,Government and Politics
490574207,Technology
490574207,Cybersecurity
490574207,Data Privacy
490574207,Technology Regulation
490783209,Environmental Issues
490783209,Government and Politics
490783209,Technology
490783209,Air Pollution
490783209,Water Pollution
490783209,Local Government
491248787,Environmental Issues
491248787,Government and Politics
491248787,Water Pollution
491248787,Local Government
491367473,Environmental Issues
491367473,Government and Politics
491367473,Public Safety
491367473,Local Government
491367473,Air Pollution
491367473,Water Pollution
490993846,Environmental Issues
490993846,Government and Politics
490993846,Technology
490993846,Climate Change
490993846,Global Warming
490993846,Local Government
490784905,Environmental Issues
490784905,Government and Politics
490784905,Technology
490784905,Water Pollution
490784905,Regional Government
490784905,Technology Regulation
491419233,Public Safety
491419233,Environmental Issues
491419233,Technology
491419233,Air Pollution
491419233,Traffic Safety
491419233,Land Use and Zoning
491297945,Environmental Issues
491297945,Public Safety
491297945,Technology
491297945,Wildlife Biodiversity
491297945,Water Pollution
491297945,Traffic Safety
491297945,Climate Change
491297945,Technology Regulation
491325299,Environmental Issues
491325299,Government and Politics
491325299,Public Safety
491325299,Local Government
491325299,Climate Change
491325299,Water Pollution
491374068,Environmental Issues
491374068,Public Safety
491374068,Water Pollution
491374068,Disasters and Emergency Management
491374068,Climate Change
490914099,Environmental Issues
490914099,Government and Politics
490914099,Technology
490914099,Air Pollution
490914099,Local Government
490914099,Regional Government
490935580,Environmental Issues
490935580,Government and Politics
490935580,Technology
490935580,Climate Change
490935580,Global Warming
490935580,Local Government
491403580,Environmental Issues
491403580,Public Safety
491403580,Technology
491403580,Wildlife Biodiversity
491403580,Water Pollution
491403580,Traffic Safety
491403580,Air Pollution
491403580,Technology Regulation
491403580,Land Use and Zoning
491315218,Environmental Issues
491315218,Public Safety
491315218,Business and Economy
491315218,Transportation
491315218,Air Pollution
491315218,Water Pollution
491226150,Environmental Issues
491226150,Public Safety
491226150,Technology
491226150,Water Pollution
491226150,Air Pollution
491226150,Waste Management
491226150,Artificial Intelligience
491197833,Electricity bills
491197833,Environmental Issues
491197833,Technology
491197833,Business and Economy
491197833,Wildlife Biodiversity
491197833,Water Pollution
491197833,Data Privacy
491197833,Deforestation
491197833,Business Regulation
491300549,Environmental Issues
491300549,Public Safety
491300549,Technology
491300549,Land Use and Zoning
491300549,Wildlife Biodiversity
491300549,Waste Management
491302959,Environmental Issues
491302959,Public Safety
491302959,Air Pollution
491302959,Land Use and Zoning
491302959,Climate Change
491302959,Water Pollution
490807516,Government and Politics
490807516,Technology
490807516,Technology Regulation
490807516,no data center
490807516,Health and Safety
490807516,safe water
490807516,cost of living
490807516,Electricity bills
490807516,Health Risks to Children
490807516,health risks to pregnant
490807516,Air Pollution
490807516,diesel generator emissions
490807516,protect lake erie
490807516,groundwater protection
491424223,Environmental Issues
491424223,Public Safety
491424223,Government and Politics
491424223,Climate Change
491424223,Air Pollution
491424223,Water Pollution
491319645,Environmental Issues
491319645,Public Safety
491319645,Government and Politics
491319645,Water Pollution
491319645,Global Warming
491319645,Land Use and Zoning
491319645,Climate Change
491319645,Local Government
491156245,Environmental Issues
491156245,Public Safety
491156245,Technology
491156245,Land Use and Zoning
491156245,Wildlife Biodiversity
491156245,Water Pollution
491156245,Technology Regulation
491238079,Environmental Issues
491238079,Technology
491238079,Government and Politics
491238079,Technology Regulation
491238079,Water Pollution
491238079,Climate Change
491296472,Environmental Issues
491296472,Technology
491296472,Government and Politics
491296472,Technology Regulation
491296472,Global Warming
491296472,Climate Change
491424254,Environmental Issues
491424254,Technology
491424254,Government and Politics
491424254,Technology Regulation
491424254,Water Pollution
491424254,Wildlife Biodiversity
491298711,Environmental Issues
491298711,Technology
491298711,Public Safety
491298711,Data Privacy
491298711,Air Pollution
491298711,Water Pollution
491401360,Environmental Issues
491401360,Public Safety
491401360,Technology
491401360,Land Use and Zoning
491401360,Water Pollution
491401360,Climate Change
491414378,Environmental Issues
491414378,Public Safety
491414378,Technology
491414378,Land Use and Zoning
491414378,Air Pollution
491414378,Wildlife Biodiversity
491414378,Technology Regulation
490820202,Hubbard Ohio
490820202,Data center in hubbard ohio
490820202,Environmental Issues
490820202,Government and Politics
490820202,Technology
490820202,Water Pollution
490820202,Local Government
490820202,Technology Regulation
491052204,Environmental Issues
491052204,Government and Politics
491052204,Technology
491052204,Plant Biodiversity
491052204,Local Government
491052204,Technology Regulation
491347326,Environmental Issues
491347326,Public Safety
491347326,Government and Politics
491347326,Traffic Safety
491347326,Wildlife Biodiversity
491347326,Water Pollution
491200836,Public Safety
491200836,Environmental Issues
491200836,Government and Politics
491200836,Water Pollution
491200836,Transportation
491200836,Land Use and Zoning
490732987,Environmental Issues
490732987,Government and Politics
490732987,Technology
490732987,Waste Management
490732987,Water Pollution
490732987,Wildlife Biodiversity
490989747,Environmental Issues
490989747,Government and Politics
490989747,Technology
490989747,Deforestation
490989747,Local Government
490989747,Technology Regulation
491310098,Environmental Issues
491310098,Technology
491310098,Government and Politics
491310098,Technology Regulation
491310098,Water Pollution
491310098,Climate Change
490816822,Environmental Issues
490816822,Government and Politics
490816822,Technology
490816822,Water Pollution
490816822,Wildlife Biodiversity
490816822,Local Government
491042328,Environmental Issues
491042328,Health and Well-Being
491042328,Technology
491042328,Air Pollution
491042328,Public Health
491042328,Technology Regulation
491257998,Environmental Issues
491257998,Government and Politics
491257998,Climate Change
491257998,Local Government
491257998,Water Pollution
491257998,Air Pollution
491360979,Environmental Issues
491360979,Technology
491360979,Government and Politics
491360979,Water Pollution
491360979,Waste Management
491360979,Technology Regulation
491360979,Climate Change
491360979,Local Government
490695477,Environmental Issues
490695477,Government and Politics
490695477,Technology
490695477,Local Government
490695477,Regional Government
490695477,Technology Regulation
490957748,Environmental Issues
490957748,Health and Well-Being
490957748,Technology
490957748,Air Pollution
490957748,Water Pollution
490957748,Technology Regulation
491359788,Public Safety
491359788,Environmental Issues
491359788,Government and Politics
491359788,Local Government
491359788,Water Pollution
491359788,Land Use and Zoning
491303563,Environmental Issues
491303563,Public Safety
491303563,Technology
491303563,Land Use and Zoning
491303563,Waste Management
491303563,Water Pollution
491350635,Environmental Issues
491350635,Technology
491350635,Government and Politics
491350635,Artificial Intelligence
491350635,Climate Change
491350635,Water Pollution
491257893,Environmental Issues
491257893,Public Safety
491257893,Technology
491257893,Land Use and Zoning
491257893,Air Pollution
491257893,Water Pollution
491375675,Environmental Issues
491375675,Government and Politics
491375675,Water Pollution
491375675,Local Government
491375675,Wildlife Biodiversity
491336903,Irvington
491336903,Indianapolis
491336903,east side
491336903,indiana
491336903,Data Center
491336903,DC BLOX
491336903,Ban Data Centers
491336903,Electricity bills
491336903,Environmental Issues
491336903,Public Safety
491336903,Business and Economy
491336903,Land Use and Zoning
491336903,Water Pollution
491336903,Air Pollution
491328459,Environmental Issues
491328459,Government and Politics
491328459,Technology
491328459,Artificial Intelligence
491328459,Local Government
491328459,Water Pollution
491263831,Environmental Issues
491263831,Technology
491263831,Government and Politics
491263831,Air Pollution
491263831,Water Pollution
491263831,Technology Regulation
491263831,Climate Change
491263831,Local Government
490254809,Data Center Corruption
490254809,indiana
490254809,Small Towns
490254809,farmland
490254809,Government and Politics
490254809,Public Safety
490254809,Technology
490254809,Corruption
490254809,Data Privacy
490254809,Technology Regulation
491233944,Environmental Issues
491233944,Public Safety
491233944,Technology
491233944,Local Government
491233944,Water Pollution
491233944,Air Pollution
491233944,Ai Datacenters
491233944,Windsor colorado
491233944,Severance Colorado
491233944,greeley
491070945,Animal Rights and Conservation
491070945,Environmental Issues
491070945,Technology
491070945,Climate Change
491070945,Water Pollution
491070945,Artificial Intelligence
491295576,Business and Economy
491295576,Government and Politics
491295576,Corporate Responsibility
491295576,Government Budget and Spending
491295576,Economic Justice
491295576,Data Center
491295576,Data Centers
491295576,Michigan Data Center
491295576,Community Petitions
491159334,Environmental Issues
491159334,Government and Politics
491159334,Public Safety
491159334,Land Use and Zoning
491159334,Local Government
491159334,Water Pollution
491159334,data center developer
491159334,Data Centers
491159334,Data Centers Harmful
491159334,Community Petitions
491352922,Environmental Issues
491352922,Public Safety
491352922,Technology
491352922,Land Use and Zoning
491352922,Air Pollution
491352922,Water Pollution
491352922,Technology Regulation
491204649,Government and Politics
491204649,Public Safety
491204649,Technology
491204649,Technology Regulation
491204649,Land Use and Zoning
491204649,Local Government
491204649,Data Center
491204649,Data Centers
491204649,Data Centers Harmful
491204649,Community Petitions
491406510,Technology
491406510,Public Safety
491406510,Government and Politics
491406510,Land Use and Zoning
491406510,Technology Regulation
491406510,Artificial Intelligence
491345079,Technology
491345079,Government and Politics
491345079,Data Privacy
491345079,Local Government
491403743,globalwarming
491403743,louisiana
491403743,Data Centers
491403743,envirmental issues
491403743,Government and Poitics
491403743,Environmental Issues
491403743,Government and Politics
491403743,Climate Change
491403743,Local Government
491403743,Global Warming
491153028,Business and Economy
491153028,Public Safety
491153028,Government and Politics
491153028,Consumer Protection
491153028,Consumer Rights
491153028,Business Regulation
491153028,Ohio legislation
491153028,Ohio Laws
491153028,Data Center
491153028,Data Centers
491153028,Data Centers Harmful
491153028,Community Petitions
491326694,Environment and energy
491326694,mesaarizona
491326694,Water Protections
491326694,Water consumption
491326694,Environmental Issues
491326694,Government and Politics
491326694,Technology
491326694,Local Government
491326694,Climate Change
491326694,Water Pollution
490763086,Environmental Issues
490763086,Government and Politics
490763086,Technology
490763086,Air Pollution
490763086,Local Government
490763086,Technology Regulation
491298861,Environmental Issues
491298861,Government and Politics
491298861,Technology
491298861,Wildlife Biodiversity
491298861,Deforestation
491298861,Water Pollution
491361509,Environmental Issues
491361509,Government and Politics
491361509,Business and Economy
491361509,Consumer Rights
491361509,Local Government
491361509,Climate Change
491361509,Community Petitions
491408283,Environmental Issues
491408283,Public Safety
491408283,Government and Politics
491408283,Land Use and Zoning
491408283,Air Pollution
491408283,Disasters and Emergency Management
491408283,Water Pollution
491408283,Local Government
491319425,Environmental Issues
491319425,Public Safety
491319425,Technology
491319425,Technology Regulation
491319425,Disasters and Emergency Management
491319425,Water Pollution
491319425,colorado
491319425,Colorado River Basin
491319425,Colorado Springs CO
491368906,Environmental Issues
491368906,Animal Rights and Conservation
491368906,Technology
491368906,Wildlife Conservation
491368906,Wildlife Biodiversity
491368906,Water Pollution
491378876,Environmental Issues
491378876,Public Safety
491378876,Technology
491378876,Land Use and Zoning
491378876,Air Pollution
491378876,Water Pollution
491298207,Power Use
491298207,Data Center
491298207,water polution
491298207,clean air
491298207,noise polution
491298207,Environmental Issues
491298207,Public Safety
491298207,Technology
491298207,Land Use and Zoning
491298207,Air Pollution
491298207,Water Pollution
491309532,Environmental Issues
491309532,Public Safety
491309532,Technology
491309532,Land Use and Zoning
491309532,Air Pollution
491309532,Climate Change
491309532,Technology Regulation
491326186,Business and Economy
491326186,Business Regulation
491326186,Consumer Rights
491326186,Corporate Responsibility
491326186,Economic Justice
491326186,Government and Politics
491326186,Data Center
491326186,Data center opposition
491326186,AI Data Center
491326186,Infrastructure Costs
491326186,Community Petitions
491326186,Environmental Issues
491326186,Technology
491326186,Local Government
491326186,Regional Government
491326186,Technology Regulation
491326186,Climate Change
491377035,Artificial Intelligience
491377035,Climate Destruction
491377035,Climate Change
491377035,Data Centers OH
491377035,Water Depletion
491377035,energy usage
491377035,Wildlife Safety
491377035,Economic Crisis
491377035,Global Warming
491377035,Stop Data Centers
491377035,Noise Pollution Kills
491377035,Air Pollution
491377035,Environmental Issues
491377035,Public Safety
491377035,Technology
491377035,Consumer Protection
491377035,Water Pollution
491377035,Artificial Intelligence
491317600,Government and Politics
491317600,Phillip Road Project
491317600,Phillip Road Site
491317600,Roseville AI Data Center
491317600,Local Government
491317600,Water Protections
491317600,Pleasant Grove Creek
491317600,Blue Oaks Blvd
491317600,Fiddyment Farm Rd
491317600,Placer County Assessor at APN 017-101-008-000
491317600,noise pollution
491317600,Air Pollution
491317600,6382 Phillip Road in Roseville California USA
491317600,Wildlife Safety
491317600,Traffic Congestion
491317600,Truck Traffic
491317600,Roseville Data Center
491317600,Save Reason Farms
491317600,CEQA
491317600,Hydrology
491317600,Environment
491317600,Public Safety
491317600,Environmental Issues
491317600,Technology
491317600,Water Pollution
491317600,Transportation
491317600,Land Use and Zoning
491317600,Artificial Intelligence
491403097,Environmental Issues
491403097,Public Safety
491403097,Technology
491403097,Air Pollution
491403097,Climate Change
491403097,Land Use and Zoning
491403097,Water Pollution
491403097,Technology Regulation
491348779,Environmental Issues
491348779,Public Safety
491348779,Government and Politics
491348779,Land Use and Zoning
491348779,Water Pollution
491348779,Air Pollution
491348779,Local Government
491054381,Environmental Issues
491054381,Government and Politics
491054381,Health and Well-Being
491054381,Air Pollution
491054381,Climate Change
491054381,Water Pollution
490771203,Environmental Issues
490771203,Government and Politics
490771203,Technology
490771203,Local Government
490771203,Regional Government
490771203,Technology Regulation
491038924,Data Center
491038924,Temple TX
491038924,bell county
491038924,meta
491038924,rowan
491038924,drought
491038924,Grid Failures
491038924,Business and Economy
491038924,Environmental Issues
491038924,Technology
491038924,Business Regulation
491038924,Corporate Responsibility
491038924,Technology Regulation
491307646,Government and Politics
491307646,Business and Economy
491307646,Environmental Issues
491307646,Business Regulation
491307646,National Government
491307646,Government Budget and Spending
491307646,Data Centers
491307646,Data Centers Harmful
491307646,Ohio legislation
491307646,Ohio Laws
491307646,Community Petitions
491375428,Environmental Issues
491375428,Public Safety
491375428,Government and Politics
491375428,Land Use and Zoning
491375428,Wildlife Biodiversity
491375428,Water Pollution
491375428,Local Government
491439501,Environmental Issues
491439501,Public Safety
491439501,Technology
491439501,Artificial Intelligence
491439501,Land Use and Zoning
491439501,Water Pollution
491439501,Community Petitions
490785860,Environmental Issues
490785860,Government and Politics
490785860,Technology
490785860,Water Pollution
490785860,Local Government
490785860,Artificial Intelligence
490825890,Environmental Issues
490825890,Government and Politics
490825890,Health and Well-Being
490825890,Air Pollution
490825890,Water Pollution
490825890,Local Government
491336491,Animal Rights and Conservation
491336491,Environmental Issues
491336491,Technology
491336491,Wildlife Biodiversity
491336491,Wildlife Conservation
491336491,Animal Welfare
491310189,Environmental Issues
491310189,Public Safety
491310189,Animal Rights and Conservation
491310189,Water Pollution
491310189,Climate Change
491310189,Disasters and Emergency Management
491310189,Air Pollution
491310189,Wildlife Conservation
491013418,Environmental Issues
491013418,Public Safety
491013418,Technology
491013418,Water Pollution
491013418,Artificial Intelligence
491013418,Technology Regulation
491247717,Environmental Issues
491247717,Public Safety
491247717,Technology
491247717,Land Use and Zoning
491247717,Air Pollution
491247717,Disasters and Emergency Management
491247717,Water Pollution
491247717,Artificial Intelligence
491325776,Environmental Issues
491325776,Public Safety
491325776,Technology
491325776,Traffic Safety
491325776,Air Pollution
491325776,Water Pollution
490935109,Environmental Issues
490935109,Government and Politics
490935109,Technology
490935109,Local Government
490935109,Artificial Intelligence
490935109,Technology Regulation
490792432,Environmental Issues
490792432,Global warming prevention
490792432,Public Policy
490792432,Business and Economy
490792432,Government and Politics
490792432,Data Center Corruption
490792432,Data Center in Pima County
490792432,Community Petitions
490792432,Technology
490792432,Water Pollution
490792432,Corruption
490792432,Technology Regulation
491039657,Business and Economy
491039657,Business Regulation
491039657,Consumer Rights
491039657,Technology
491039657,Artificial Intelligence
491039657,Technology Regulation
491039657,data center missouri
491039657,Data Center Proposal
491039657,Data Centers Harmful
491039657,Community Petitions
491039657,Environmental Issues
491039657,Government and Politics
491039657,Corruption
491039657,Government Budget and Spending
491039657,Local Government
491334506,Environmental Issues
491334506,Public Safety
491334506,Technology
491334506,Land Use and Zoning
491334506,Climate Change
491334506,Water Pollution
491391895,Public Safety
491391895,Environmental Issues
491391895,Government and Politics
491391895,Local Government
491391895,Air Pollution
491391895,Land Use and Zoning
491391895,Community Petitions
491366071,Environmental Issues
491366071,Community Petitions
491366071,Data Center
490869995,Animal Rights and Conservation
490869995,Environmental Issues
490869995,Government and Politics
490869995,Deforestation
490869995,Wildlife Biodiversity
490869995,Local Government
491342783,Environmental Issues
491342783,Government and Politics
491342783,Public Safety
491342783,Local Government
491342783,Climate Change
491342783,Air Pollution
491342783,Land Use and Zoning
491215066,Environmental Issues
491215066,Public Safety
491215066,Government and Politics
491215066,Local Government
491215066,Land Use and Zoning
491215066,Water Pollution
491327481,Government and Politics
491327481,Public Safety
491327481,Environmental Issues
491327481,Water Pollution
491327481,Land Use and Zoning
491327481,Local Government
491225149,Public Safety
491225149,Technology
491225149,Land Use and Zoning
491225149,Technology Regulation
491189136,Environmental Issues
491189136,Public Safety
491189136,Technology
491189136,Air Pollution
491189136,Water Pollution
491189136,Land Use and Zoning
491189136,Climate Change
491189136,Technology Regulation
490895533,Environmental Issues
490895533,Health and Well-Being
490895533,Public Safety
490895533,Water Pollution
490895533,Public Health
490895533,Land Use and Zoning
490957806,Business and Economy
490957806,Environmental Issues
490957806,Government and Politics
490957806,Corporate Responsibility
490957806,Economic Justice
490957806,Local Government
490858529,Environmental Issues
490858529,Government and Politics
490858529,Technology
490858529,Water Pollution
490858529,Global Social Justice Issues
490858529,Local Government
491368520,Environmental Issues
491368520,Public Safety
491368520,Technology
491368520,Water Pollution
491368520,Air Pollution
491368520,Climate Change
491396256,Environmental Issues
491396256,Public Safety
491396256,Technology
491396256,Wildlife Biodiversity
491396256,Air Pollution
491396256,Land Use and Zoning
491396256,Water Pollution
491396256,Technology Regulation
491396256,Transportation
491345339,Environmental Issues
491345339,Public Safety
491345339,Government and Politics
491345339,Land Use and Zoning
491345339,Water Pollution
491345339,Climate Change
491341856,Environmental Issues
491341856,Government and Politics
491341856,Public Safety
491341856,Land Use and Zoning
491341856,Local Government
491341856,Water Pollution
491337751,Environmental Issues
491337751,Public Safety
491337751,Government and Politics
491337751,Climate Change
491337751,Air Pollution
491337751,Transportation
491337751,Water Pollution
491337751,Local Government
491337989,Environmental Issues
491337989,Technology
491337989,Business and Economy
491337989,Consumer Rights
491337989,Technology Regulation
491337989,Water Pollution
491205758,Environmental Issues
491205758,Public Safety
491205758,Technology
491205758,Land Use and Zoning
491205758,Air Pollution
491205758,Water Pollution
491349381,Environmental Issues
491349381,Public Safety
491349381,Technology
491349381,Wildlife Biodiversity
491349381,Water Pollution
491349381,Traffic Safety
491349381,Climate Change
491349381,Technology Regulation
491349381,Land Use and Zoning
490689383,Environmental Issues
490689383,Government and Politics
490689383,Technology
490689383,Air Pollution
490689383,Water Pollution
490689383,Local Government
491064093,Environmental Issues
491064093,Government and Politics
491064093,Technology
491064093,Climate Change
491064093,Global Warming
491064093,Local Government
491043470,Environmental Issues
491043470,Health and Well-Being
491043470,Technology
491043470,Water Pollution
491043470,Public Health
491043470,Technology Regulation
491213248,Environmental Issues
491213248,Public Safety
491213248,Government and Politics
491213248,Land Use and Zoning
491213248,Air Pollution
491213248,Climate Change
491284423,Environmental Issues
491284423,Public Safety
491284423,Business and Economy
491284423,Waste Management
491284423,Water Pollution
491284423,Land Use and Zoning
491284423,Air Pollution
491284423,Consumer Rights
491284423,Consumer Protection
491000287,Child and Family Well-Being
491000287,Environmental Issues
491000287,Health and Well-Being
491000287,Air Pollution
491000287,Climate Change
491000287,Public Health
490690872,Animal Rights and Conservation
490690872,Environmental Issues
490690872,Technology
490690872,Water Pollution
490690872,Data Privacy
490690872,Technology Regulation
491239414,Droughts
491239414,Environmental Issues
491239414,Technology
491239414,Business and Economy
491239414,Technology Regulation
491239414,Climate Change
491239414,Water Pollution
491223163,Environmental Issues
491223163,Public Safety
491223163,Technology
491223163,Land Use and Zoning
491223163,Air Pollution
491223163,Wildlife Biodiversity
491382245,Environmental Issues
491382245,Technology
491382245,Government and Politics
491382245,Data Privacy
491382245,Wildlife Biodiversity
491382245,Climate Change
491302177,Environmental Issues
491302177,Technology
491302177,Government and Politics
491302177,Technology Regulation
491302177,Climate Change
491302177,Water Pollution
491302177,alabama
491302177,Enviromental Justice
491302177,Water consumption
491302177,farm
491302177,farming community
491302177,AI
491302177,Artifical Intelligence
491302177,enviromental impact
491302177,wildlife
491302177,Wildlife Safety
491302177,clean water
491302177,Alabama land
491302177,Southern states
491434510,Save the earth save everyone
491434510,save animals lives
491434510,Animal Rights and Conservation
491434510,Environmental Issues
491434510,Animal Welfare
491434510,Water Pollution
491434510,Wildlife Conservation
491202869,Environmental Issues
491202869,Government and Politics
491202869,Deforestation
491202869,Local Government
491202869,Wildlife Biodiversity
491202869,Data Center Alabama
491202869,alabama
491202869,AI Data Center
491243676,Environmental Issues
491243676,Public Safety
491243676,Technology
491243676,Land Use and Zoning
491243676,Climate Change
491243676,Water Pollution
491243676,Technology Regulation
491362816,Environmental Issues
491362816,Public Safety
491362816,Technology
491362816,Land Use and Zoning
491362816,Wildlife Biodiversity
491362816,Air Pollution
491363916,Environmental Issues
491363916,Public Safety
491363916,Business and Economy
491363916,Land Use and Zoning
491363916,Water Pollution
491363916,Air Pollution
491014543,Environmental Issues
491014543,Government and Politics
491014543,Technology
491014543,Global Social Justice Issues
491014543,Local Government
491014543,Technology Regulation
491344171,Environmental Issues
491344171,Public Safety
491344171,Technology
491344171,Land Use and Zoning
491344171,Water Pollution
491344171,Climate Change
491206121,Environmental Issues
491206121,Public Safety
491206121,Technology
491206121,Water Pollution
491206121,Deforestation
491206121,Land Use and Zoning
491206121,Climate Change
491206121,Data Privacy
491366510,Environmental Issues
491366510,Public Safety
491366510,Technology
491366510,Land Use and Zoning
491366510,Climate Change
491366510,Water Pollution
491057418,Environmental Issues
491057418,Government and Politics
491057418,Technology
491057418,Government Budget and Spending
491057418,Local Government
491057418,Regional Government
491303396,Environmental Issues
491303396,Public Safety
491303396,Technology
491303396,Land Use and Zoning
491303396,Climate Change
491303396,Homelessness
491303396,Water Pollution
491303396,Technology Regulation
491362991,Environmental Issues
491362991,Public Safety
491362991,Technology
491362991,Land Use and Zoning
491362991,Air Pollution
491362991,Water Pollution
491362991,Technology Regulation
491205925,Environmental Issues
491205925,Public Safety
491205925,Government and Politics
491205925,Waste Management
491205925,Air Pollution
491205925,Water Pollution
491347658,Environmental Issues
491347658,Education
491347658,Government and Politics
491347658,School Safety
491347658,Deforestation
491347658,Wildlife Biodiversity
491347658,Local Government
491015532,Environmental Issues
491015532,Government and Politics
491015532,Technology
491015532,Local Government
491015532,Regional Government
491015532,Technology Regulation
491417421,Environmental Issues
491417421,Public Safety
491417421,Business and Economy
491417421,Public Health
491417421,Air Pollution
491417421,Land Use and Zoning
491417421,Water Pollution
491417421,Corporate Responsibility
491087964,Environmental Issues
491087964,Public Safety
491087964,Government and Politics
491087964,Climate Change
491087964,Air Pollution
491087964,Land Use and Zoning
491087964,Water Pollution
491087964,Local Government
491087964,Consumer Protection
491290391,Environmental Issues
491290391,Public Safety
491290391,Government and Politics
491290391,Wildlife Biodiversity
491290391,Air Pollution
491290391,Traffic Safety
491290391,Water Pollution
491290391,Local Government
491290391,Land Use and Zoning
491308996,Environmental Issues
491308996,Health and Well-Being
491308996,Government and Politics
491308996,Public Health
491308996,Water Pollution
491308996,Deforestation
491304382,Public Safety
491304382,Environmental Issues
491304382,Technology
491304382,Water Pollution
491304382,Air Pollution
491304382,Land Use and Zoning
491304382,Climent change
491321872,Environmental Issues
491321872,Public Safety
491321872,Technology
491321872,Land Use and Zoning
491321872,Air Pollution
491321872,Water Pollution
491052328,Animal Rights and Conservation
491052328,Environmental Issues
491052328,Technology
491052328,Wildlife Conservation
491052328,Deforestation
491052328,Artificial Intelligence
490891357,AI
490891357,Data Center
490891357,climate
490891357,Climate Activism
490891357,Climate Change and Health
490891357,climate change solutions
490891357,iowa
490891357,Environmental Issues
490891357,Health and Well-Being
490891357,Technology
490891357,Climate Change
490891357,Global Warming
490891357,Artificial Intelligence
491249321,Environmental Issues
491249321,Public Safety
491249321,Technology
491249321,Technology Regulation
491249321,Land Use and Zoning
491249321,Water Pollution
491202727,Environmental Issues
491202727,Public Safety
491202727,Technology
491202727,Land Use and Zoning
491202727,Climate Change
491202727,Water Pollution
490842928,Environmental Issues
490842928,Public Safety
490842928,Government and Politics
490842928,Local Government
490842928,Disasters and Emergency Management
490842928,Land Use and Zoning
491323499,Environmental Issues
491323499,Technology
491323499,Government and Politics
491323499,Local Government
491323499,Data Privacy
491323499,Water Pollution
491265193,Environmental Issues
491265193,Public Safety
491265193,Government and Politics
491265193,Water Pollution
491265193,Air Pollution
491265193,Land Use and Zoning
491265193,Climate Change
491265193,Local Government
490900414,Environmental Issues
490900414,Government and Politics
490900414,Health and Well-Being
490900414,Water Pollution
490900414,Local Government
490900414,Public Health
491435192,Government and Politics
491435192,Animal Rights and Conservation
491435192,Animal Welfare
491435192,Land Use and Zoning
491435192,Local Government
491435192,Water Protection Act
491435192,Freedom of Information Act
491435192,Sunshine laws
491301021,Environmental Issues
491301021,Public Safety
491301021,Government and Politics
491301021,Climate Change
491301021,Water Pollution
491301021,Traffic Safety
491301021,Air Pollution
491301021,Local Government
491248759,Environmental Issues
491248759,Public Safety
491248759,Business and Economy
491248759,Consumer Protection
491248759,Water Pollution
491248759,Air Pollution
491248759,Corporate Responsibility
491298726,Public Safety
491298726,Government and Politics
491298726,Environmental Issues
491298726,Local Government
491298726,Land Use and Zoning
491298726,Disasters and Emergency Management
491404674,Environmental Issues
491404674,Health and Well-Being
491404674,Technology
491404674,Public Health
491404674,Water Pollution
491404674,Mental Health
491404674,Air Pollution
491404674,Technology Regulation
491216767,Environmental Issues
491216767,Public Safety
491216767,Water Pollution
491216767,Land Use and Zoning
491216767,Wildlife Biodiversity
491216767,Climate Change
491360872,Business and Economy
491360872,Business Regulation
491360872,Consumer Rights
491360872,Corporate Responsibility
491360872,Economic Justice
491360872,Government and Politics
491360872,Data Center
491360872,Data center opposition
491360872,AI Data Center
491360872,Infrastructure Costs
491360872,Community Petitions
491360872,Environmental Issues
491360872,Technology
491360872,Local Government
491360872,Regional Government
491360872,Technology Regulation
491360872,Public Safety
491360872,Air Pollution
491360872,Water Pollution
491358964,Environmental Issues
491358964,Public Safety
491358964,Government and Politics
491358964,Air Pollution
491358964,Water Pollution
491358964,Traffic Safety
491358964,Climate Change
491358964,Local Government
491353153,Environmental Issues
491353153,Public Safety
491353153,Government and Politics
491353153,Land Use and Zoning
491353153,Air Pollution
491353153,Water Pollution
490837564,Environmental Issues
490837564,Government and Politics
490837564,Technology
490837564,Water Pollution
490837564,Local Government
490837564,Technology Regulation
491236916,Environmental Issues
491236916,Public Safety
491236916,Technology
491236916,Transportation
491236916,Wildlife Biodiversity
491236916,Water Pollution
491323627,Environmental Issues
491323627,Public Safety
491323627,Water Pollution
491323627,Land Use and Zoning
491323627,Wildlife Biodiversity
491319318,Environmental Issues
491319318,Public Safety
491319318,Technology
491319318,Land Use and Zoning
491319318,Air Pollution
491319318,Water Pollution
491345386,Environmental Issues
491345386,Public Safety
491345386,Government and Politics
491345386,Land Use and Zoning
491345386,Air Pollution
491345386,Water Pollution
491345386,Local Government
491321423,Environmental Issues
491321423,Public Safety
491321423,Government and Politics
491321423,Land Use and Zoning
491321423,Air Pollution
491321423,Water Pollution
491310737,Ashburn
491310737,Data Centers
491310737,Public Safety
491310737,Environmental Issues
491310737,Technology
491310737,Wildlife Biodiversity
491310737,Transportation
491310737,Land Use and Zoning
491310737,Technology Regulation
490923000,Dekalb County GA
490923000,Environmental Issues
490923000,Public Safety
490923000,Government and Politics
490923000,Climate Change
490923000,Water Pollution
490923000,Air Pollution
490976570,Environmental Issues
490976570,Ethnic and Racial Minorities
490976570,Government and Politics
490976570,Corruption
490976570,Global Social Justice Issues
490976570,Local Government
491011639,Data Center
491011639,Animal Rights and Conservation
491011639,Environmental Issues
491011639,Government and Politics
491011639,Wildlife Conservation
491011639,Deforestation
491011639,Local Government
491362396,Environmental Issues
491362396,Community Petitions
491362396,Data Center
491353135,Environmental Issues
491353135,Public Safety
491353135,Government and Politics
491353135,Land Use and Zoning
491353135,Wildlife Biodiversity
491353135,Water Pollution
491353135,Local Government
491353135,Data Center
491353135,Lowell Indiana
491353135,Hebron Indiana
491353135,Eagle Creek Township
491413928,Technology
491413928,Environmental Issues
491413928,Government and Politics
491413928,Data Privacy
491413928,Technology Regulation
491413928,Artificial Intelligence
490852653,Environmental Issues
490852653,Government and Politics
490852653,Technology
490852653,Global Social Justice Issues
490852653,Government Budget and Spending
490852653,Local Government
491307975,Environmental Issues
491307975,Public Safety
491307975,Water Pollution
491307975,Wildlife Biodiversity
491307975,Air Pollution
490946710,Animal Rights and Conservation
490946710,Environmental Issues
490946710,Technology
490946710,Wildlife Conservation
490946710,Water Pollution
490946710,Wildlife Biodiversity
491326795,Wildlife Safety
491326795,Wildlife Migration
491326795,Environmental Issues
491326795,Public Safety
491326795,Government and Politics
491326795,Wildlife Conservation
491326795,Water Pollution
491326795,Land Use and Zoning
491326795,Air Pollution
491326795,Local Government
491336735,Data Center CA
491336735,Environmental Issues
491336735,Public Safety
491336735,Government and Politics
491336735,Local Government
491336735,Climate Change
491336735,Land Use and Zoning
491343741,Environmental Issues
491343741,Public Safety
491343741,Health and Well-Being
491343741,Local Government
491343741,Waste Management
491343741,Air Pollution
491415879,Environmental Issues
491415879,Public Safety
491415879,Government and Politics
491415879,Local Government
491415879,Disasters and Emergency Management
491415879,Water Pollution
491043934,Environmental Issues
491043934,Government and Politics
491043934,Technology
491043934,Water Pollution
491043934,Wildlife Biodiversity
491043934,Local Government
491012204,Environmental Issues
491012204,Government and Politics
491012204,Technology
491012204,Water Pollution
491012204,Local Government
491012204,Technology Regulation
491335776,Environmental Issues
491335776,Public Safety
491335776,Government and Politics
491335776,Wildlife Biodiversity
491335776,Air Pollution
491335776,Traffic Safety
491335776,Climate Change
491335776,Local Government
491335776,Land Use and Zoning
491347275,Environmental Issues
491347275,Business and Economy
491347275,Public Safety
491347275,Economic Justice
491347275,Water Pollution
491347275,Climate Change
491159017,Environmental Issues
491159017,Public Safety
491159017,Technology
491159017,Technology Regulation
491159017,Land Use and Zoning
491159017,Water Pollution
491159017,data center developer
491159017,Data Centers Harmful
491159017,Data Centers
491159017,Community Petitions
491171741,Community Petitions
491171741,Technology
491171741,Artificial Intelligence
491171741,Technology Regulation
491171741,Environmental Issues
491394501,Data center mn
491394501,Environmental Issues
491394501,Public Safety
491394501,Technology
491394501,Land Use and Zoning
491394501,Water Pollution
491394501,Air Pollution
491330447,Environmental Issues
491330447,Public Safety
491330447,Government and Politics
491330447,Land Use and Zoning
491330447,Water Pollution
491330447,Climate Change
491330447,Local Government
491392763,Environmental Issues
491392763,Public Safety
491392763,Government and Politics
491392763,Land Use and Zoning
491392763,Air Pollution
491392763,Water Pollution
491390081,Environmental Issues
491390081,Public Safety
491390081,Technology
491390081,Land Use and Zoning
491390081,Wildlife Biodiversity
491390081,Water Pollution
491346668,Public Safety
491346668,Environmental Issues
491346668,Government and Politics
491346668,Local Government
491346668,Water Pollution
491346668,Land Use and Zoning
491307730,Business and Economy
491307730,Business Regulation
491307730,Consumer Rights
491307730,Corporate Responsibility
491307730,Economic Justice
491307730,Government and Politics
491307730,Data Center
491307730,Data center opposition
491307730,AI Data Center
491307730,Infrastructure Costs
491307730,Community Petitions
491307730,Environmental Issues
491307730,Technology
491307730,Local Government
491307730,Regional Government
491307730,Technology Regulation
491307730,Public Safety
491307730,Water Pollution
491307730,Disasters and Emergency Management
491307730,Land Use and Zoning
490823019,Animal Rights and Conservation
490823019,Environmental Issues
490823019,Technology
490823019,Air Pollution
490823019,Climate Change
490823019,Water Pollution
491332545,Data Center
491332545,Data center iowa
491332545,Palo
491332545,Environmental Issues
491332545,Public Safety
491332545,Government and Politics
491332545,Land Use and Zoning
491332545,Wildlife Biodiversity
491332545,Water Pollution
491413631,Environmental Issues
491413631,Technology
491413631,Business and Economy
491413631,Artificial Intelligence
491413631,Air Pollution
491413631,Water Pollution
491375637,Environmental Issues
491375637,Public Safety
491375637,Technology
491375637,Data Privacy
491375637,Land Use and Zoning
491375637,Water Pollution
490754555,Education
490754555,Health and Well-Being
490754555,Public Safety
490754555,Educational Infrastructure
490754555,School Safety
490754555,Land Use and Zoning
490674765,Environmental Issues
490674765,Government and Politics
490674765,Health and Well-Being
490674765,Air Pollution
490674765,Local Government
490674765,Public Health
491311663,Environmental Issues
491311663,Public Safety
491311663,Government and Politics
491311663,Wildlife Biodiversity
491311663,Air Pollution
491311663,Water Pollution
491328042,Environmental Issues
491328042,Public Safety
491328042,Animal Rights and Conservation
491328042,Animal Welfare
491328042,Water Pollution
491328042,Land Use and Zoning
491349764,Environmental Issues
491349764,Public Safety
491349764,Government and Politics
491349764,Traffic Safety
491349764,Climate Change
491349764,Water Pollution
491356472,Environmental Issues
491356472,Technology
491356472,Public Safety
491356472,Technology Regulation
491356472,Climate Change
491356472,Water Pollution
491346320,Environmental Issues
491346320,Public Safety
491346320,Government and Politics
491346320,Climate Change
491346320,Water Pollution
491346320,Air Pollution
490847523,Environmental Issues
490847523,Government and Politics
490847523,Technology
490847523,Water Pollution
490847523,Local Government
490847523,Technology Regulation
491431338,Environmental Issues
491431338,Public Safety
491431338,Water Pollution
491431338,Land Use and Zoning
491186460,Environmental Issues
491186460,Public Safety
491186460,Technology
491186460,Land Use and Zoning
491186460,Air Pollution
491186460,Water Pollution
491334173,Environmental Issues
491334173,Technology
491334173,Government and Politics
491334173,Climate Change
491334173,Water Pollution
491334173,Technology Regulation
491334173,Air Pollution
491334173,Local Government
491367286,Environmental Issues
491367286,Technology
491367286,Public Safety
491367286,Technology Regulation
491367286,Waste Management
491367286,Water Pollution
491367286,Land Use and Zoning
491434941,Environmental Issues
491434941,Technology
491434941,Public Safety
491434941,Land Use and Zoning
491434941,Data Privacy
491434941,Water Pollution
490933874,Animal Rights and Conservation
490933874,Environmental Issues
490933874,Technology
490933874,Air Pollution
490933874,Climate Change
490933874,Global Warming
491177797,Environmental Issues
491177797,Public Safety
491177797,Technology
491177797,Wildlife Biodiversity
491177797,Climate Change
491177797,Land Use and Zoning
491177797,Air Pollution
491177797,Technology Regulation
491216890,Environmental Issues
491216890,Public Safety
491216890,Government and Politics
491216890,Water Pollution
491216890,Air Pollution
491216890,Climate Change
491299018,Environmental Issues
491299018,Public Safety
491299018,Government and Politics
491299018,Air Pollution
491299018,Climate Change
491299018,Land Use and Zoning
491299018,Water Pollution
491299018,Local Government
491299018,Transportation
491166723,Environmental Issues
491166723,Health and Well-Being
491166723,Technology
491166723,Public Health
491166723,Water Pollution
491166723,Air Pollution
491439058,Environmental Issues
491439058,Technology
491439058,Government and Politics
491439058,Technology Regulation
491439058,Water Pollution
491439058,Climate Change
491245622,Government and Politics
491245622,Technology
491245622,Local Government
491245622,Water Pollution
491245622,Climate Change
491245622,Enviromenment
491245622,Data Centers Missouri
491412309,Environmental Issues
491412309,Government and Politics
491412309,Public Safety
491412309,Local Government
491412309,Water Pollution
491412309,Climate Change
491396501,Environmental Issues
491396501,Public Safety
491396501,Technology
491396501,Wildlife Biodiversity
491396501,Air Pollution
491396501,Traffic Safety
491396501,Water Pollution
491396501,Technology Regulation
491396501,Transportation
491401881,Environmental Issues
491401881,Public Safety
491401881,Business and Economy
491401881,Consumer Protection
491401881,Air Pollution
491401881,Water Pollution
491316273,Environmental Issues
491316273,Health and Well-Being
491316273,Technology
491316273,Climate Change
491316273,Air Pollution
491316273,Public Health
491316273,Water Pollution
491316273,Technology Regulation
491344867,Environmental Issues
491344867,Public Safety
491344867,Technology
491344867,Wildlife Biodiversity
491344867,Water Pollution
491344867,Land Use and Zoning
491344867,Climate Change
491344867,Technology Regulation
490785133,Environmental Issues
490785133,Government and Politics
490785133,Health and Well-Being
490785133,Air Pollution
490785133,Elections & Voter Rights
490785133,Local Government
491364118,Environmental Issues
491364118,Technology
491364118,Government and Politics
491364118,Technology Regulation
491364118,Water Pollution
491364118,Climate Change
491221107,Government and Politics
491221107,Public Safety
491221107,Local Government
491221107,Land Use and Zoning
491221107,Corruption
491342266,Environmental Issues
491342266,Public Safety
491342266,Government and Politics
491342266,Land Use and Zoning
491342266,Air Pollution
491342266,Water Pollution
491294725,Environmental Issues
491294725,Public Safety
491294725,Government and Politics
491294725,Land Use and Zoning
491294725,Air Pollution
491294725,Water Pollution
491340248,Environmental Issues
491340248,Health and Well-Being
491340248,Public Safety
491340248,Wildlife Biodiversity
491340248,Water Pollution
491340248,Public Health
491340248,Air Pollution
491340248,Land Use and Zoning
491340248,Health Inequality
491232659,Environmental Issues
491232659,Government and Politics
491232659,Business and Economy
491232659,Local Government
491232659,Government Budget and Spending
491232659,Climate Change
491232659,Data center maryland
491232659,Data Center
491232659,Data center baltimore
490671697,Funplex
490671697,houston
490671697,Arcade
490671697,theme park
490671697,carnival
490671697,Astroworld
490671697,beyonce
490671697,Travis Scott
490671697,ferris wheel
490671697,nostaglia
490671697,bowling
490671697,roller skating
490671697,Indoor playground
490671697,playground
490671697,entertainment and music
490671697,Entertainment culture
490671697,roller coaster
490671697,movie theatre
490671697,80s
490671697,90s
490671697,2000s
490671697,htx
490671697,Child and Family Well-Being
490671697,Entertainment & Media
490671697,Technology
490671697,Youth Empowerment
490671697,Cultural Preservation
490784046,Environmental Issues
490784046,Government and Politics
490784046,Technology
490784046,Water Pollution
490784046,Local Government
490784046,Regional Government
491373820,Environmental Issues
491373820,Public Safety
491373820,Technology
491373820,Land Use and Zoning
491373820,Water Pollution
491373820,Wildlife Biodiversity
491373820,Technology Regulation
491363642,Public Safety
491363642,Environmental Issues
491363642,Government and Politics
491363642,Local Government
491363642,Wildlife Biodiversity
491363642,Land Use and Zoning
490972839,Animal Rights and Conservation
490972839,Environmental Issues
490972839,Government and Politics
490972839,Endanged Species
490972839,Wildlife Conservation
490972839,Water Pollution
491327143,Environmental Issues
491327143,Public Safety
491327143,Technology
491327143,Air Pollution
491327143,Climate Change
491327143,Consumer Protection
491327143,Water Pollution
491327143,Technology Regulation
491398284,Government and Politics
491398284,Public Safety
491398284,Local Government
491398284,Land Use and Zoning
491398284,Community Petitions
491389784,Public Safety
491389784,Environmental Issues
491389784,Government and Politics
491389784,Local Government
491389784,Deforestation
491389784,Land Use and Zoning
491042263,Community Petitions
491042263,Environmental Issues
491042263,Data Center
491042263,Government and Politics
491042263,Technology
491042263,Water Pollution
491042263,Local Government
491042263,Regional Government
490967220,Business and Economy
490967220,Affordable Housing
490967220,Consumer Rights
490967220,Corporate Responsibility
490967220,Economic Justice
490967220,Data Center
490967220,Data Centers Harmful
490967220,indiana
490967220,Indianapolis indiana
490967220,Community Petitions
490967220,Environmental Issues
490967220,Ethnic and Racial Minorities
490967220,Government and Politics
490967220,Black Lives Matter
490967220,Global Social Justice Issues
490967220,Local Government
491377489,Environmental Issues
491377489,Public Safety
491377489,Entertainment & Media
491377489,Air Pollution
491377489,Climate Change
491377489,Local Government
491377489,Water Pollution
491377489,Cultural Preservation
491378527,Environmental Issues
491378527,Government and Politics
491378527,Technology
491378527,Technology Regulation
491378527,Local Government
491378527,Water Pollution
491210164,Public Safety
491210164,Environmental Issues
491210164,Government and Politics
491210164,Water Pollution
491210164,Disasters and Emergency Management
491210164,Land Use and Zoning
491210164,Local Government
491210164,Data Center
491210164,data center Minnesota
491210164,Data Centers Harmful
491210164,Community Petitions
491322044,Environmental Issues
491322044,Public Safety
491322044,Government and Politics
491322044,Local Government
491322044,Land Use and Zoning
491322044,Water Pollution
490699272,Animal Rights and Conservation
490699272,Environmental Issues
490699272,Technology
490699272,Wildlife Conservation
490699272,Deforestation
490699272,Water Pollution
491316831,Environmental Issues
491316831,Health and Well-Being
491316831,Public Safety
491316831,Public Health
491316831,Water Pollution
491316831,Air Pollution
491403430,Environmental Issues
491403430,Public Safety
491403430,Technology
491403430,Land Use and Zoning
491403430,Water Pollution
491403430,Climate Change
491402322,Environmental Issues
491402322,Public Safety
491402322,Business and Economy
491402322,Air Pollution
491402322,Water Pollution
491402322,Land Use and Zoning
491402322,Climate Change
491402322,Economic Justice
491224557,Public Safety
491224557,Environmental Issues
491224557,Technology
491224557,Water Pollution
491224557,Air Pollution
491224557,Land Use and Zoning
491224557,Data Center
491224557,illinois data center
491363048,Environmental Issues
491363048,Public Safety
491363048,Government and Politics
491363048,Land Use and Zoning
491363048,Wildlife Biodiversity
491363048,Water Pollution
490713289,Animal Rights and Conservation
490713289,Business and Economy
490713289,Environmental Issues
490713289,Endanged Species
490713289,Wildlife Conservation
490713289,Deforestation
491418163,Environmental Issues
491418163,Technology
491418163,Government and Politics
491418163,Artificial Intelligence
491418163,Global Warming
491418163,Climate Change
491341688,Environmental Issues
491341688,Public Safety
491341688,Business and Economy
491341688,Land Use and Zoning
491341688,Air Pollution
491341688,Water Pollution
491230420,Environmental Issues
491230420,Public Safety
491230420,Technology
491230420,Transportation
491230420,Wildlife Biodiversity
491230420,Air Pollution
491411601,Environmental Issues
491411601,Public Safety
491411601,Government and Politics
491411601,Land Use and Zoning
491411601,Water Pollution
491411601,Climate Change
491243282,Environmental Issues
491243282,Public Safety
491243282,Government and Politics
491243282,Land Use and Zoning
491243282,Air Pollution
491243282,Water Pollution
490862240,Environmental Issues
490862240,Health and Well-Being
490862240,Technology
490862240,Air Pollution
490862240,Water Pollution
490862240,Technology Regulation
491395595,Environmental Issues
491395595,Public Safety
491395595,Government and Politics
491395595,Land Use and Zoning
491395595,Air Pollution
491395595,Global Warming
490821841,Environmental Issues
490821841,Government and Politics
490821841,Technology
490821841,Air Pollution
490821841,Climate Change
490821841,Global Warming
490971232,Environmental Issues
490971232,Government and Politics
490971232,Public Safety
490971232,Local Government
490971232,Disasters and Emergency Management
490971232,Land Use and Zoning
490932312,Education
490932312,Government and Politics
490932312,Technology
490932312,Education Reform
490932312,Government Budget and Spending
490932312,Artificial Intelligence
490968742,Environmental Issues
490968742,Government and Politics
490968742,Technology
490968742,Elections & Voter Rights
490968742,Local Government
490968742,Regional Government
490922727,Environmental Issues
490922727,Government and Politics
490922727,Technology
490922727,Air Pollution
490922727,Local Government
490922727,Technology Regulation
491367600,Environmental Issues
491367600,Public Safety
491367600,Water Pollution
491367600,Consumer Protection
491364006,Environmental Issues
491364006,Business and Economy
491364006,Government and Politics
491364006,Local Government
491364006,Water Pollution
491364006,Data Center
491364006,Data Centers
491364006,Community Petitions
491364006,Ethnic and Racial Minorities
491364006,Indigenous Rights
491364006,Wildlife Biodiversity
490814004,Environmental Issues
490814004,Government and Politics
490814004,Technology
490814004,Water Pollution
490814004,Local Government
490814004,Technology Regulation
491304197,Villa Rica
491304197,villa rica data center
491304197,Health issues from commercial development
491304197,Environmental Issues
491304197,Public Safety
491304197,Government and Politics
491304197,Land Use and Zoning
491304197,Air Pollution
491304197,Water Pollution
491314675,Environmental Issues
491314675,Public Safety
491314675,Government and Politics
491314675,Disasters and Emergency Management
491314675,Air Pollution
491314675,Water Pollution
491306128,Environmental Issues
491306128,Technology
491306128,Government and Politics
491306128,Artificial Intelligence
491306128,Air Pollution
491306128,Water Pollution
491306128,Local Government
491306128,Environmental Corruption
491306128,water scarcity
490192208,Data Center
490192208,Environmental risk
490192208,environmental justice
490192208,Starwood Capital Group
490192208,Amazon
490192208,Resident
490192208,Family and community
490192208,Health and well being
490192208,Environmental Issues
490192208,Government and Politics
490192208,Technology
490192208,Local Government
490192208,Data Privacy
490192208,Technology Regulation
490692250,Business and Economy
490692250,Government and Politics
490692250,Technology
490692250,Government Budget and Spending
490692250,Local Government
490692250,Technology Regulation
491120286,Business and Economy
491120286,Environmental Issues
491120286,Government and Politics
491120286,Waste Management
491120286,Water Pollution
491120286,National Government
490382800,Business and Economy
490382800,Environmental Issues
490382800,Government and Politics
490382800,Air Pollution
490382800,Water Pollution
490382800,Local Government
491370816,Environmental Issues
491370816,Public Safety
491370816,Deforestation
491370816,Land Use and Zoning
491370816,Wildlife Biodiversity
491052351,Animal Rights and Conservation
491052351,Environmental Issues
491052351,Government and Politics
491052351,Climate Change
491052351,Global Warming
491052351,Local Government
491350817,Environmental Issues
491350817,Technology
491350817,Public Safety
491350817,Climate Change
491350817,Air Pollution
491350817,Technology Regulation
491350817,Water Pollution
491350817,Land Use and Zoning
491140639,data center missouri
491140639,Data Center
491140639,tech
491140639,Technology equality
491140639,Technology Accountability
491140639,Business and Economy
491140639,Technology
491140639,Government and Politics
491140639,Technology Regulation
491140639,Economic Justice
491140639,Small Business Support
491140639,Local Government
491200996,Technology
491200996,Business and Economy
491200996,Government and Politics
491200996,Local Government
491200996,Labor and Employment Rights
491200996,Technology Regulation
490963964,Business and Economy
490963964,Business Regulation
490963964,Consumer Rights
490963964,Corporate Responsibility
490963964,Economic Justice
490963964,Technology
490963964,Artificial Intelligence
490963964,Data Center
490963964,Data Centers
490963964,Data Centers Harmful
490963964,Florida law makers
490963964,Florida Laws
490963964,Community Petitions
490963964,Environmental Issues
490963964,Government and Politics
490963964,Local Government
490963964,Technology Regulation
491058915,Environmental Issues
491058915,Government and Politics
491058915,Technology
491058915,Climate Change
491058915,Global Warming
491058915,Technology Regulation
491337269,Technology
491337269,Environmental Issues
491337269,Government and Politics
491337269,Local Government
491337269,Climate Change
491337269,Technology Regulation
491337269,Community Petitions
491190698,Business and Economy
491190698,Environmental Issues
491190698,Technology
491190698,Climate Change
491190698,Labor and Employment Rights
491190698,Global Warming
491190698,Small Business Support
491190698,Technology Regulation
491264792,Government and Politics
491264792,Business and Economy
491264792,Public Safety
491264792,Consumer Protection
491264792,Consumer Rights
491264792,National Government
490682168,Business and Economy
490682168,Government and Politics
490682168,Technology
490682168,Business Regulation
490682168,Corruption
490682168,Local Government
491020999,space
491020999,Satellites
491020999,spacex
491020999,Orbital Data Center
491020999,Kessler Syndrome
491020999,expedited authorization
491020999,Elon Musk
491020999,Environmental Issues
491020999,Government and Politics
491020999,Technology
491020999,Global Social Justice Issues
491020999,Gadgets
491020999,Technology Regulation
491349228,Business and Economy
491349228,Business Regulation
491349228,Consumer Rights
491349228,Corporate Responsibility
491349228,Economic Justice
491349228,Government and Politics
491349228,Data Center
491349228,Data center opposition
491349228,AI Data Center
491349228,Infrastructure Costs
491349228,Community Petitions
491349228,Environmental Issues
491349228,Technology
491349228,Local Government
491349228,Regional Government
491349228,Technology Regulation
491349228,Public Safety
491349228,Government Budget and Spending
491349228,Air Pollution
491349228,Water Pollution
491311846,Environmental Issues
491311846,Public Safety
491311846,Technology
491311846,Public Health
491311846,Water Pollution
491311846,Land Use and Zoning
491311846,Air Pollution
491311846,Technology Regulation
491035975,Data Center Proposal
491035975,Environment
491035975,Affordability crisis
491035975,Housing and Development
491035975,Affordable Housing
491035975,Transit Center
491035975,dominion energy
491035975,data center developer
491035975,Business and Economy
491035975,Child and Family Well-Being
491035975,Government and Politics
491035975,Economic Justice
491035975,Local Government
491248069,Environmental Issues
491248069,Technology
491248069,Government and Politics
491248069,Local Government
491248069,Technology Regulation
491248069,Water Pollution
491335373,Technology
491335373,Business and Economy
491335373,Environmental Issues
491335373,Labor and Employment Rights
491335373,Technology Regulation
491335373,Artificial Intelligence
491295453,Education
491295453,Technology
491295453,Entertainment & Media
491295453,Artificial Intelligence
491295453,School Programs
491295453,Education Reform
491295453,Art Education
491295453,BGSU
491295453,meta
491295453,AI
491424530,Environmental Issues
491424530,Public Safety
491424530,Government and Politics
491424530,Land Use and Zoning
491424530,Water Pollution
491424530,Air Pollution
491424530,No Data Centers in Chesapeake
491424530,Chesapeake City Council
491434531,Environmental Issues
491434531,Government and Politics
491434531,Public Safety
491434531,Local Government
491434531,Air Pollution
491434531,Climate Change
491434531,Transportation
491316376,Public Safety
491316376,Environmental Issues
491316376,Technology
491316376,Climate Change
491316376,Transportation
491316376,Land Use and Zoning
491054503,Environmental Issues
491054503,Public Safety
491054503,Government and Politics
491054503,Land Use and Zoning
491054503,Wildlife Biodiversity
491054503,Climate Change
491179141,Public Safety
491179141,Environmental Issues
491179141,Government and Politics
491179141,Water Pollution
491179141,Air Pollution
491179141,Land Use and Zoning
491355669,AI DATA CENTER BAN
491355669,datacenter
491355669,Data Center
491355669,Summit
491355669,Technology
491355669,Government and Politics
491355669,Technology Regulation
491355669,Local Government
490958321,Environmental Issues
490958321,Government and Politics
490958321,Technology
490958321,Water Pollution
490958321,Local Government
490958321,Technology Regulation
491306566,Public Safety
491306566,Environmental Issues
491306566,Government and Politics
491306566,Water Pollution
491306566,Transportation
491306566,Land Use and Zoning
490771538,Environmental Issues
490771538,Government and Politics
490771538,Technology
490771538,Water Pollution
490771538,Local Government
490771538,Regional Government
491424080,Public Safety
491424080,Government and Politics
491424080,Environmental Issues
491424080,Overpopulation
491424080,Elections & Voter Rights
491424080,Land Use and Zoning
491424080,Community Petitions
491299343,Watersheds
491299343,Data Center Warren County VA
491299343,no data centers
491299343,Front Royal VA
491299343,Warren County VA
491299343,Endangered Species List
491299343,Over taxed
491299343,stop data centers Front Royal
491299343,Public Safety
491299343,Environmental Issues
491299343,Government and Politics
491299343,Local Government
491299343,Water Pollution
491299343,Land Use and Zoning
491406771,Environmental Issues
491406771,Health and Well-Being
491406771,Technology
491406771,Public Health
491406771,Water Pollution
491406771,Air Pollution
490813428,Data Centers Harmful
490813428,Environmental Issues
490813428,Public Safety
490813428,Government and Politics
490813428,Air Pollution
490813428,Deforestation
490813428,Land Use and Zoning
490813428,Water Pollution
490813428,Local Government
491326821,Environmental Issues
491326821,Public Safety
491326821,Government and Politics
491326821,Land Use and Zoning
491326821,Water Pollution
491326821,Air Pollution
491306050,Public Safety
491306050,Environmental Issues
491306050,Technology
491306050,Technology Regulation
491306050,Climate Change
491306050,Land Use and Zoning
491211737,Local government policy
491211737,Ai Datacenters
491211737,Municipal code reform
491211737,Government and Politics
491211737,Business and Economy
491211737,Environmental Issues
491211737,Waste Management
491211737,Land Use and Zoning
491211737,Local Government
491322179,Environmental Issues
491322179,Business and Economy
491322179,Government and Politics
491322179,Local Government
491322179,Corporate Responsibility
491322179,Water Pollution
491322179,Community Petitions
