petition_id,slug,title,created_at,signatures_total,comment_total,state,granularity,n_decision_makers
490605661,stop-ai-data-center-in-hillsboro,Stop AI data center in hillsboro,2025-06-08T23:18:59+00:00,1096,19,OR,city,3
490670104,stop-data-center-construction-in-lackawanna-county,Stop Data Center Construction in Lackawanna County,2025-07-25T11:27:27+00:00,2285,39,PA,state,0
491102735,stop-the-installation-of-data-centers-in-pennsylvania,Stop the installation of data centers in Pennsylvania,2026-03-12T17:50:12+00:00,5056,86,,none,5
491044032,pass-a-moratorium-on-mega-data-centers-in-minnesota,Pass a Moratorium on Mega Data Centers in Minnesota,2026-02-20T19:30:33+00:00,592,10,MN,state,3
491049447,stop-expanding-data-center-tax-breaks-in-oregon,Stop Expanding Data Center Tax Breaks in Oregon,2026-02-23T17:59:34+00:00,292,4,OR,state,1
490732173,stop-data-center-expansion-in-georgia-tell-brian-kemp-psc-make-big-tech-pay,Stop data center expansion in Georgia— Tell Brian Kemp & PSC: Make Big Tech Pay,2025-08-25T19:42:26+00:00,39,2,GA,state,3
491239738,national-petition-against-hyperscale-data-centers,National Petition Against Hyperscale Data Centers,2026-05-13T23:45:01+00:00,23926,173,,none,2
491056805,stop-data-centers-in-west-virginia,Stop data centers in West Virginia,2026-02-27T13:21:55+00:00,3832,66,WV,state,3
37772573,prohibit-data-centers-in-the-sugarloaf-plan-area,PROHIBIT Data Centers in the Sugarloaf Plan Area,2023-12-01T16:46:48+00:00,1806,3,,none,0
490664619,save-mason-county-no-data-center-please-do-not-donate,Save Mason County — No Data Center (PLEASE DO NOT DONATE),2025-07-21T19:45:10+00:00,1419,23,KY,county,3
490954385,no-data-centers-in-our-communities-georgia-fights-back,No Data Centers in Our Communities! Georgia Fights Back!,2026-01-06T17:52:06+00:00,1467,32,GA,county,6
490368484,stop-the-proposed-code-changes-to-allow-nuclear-reactors-in-eagle-mountain-utah,"Stop the Proposed Code Changes to Allow Nuclear Reactors in Eagle Mountain, Utah",2025-01-10T07:27:31+00:00,934,21,UT,city,6
491061024,stop-ai-data-center-construction-in-montana,Stop AI data center construction in Montana,2026-03-02T18:16:15+00:00,840,19,MT,city,7
490759938,oppose-archbald-borough-data-centers-limit-the-number-of-data-centers-in-archbald,Oppose Archbald Borough Data Centers! - Limit the number of data centers in Archbald,2025-09-07T14:11:46+00:00,676,6,PA,city,3
490664673,say-no-to-data-centers-in-maysville-ky,Say No to Data Centers in Maysville KY,2025-07-21T20:21:11+00:00,433,2,KY,city,5
490534389,approve-cdi-floating-zone-oppose-by-right-data-center-siting,"Approve CDI Floating Zone - Oppose ""By Right"" Data Center Siting",2025-04-19T19:07:11+00:00,370,7,MD,county,2
490623971,stop-data-center-at-former-landover-mall-site,Stop Data Center at Former Landover Mall Site,2025-06-21T19:23:45+00:00,24336,346,MD,city,3
37046946,protect-high-falls-lake-the-towaliga-watershed-from-data-center-industrial-development,Protect High Falls Lake the & Towaliga Watershed from Data Center & Industrial Development,2023-08-04T14:04:00+00:00,14465,128,,none,9
490861784,stop-the-massive-ai-data-center-in-saline-township-in-michigan,Stop the massive AI data center in Saline Township in Michigan,2025-10-31T15:17:26+00:00,9666,104,MI,state,10
490643870,tell-tucson-city-council-to-stop-project-blue-ai-center-in-tucson,Tell Tucson City Council to Stop Project Blue AI Center in Tucson,2025-07-06T22:30:45+00:00,6679,132,AZ,city,6
490818132,say-no-to-data-centers-in-joliet,SAY NO TO DATA CENTERS IN JOLIET!,2025-10-05T21:29:46+00:00,6694,142,IL,city,9
490946520,stop-data-centers-coming-to-upstate-sc,"Stop Data Centers Coming to Upstate, SC",2025-12-30T22:16:50+00:00,5423,147,SC,state,5
490960489,stop-the-ai-datacenter-in-independence-missouri,"Stop the AI datacenter in Independence, Missouri",2026-01-11T05:24:49+00:00,2709,51,MO,city,7
490918520,stop-the-building-of-a-mega-data-center-in-butte-montana,"Stop the building of a mega data center in Butte, Montana",2025-12-08T22:22:57+00:00,1656,45,MT,city,4
37683524,prohibit-data-centers-near-residential-areas-in-prince-william-county-va,"Prohibit Data Centers Near Residential Areas in Prince William County, VA",2023-10-09T16:11:32+00:00,1295,2,,none,1
490610240,stop-rezoning-in-adamstown-for-data-centers,Stop Rezoning in Adamstown for Data Centers,2025-06-11T22:21:36+00:00,807,4,MD,city,3
490843785,stop-the-construction-of-data-centers-in-creagerstown-thurmont,Stop the construction of  data centers in Creagerstown/ Thurmont,2025-10-20T17:15:06+00:00,744,7,MD,city,3
491241670,stop-data-center-development-in-alaska,Stop data center development in Alaska,2026-05-14T20:12:43+00:00,846,18,AK,state,2
490709295,stop-pollution-from-the-louisville-ai-data-center,Stop Pollution from the Louisville AI Data Center,2025-08-19T16:02:48+00:00,568,8,KY,city,13
491173427,ban-data-centers-in-ohio,Ban data centers in Ohio,2026-04-05T03:13:55+00:00,755,13,OH,city,3
490913114,protect-virginia-communities-regulate-data-center-growth-before-it-s-too-late,Protect Virginia Communities — Regulate Data Center Growth Before It’s Too Late,2025-12-04T20:03:52+00:00,462,1,VA,state,3
491225659,stop-the-expansion-of-maysville-s-data-center,Stop the expansion of Maysville's data center,2026-05-07T16:37:22+00:00,474,8,GA,city,1
490957625,say-no-to-all-ai-data-centers-in-wv-counties,Say NO to all AI data centers in WV counties,2026-01-09T00:21:21+00:00,441,9,,none,4
490638197,halt-the-bpp-project-in-taylor-tx,"Halt the BPP Project in Taylor, TX",2025-07-02T11:23:17+00:00,211,3,TX,city,5
490902105,stop-new-data-centers-in-tucson-protect-our-desert-our-water-our-communities,"Stop New Data Centers in Tucson — Protect Our Desert, Our Water, & Our Communities",2025-11-26T19:57:25+00:00,396,3,AZ,state,2
490982375,stop-all-data-center-approvals-in-madison-county-for-one-year,Stop all data center approvals in Madison County for one year!,2026-01-23T18:09:43+00:00,136,4,IL,county,30
490913085,protect-montana-ratepayers-don-t-let-data-centers-raise-our-power-bills,Protect Montana Ratepayers — Don’t Let Data Centers Raise Our Power Bills,2025-12-04T19:44:35+00:00,160,1,MT,state,7
490849448,stop-data-center-from-being-built-on-eskimo-hill-road-stafford-va,"Stop Data Center From Being Built on Eskimo Hill Road, Stafford Va",2025-10-23T19:11:34+00:00,114,2,VA,county,8
491052055,will-we-lose-our-water-petition-to-disapprove-of-data-centers,WILL WE LOSE OUR WATER? PETITION TO DISAPPROVE OF DATA CENTERS,2026-02-24T19:45:15+00:00,298,5,NV,state,3
491191190,reject-permits-for-the-ai-data-center-in-bonner-mt,"Reject permits for the AI data center in Bonner, MT",2026-04-15T15:07:24+00:00,50456,545,MT,city,3
490790691,protect-pennhurst-from-data-center-development,Protect Pennhurst from Data Center Development,2025-09-22T00:33:18+00:00,26355,570,,none,0
490892139,ban-ai-data-centers-in-michigan,Ban AI Data Centers in Michigan,2025-11-19T13:20:48+00:00,19332,228,MI,state,7
490793147,no-more-data-centers-in-st-louis,No More Data Centers in St. Louis,2025-09-23T10:40:07+00:00,14182,292,MO,city,12
490429175,efforts-to-push-the-supercomputer-out-of-memphis,Efforts to “push” the Supercomputer out of Memphis.,2025-02-19T16:01:48+00:00,12669,201,TN,city,3
490793704,stop-project-baccara-project-eagle-on-southern-border-of-surprise-az-in-maricopa-county,"Stop Project Baccara/ Project Eagle on southern border of Surprise, AZ in Maricopa County",2025-09-23T16:34:17+00:00,11651,135,AZ,city,9
490966685,no-data-centers-in-franklin-county,No data centers in Franklin  county!,2026-01-15T14:58:54+00:00,7010,147,MO,county,3
491157504,no-data-centers-in-boulder-city,No Data Centers in Boulder City,2026-03-26T01:43:17+00:00,6676,131,NV,city,6
490704642,save-lake-whitney-stop-the-water-reallocation,SAVE LAKE WHITNEY - STOP THE WATER REALLOCATION,2025-08-16T20:09:58+00:00,6093,66,TX,city,1
490710832,stand-against-data-center-new-hill-nc,"Stand Against Data Center New Hill, NC",2025-08-20T14:09:14+00:00,5491,100,NC,city,3
491225757,stop-kevin-o-leary-s-surprise-40-000-acre-data-center-from-devastating-utah-communities,"Stop Kevin O'Leary's Surprise 40,000-Acre Data Center from Devastating Utah Communities",2026-05-07T17:18:00+00:00,4053,49,UT,state,2
490919980,say-no-to-the-skybox-data-center-and-substation-in-round-rock-tx,"Say No to the Skybox Data Center and Substation in Round Rock, TX",2025-12-09T23:19:45+00:00,3380,100,TX,city,7
490940987,halt-further-construction-of-the-t5-chicago-iv-data-center,Halt further construction of the T5@Chicago IV data center,2025-12-27T02:12:43+00:00,2856,49,IL,county,2
491213769,petition-oppose-proposed-zoning-change-for-828-8-acre-in-red-oak-tx,PETITION: OPPOSE PROPOSED ZONING CHANGE FOR 828​.​8-ACRE IN RED OAK TX,2026-04-30T02:14:51+00:00,2455,45,TX,city,3
491323128,demand-an-immediate-data-center-moratorium-in-richland-and-west-richland,Demand an Immediate Data Center Moratorium in Richland and West Richland!,2026-06-03T15:27:55+00:00,3417,51,WA,county,15
490889347,say-no-to-the-data-center-on-euharlee-rd,Say NO to the Data Center on Euharlee Rd.,2025-11-17T19:59:50+00:00,2226,33,GA,city,0
37532234,conserve-henry,Conserve Henry!,2023-09-24T23:13:16+00:00,2148,1,,none,0
491151316,no-ai-data-center-in-bastrop-county,No AI Data Center in Bastrop County!,2026-03-22T22:17:22+00:00,2300,68,TX,county,5
490364083,citizens-opposed-to-data-centers-in-henry-county-ga,"Citizens Opposed to DATA Centers in Henry County, GA",2025-01-06T18:59:28+00:00,1771,28,GA,county,1
491155597,stop-the-construction-of-ai-data-centers-in-burke-catawba-county-do-not-donate-here,STOP the construction of AI Data Centers in Burke & Catawba County- DO NOT DONATE $$ HERE,2026-03-25T00:53:01+00:00,1427,23,NC,state,6
491011020,put-hancock-county-first-pause-the-hawesville-data-center-project,Put Hancock County First: Pause the Hawesville Data Center Project,2026-02-03T18:22:43+00:00,1361,11,KY,state,5
490646661,say-no-to-data-centers-in-louisa-county-va,"Say No to Data Centers in Louisa County, VA",2025-07-08T22:01:25+00:00,1233,16,VA,city,11
490600514,protect-our-community-say-no-to-invasive-data-centers,Protect our community - Say NO to invasive Data Centers,2025-06-05T04:19:25+00:00,893,9,TX,city,3
490909252,stop-the-700-acre-project-marvel-data-center-in-bessemer-alabama,"Stop the 700-Acre “Project Marvel” Data Center in Bessemer, Alabama",2025-12-02T13:50:37+00:00,967,14,AL,state,6
491038252,stop-data-centers-in-aurora-il,Stop Data Centers in Aurora IL,2026-02-18T03:05:33+00:00,1020,10,IL,city,13
490910439,oppose-the-construction-of-project-vector-in-dekalb-il,"Oppose the construction of Project Vector in Dekalb, IL",2025-12-03T05:09:08+00:00,824,22,IL,city,4
35548747,stop-devlin-technology-park-other-data-centers-next-to-residential-areas,Stop Devlin Technology Park & Other Data Centers Next to Residential Areas,2023-02-25T03:11:56+00:00,759,1,,none,1
490973693,protect-texas-communities-from-data-center-overload,Protect Texas Communities from Data Center Overload,2026-01-20T16:07:07+00:00,737,1,TX,state,0
491224394,say-no-to-the-data-center-in-east-whiteland-pennsylvania,"Say NO to the Data Center in East Whiteland, Pennsylvania",2026-05-07T00:37:44+00:00,783,12,PA,city,3
490655275,stop-data-center-developments-in-northwest-indiana,Stop Data Center Developments in Northwest Indiana,2025-07-15T04:11:04+00:00,780,3,IN,city,3
490909767,stop-the-6-million-sq-ft-data-center-in-delaware-pass-real-regulations-first,Stop the 6-Million Sq Ft Data Center in Delaware — Pass Real Regulations First,2025-12-02T18:54:34+00:00,833,8,DE,state,5
490771924,protect-warrenton-no-data-center-without-local-safeguards,Protect Warrenton – No Data Center Without Local Safeguards,2025-09-12T20:27:57+00:00,448,13,,none,0
491066124,no-data-centers-in-west-richland,No Data Centers in West Richland,2026-03-05T19:40:38+00:00,574,4,WA,city,8
490760217,urge-illinois-to-protect-citizens-from-unregulated-data-center-construction,Urge Illinois to Protect Citizens from Unregulated Data Center Construction,2025-09-07T17:40:15+00:00,618,3,IL,state,3
491257855,save-pennhurst-asylum-from-becoming-a-ai-data-center,Save Pennhurst Asylum from Becoming a AI Data Center!,2026-05-17T21:45:31+00:00,655,14,PA,city,3
490839340,fight-against-google-ai-data-center-fort-wayne-in,"Fight Against Google AI Data Center, Fort Wayne IN",2025-10-17T16:23:48+00:00,450,4,IN,city,3
490848054,oppose-the-major-cpa-seeking-to-remove-2-077-acres-of-hassayampa-ranch-for-industrial-use,"Oppose the Major CPA seeking to remove 2,077 acres of Hassayampa Ranch for industrial use",2025-10-22T22:58:19+00:00,247,2,AZ,city,3
491169735,no-data-center-in-walnut-cove,No Data Center in Walnut Cove,2026-04-02T15:07:28+00:00,199,0,NC,city,6
490975772,stop-the-massive-nebius-data-center-in-independence-mo,"Stop the Massive Nebius Data Center in Independence, MO",2026-01-21T22:11:39+00:00,145,8,MO,state,5
491220891,stop-the-data-centers-coming-to-wichita-falls-texas,"Stop the data centers coming to Wichita Falls, Texas",2026-05-05T02:10:25+00:00,161,2,TX,city,7
491338330,implement-a-moratorium-on-new-data-centers-in-cheyenne,Implement a moratorium on new data centers in Cheyenne.,2026-06-10T05:23:25+00:00,225,3,WY,city,10
490918051,stop-the-construction-of-a-data-center-in-imperial-valley,Stop the construction of a data center in Imperial Valley,2025-12-08T16:55:05+00:00,95,1,,none,3
36223079,oppose-the-creation-of-zoning-laws-that-help-data-centers-and-urban-development-thrive-in-loudoun-county,Oppose The rapid growth Data centers in Loudoun County by the changing Zoning laws!,2023-05-09T18:52:31+00:00,75,3,,none,1
491147296,ban-secret-deals-on-minnesota-data-centers,Ban Secret Deals on Minnesota Data Centers,2026-03-20T16:19:27+00:00,52,1,MN,state,4
490869251,stop-the-opening-of-the-microsoft-data-center-in-kenosha,Stop the opening of the Microsoft Data Center in Kenosha,2025-11-05T00:58:14+00:00,23193,475,WI,city,18
490934794,prohibit-the-leap-project-from-using-eagle-creek-reservoir,Prohibit the LEAP project from using Eagle Creek reservoir,2025-12-20T18:18:56+00:00,18473,212,IN,city,7
491195269,petition-to-halt-the-kenilworth-ai-data-center-from-being-built-in-kenilworth-nj,Petition to halt the Kenilworth AI data center from being built in Kenilworth NJ,2026-04-17T20:33:55+00:00,12617,247,NJ,county,11
490915852,say-no-to-the-construction-of-project-tango-ai-data-center-in-palm-beach-county,"Say NO to the construction of ""Project Tango"" AI data center in Palm Beach County",2025-12-06T19:16:24+00:00,11350,287,FL,county,9
491332862,protect-spokane-s-water-power-grid-and-aquifer-say-no-to-data-centers,"Protect Spokane’s Water, Power Grid, and Aquifer — Say No to Data Centers",2026-06-07T18:31:08+00:00,16643,297,WA,city,8
491060128,oppose-the-atlas-data-center-south-whitehall-township-pa,"Oppose the Atlas data center South Whitehall Township, PA",2026-03-02T03:47:08+00:00,9729,164,PA,county,1
490446039,halt-the-proposed-data-center-land-development-in-franklin-township,Halt the Proposed Data Center Land Development in Franklin Township,2025-02-28T20:45:09+00:00,8174,136,IN,city,6
491161108,pause-data-centers-in-calvert-county-support-a-moratorium-10-000-signatures-needed,"Pause Data Centers in Calvert County: Support a Moratorium (10,000 Signatures Needed)",2026-03-27T23:49:30+00:00,10131,166,MD,county,5
491329089,simon-says-no-to-a-300-megawatt-ai-factory-and-gbhs-does-too,Simon Says No to a 300-Megawatt AI Factory — and GBHS Does Too,2026-06-05T21:14:05+00:00,11945,93,AL,state,10
490928816,stop-the-data-center-from-coming-to-walterboro-sc,"Stop the data center from coming to Walterboro, SC",2025-12-16T15:05:20+00:00,7731,142,SC,city,3
490947784,halt-the-annexation-and-rezoning-of-429-acres-in-shelbyville-in,"Halt the annexation and rezoning of 429 acres in Shelbyville, IN",2025-12-31T21:46:58+00:00,7490,126,,none,8
490965082,halt-construction-of-ai-data-center-in-little-rock-ar,"Halt construction of AI data center in Little Rock, AR",2026-01-14T14:20:53+00:00,7018,255,AR,city,8
491193605,stop-the-ai-data-center-from-being-built-in-nodaway-county-and-other-missouri-counties,Stop the AI data center from being built in Nodaway County and other Missouri Counties,2026-04-16T21:06:12+00:00,7193,56,,none,6
490678489,demand-nipsco-lower-utility-rates-in-northwest-in,Demand NIPSCO Lower Utility Rates in Northwest IN,2025-07-31T03:41:47+00:00,6603,110,IN,state,1
490669232,stop-the-balloonist-llc-data-center-in-menomonie-protect-our-water-land-and-community,"Stop the Balloonist LLC Data Center in Menomonie: Protect Our Water, Land, and Community",2025-07-24T20:43:05+00:00,6438,64,WI,city,0
491012088,banning-regulating-data-centers-in-gilroy,Banning & Regulating Data Centers in Gilroy,2026-02-04T03:15:19+00:00,6596,135,CA,city,7
491090588,stop-ai-data-centers-in-rowan-salisbury-nc,Stop AI Data Centers in Rowan/Salisbury NC,2026-03-11T15:20:48+00:00,6802,122,NC,city,10
490693498,deny-the-proposed-data-centers,Deny the Proposed Data Centers,2025-08-10T16:52:54+00:00,5925,89,IL,city,10
491058892,stop-data-center-in-muscogee-county,Stop data center in Muscogee County,2026-03-01T02:17:18+00:00,5948,170,GA,city,11
490867173,block-project-steel-and-project-cardinal-in-kendall-county-yorkville-il,"Block Project Steel and Project Cardinal in Kendall County/Yorkville, IL",2025-11-03T20:05:17+00:00,5350,66,IL,city,9
491186972,no-data-center-in-socorro-nm-behind-m-mountain,"No Data Center in Socorro, NM behind M Mountain!",2026-04-13T16:10:19+00:00,5116,68,,none,2
491120009,oppose-the-proposed-data-center-rezoning-in-rural-hall-nc,"Oppose the Proposed Data Center Rezoning in Rural Hall, NC",2026-03-15T18:02:07+00:00,5383,150,NC,county,0
490908362,reject-data-center-proposals-in-troy-illinois,"Reject data center proposals in Troy, Illinois",2025-12-01T21:38:08+00:00,4547,74,IL,city,9
490503617,no-data-centers-in-oldham-county-only-sign-share-petition-not-for-donations,No Data Centers in Oldham County **ONLY sign/share petition! NOT FOR DONATIONS!,2025-03-30T15:50:53+00:00,4092,70,KY,county,2
490980986,stop-data-center-development-at-crooked-creek-beef-farm-pacific-mo,"Stop data center development at Crooked Creek Beef Farm - Pacific, MO",2026-01-23T14:56:19+00:00,4126,70,MO,county,8
490507868,stop-the-port-washington-wi-data-center,"Stop The Port Washington, WI Data Center",2025-04-01T23:50:34+00:00,3877,90,WI,county,2
490894138,stop-infrakey-data-center-from-building-in-lacy-lakeview,Stop Infrakey Data Center from building in Lacy Lakeview,2025-11-20T17:59:21+00:00,3752,84,TX,city,3
491231043,please-sign-up-stop-the-proposed-data-center-near-cedar-creek-lake,Please sign up:  Stop the proposed data center near Cedar Creek Lake,2026-05-10T00:04:44+00:00,3868,37,,none,5
491252948,protect-our-community-enact-strong-regulations-and-moratoriums-on-falls-twshp-data-center,Protect Our Community: Enact Strong Regulations and Moratoriums on Falls Twshp Data Center,2026-05-17T11:11:53+00:00,4581,34,PA,city,0
491137410,save-piqua-stop-the-data-center,Save Piqua! Stop the data center,2026-03-18T08:27:41+00:00,3500,42,OH,city,4
490530378,protect-local-freedom-urge-governor-morrisey-to-veto-data-center-bill,Protect Local Freedom: Urge Governor Morrisey to Veto Data Center Bill,2025-04-16T19:19:49+00:00,3418,99,WV,state,1
490905457,stop-the-construction-of-the-data-center-at-aten-rd-and-clark-rd,Stop the construction of the data center at Aten Rd. and Clark Rd.,2025-11-29T18:08:27+00:00,3474,101,CA,state,5
491033316,no-data-centers-in-san-angelo-texas-or-tom-green-county,"No Data Centers in San Angelo, Texas or Tom Green County",2026-02-15T04:05:51+00:00,3573,90,TX,city,7
491104613,prohibit-ai-data-centers-in-the-pinelands,Prohibit AI data centers in the Pinelands,2026-03-13T00:57:38+00:00,3350,35,NJ,city,3
491205650,stop-the-data-center-in-wisconsin-rapids,Stop the data center in Wisconsin Rapids,2026-04-24T16:51:41+00:00,3345,46,,none,0
27214960,protect-valencia-county-water-it-s-our-water,Protect Valencia County Water. IT’S OUR WATER!,2021-02-05T22:04:05+00:00,3132,0,,none,5
490849080,no-data-center-in-page-az,"No Data Center in Page, AZ",2025-10-23T15:09:16+00:00,3214,100,AZ,city,5
490948830,stop-the-ai-data-centers-in-gilroy,Stop the AI data centers in Gilroy,2026-01-01T22:33:00+00:00,3720,54,CA,city,7
491239643,la-pine-and-surrounding-citizens-united-against-the-installation-of-a-data-center,La Pine (and surrounding) Citizens United against the installation of a Data Center,2026-05-13T22:21:46+00:00,3014,46,,none,0
491212716,stop-the-ai-data-centers-in-texarkana,Stop the AI Data Centers in Texarkana,2026-04-29T14:06:02+00:00,3241,62,TX,city,4
490913091,big-tech-wants-our-community-lowell-mi-and-great-lakes-allies-say-no,"Big Tech Wants Our Community. Lowell, MI and Great Lakes Allies Say NO.",2025-12-04T19:50:16+00:00,3397,33,MI,city,9
490890842,prevent-ai-data-center-development-in-wilmington-oh,"Prevent AI data center development in Wilmington, OH",2025-11-18T18:05:06+00:00,2974,63,OH,city,3
490474844,stop-the-data-center-monrovia,STOP THE DATA CENTER MONROVIA,2025-03-16T17:11:00+00:00,3247,36,IN,city,7
490782838,oppose-rezoning-for-data-center-expansion-in-monrovia,Oppose Rezoning for Data Center Expansion in Monrovia,2025-09-17T19:47:15+00:00,2733,36,IN,city,3
490959622,oppose-data-centers-in-linfield-and-limerick,Oppose data centers in Linfield and Limerick,2026-01-10T13:58:31+00:00,3967,45,PA,city,0
490364990,stop-project-sail-in-coweta-county,Stop Project Sail in Coweta County,2025-01-07T15:48:02+00:00,2687,56,GA,county,3
490925274,no-data-center-in-washington-twp-mi,"No data center in Washington Twp, MI",2025-12-13T21:38:20+00:00,2863,33,MI,state,4
490434506,halt-proposed-land-use-change-from-agriculture-to-business-park-in-bartow-county,Halt Proposed Land Use Change from Agriculture to Business Park in Bartow County,2025-02-23T00:06:56+00:00,2708,46,GA,city,2
32810633,preservingboonecounty,SAVE  BOONE  COUNTY  FARMLAND  BEFORE  IT'S  TOO  LATE,2022-03-25T13:53:24+00:00,2583,1,,none,1
490757201,no-data-center-monticello-mn,"NO Data Center Monticello,  MN",2025-09-05T18:56:58+00:00,2558,41,MN,city,3
491060959,new-zoning-ordinance-meeting-on-data-center-6-at-9-am,NEW ZONING ORDINANCE MEETING ON DATA CENTER 6/ AT 9 AM,2026-03-02T17:30:36+00:00,2433,30,AL,city,10
490723267,petition-regarding-the-rankin-county-data-center-s-risks-to-the-community,Petition Regarding the Rankin County Data Center's Risks to the Community,2025-08-23T22:31:32+00:00,2673,57,MS,city,3
491293194,stop-data-centers-in-el-dorado-kansas,"Stop data centers in El Dorado, Kansas",2026-05-20T23:54:29+00:00,2279,20,KS,city,4
491247818,kansas-citizens-demand-statewide-data-center-moratorium,Kansas citizens demand statewide data center moratorium.,2026-05-16T15:53:37+00:00,2436,24,KS,state,23
490957457,stop-the-qts-data-center-in-york-county-sc,"Stop the QTS data center in York County, SC",2026-01-08T21:58:21+00:00,2311,48,SC,county,6
490762510,stop-aps-electricity-rate-hikes-in-arizona,Stop APS Electricity Rate Hikes in Arizona,2025-09-08T21:15:08+00:00,2444,33,AZ,city,3
490764621,no-janesville-data-center,No Janesville Data Center,2025-09-09T20:03:44+00:00,2301,40,WI,city,5
491192986,bristol-ct-say-no-to-the-data-center,"Bristol,  CT - say NO to the data center!",2026-04-16T15:03:36+00:00,2230,49,CT,city,7
490863763,stop-the-intrusion-of-disruptive-data-centers-in-hood-county,Stop the intrusion of disruptive data centers in Hood County,2025-11-01T16:15:18+00:00,2132,33,TX,county,5
490795568,prevent-the-construction-of-a-data-center-in-dundee-mi,"Prevent the construction of a data center in Dundee, MI",2025-09-24T16:13:04+00:00,2063,23,MI,city,7
490871970,stop-the-data-center-f340a791-4f7e-4da8-a997-b0b2ce26319a,Stop the data center!,2025-11-06T14:20:29+00:00,2058,40,OK,city,5
490829545,no-conshy-or-plymouth-data-centers-updated-for-june-2026,No Conshy or Plymouth Data Centers (Updated for June 2026),2025-10-12T15:40:51+00:00,3652,36,PA,city,0
490922915,stop-the-massive-data-center-in-van-buren-township-michigan,"Stop the massive Data Center in Van Buren Township, Michigan.",2025-12-12T00:36:11+00:00,2489,34,MI,city,3
490829282,oppose-the-data-center-proposal-for-franklin-kentucky,"Oppose the data center proposal for Franklin, Kentucky",2025-10-12T12:07:18+00:00,1868,35,KY,city,0
491203987,stop-any-data-centers-from-being-built-in-webster-county-mo,"Stop any data centers from being built in Webster County, MO",2026-04-23T15:17:38+00:00,1813,24,MO,city,3
491049502,ban-new-data-centers-on-farmland-and-in-towns,Ban new data centers on farmland and in towns,2026-02-23T18:41:45+00:00,1943,35,,none,4
491165369,deny-the-construction-of-the-ai-data-center-campus-in-cedar-city-utah,"Deny the construction of the ai data center campus in Cedar City, Utah",2026-03-31T01:23:11+00:00,1842,56,UT,city,6
490924321,stop-the-building-of-an-ai-data-center-in-lyon-township,Stop the building of an AI data center in Lyon Township,2025-12-13T02:22:39+00:00,1839,25,MI,city,8
491180186,prevent-big-data-centers-from-building-in-lowndes-county-and-hope-hull,Prevent big DATA CENTERS from building in Lowndes County and Hope Hull,2026-04-09T12:10:33+00:00,1886,27,AL,state,3
35555918,protect-waterford-from-data-center-noise-pollution,Protect Waterford from Data Center Noise Pollution,2023-02-26T21:46:21+00:00,1625,2,,none,0
490921574,ban-ai-data-centers-in-rogers-county-permanently,Ban AI Data Centers in Rogers County Permanently,2025-12-11T02:07:04+00:00,1636,37,OK,county,2
491034019,project-jack-wise-county-water-stop-the-data-centers,Project Jack/Wise County Water: Stop the Data Centers!!,2026-02-15T17:18:27+00:00,1593,36,TX,county,12
491161521,stop-the-development-of-data-centers-in-putnam-county-wv,Stop the  development of Data Centers in Putnam County WV,2026-03-28T07:24:40+00:00,1579,40,WV,city,3
491051660,restrict-data-center-construction-in-everett-ma,"Restrict data center construction in Everett, MA",2026-02-24T15:05:47+00:00,1482,19,MA,city,19
491018045,protect-wisconsin-s-driftless-region-from-data-centers-and-crypto-mining,Protect Wisconsin’s Driftless region from data centers and crypto mining,2026-02-06T21:00:28+00:00,1599,11,WI,county,7
491166263,stop-the-nextnrg-data-center-in-nassau-county,Stop the NextNRG Data Center in Nassau County,2026-03-31T16:22:48+00:00,1530,24,FL,county,1
491171860,stop-the-data-center-development-in-athens-texas,"Stop the data center development in Athens, Texas",2026-04-03T22:21:49+00:00,1406,23,TX,city,5
490746398,prevent-data-center-construction-in-iredell-county-residential-agricultural-area,Prevent Data Center Construction in Iredell County Residential Agricultural Area,2025-08-31T21:33:09+00:00,1397,20,NC,county,8
491012010,no-data-center-in-pulaski-county-va,No Data Center in Pulaski County VA,2026-02-04T02:38:17+00:00,1442,35,VA,county,11
490968311,protect-horseshoe-bend-stop-the-page-data-center-project,Protect Horseshoe Bend: Stop the Page Data Center Project,2026-01-16T15:48:51+00:00,1363,24,AZ,state,1
491319499,pass-rules-to-protect-louisvillians-from-hyper-scale-data-centers,Pass Rules to Protect Louisvillians from Hyper-Scale Data Centers,2026-06-01T21:18:47+00:00,1924,17,KY,city,28
490958717,demand-public-input-opportunity-for-new-data-center-venture-in-downtown-chattanooga,Demand public input opportunity for new data center venture in downtown Chattanooga,2026-01-09T20:14:16+00:00,1250,36,TN,city,13
490968898,reject-data-center-proposals-in-madison-county-illinois,"Reject Data Center Proposals in Madison County, Illinois",2026-01-16T23:11:20+00:00,1274,20,IL,county,14
490858549,reject-plans-for-a-data-center-in-rochelle-illinois,"Reject plans for a data center in Rochelle, Illinois",2025-10-29T15:40:49+00:00,1072,19,IL,city,6
490034372,act-today-preserve-tomorrow-idaho-against-industrial-scale-solar,Act Today | Preserve Tomorrow: Idaho Against Industrial Scale Solar,2024-04-29T02:13:44+00:00,1029,13,ID,state,0
490266461,prevent-the-construction-of-the-proposed-power-plant-and-data-centers-in-chatham-va,"Prevent the Construction of the Proposed Power Plant and Data Centers in Chatham, VA",2024-10-23T21:33:48+00:00,964,28,VA,city,1
491013974,oppose-third-reading-of-ordinance-2026-01-in-marion-county,Oppose third reading of Ordinance 2026-01 in Marion County,2026-02-04T20:44:17+00:00,935,19,SC,city,0
490773625,no-data-center-in-pine-island-mn,"No Data Center in Pine Island, MN!",2025-09-13T18:59:10+00:00,1402,12,MN,city,0
490901845,stop-the-nobles-county-mega-data-center-before-it-reshapes-our-rural-communities,Stop the Nobles County Mega Data Center Before It Reshapes Our Rural Communities,2025-11-26T16:25:44+00:00,883,7,MN,state,10
490750750,stop-the-hickman-property-data-center-in-villa-rica-ga,"Stop the Hickman Property data center in Villa Rica, GA!",2025-09-03T04:32:13+00:00,907,14,GA,city,2
490712832,stop-tarboro-council-from-allowing-massive-data-center,Stop Tarboro Council from Allowing Massive Data Center,2025-08-21T17:52:47+00:00,929,18,NC,city,3
491095516,citizen-petition-for-transparency-and-responsible-development-in-grimes-county,Citizen Petition for Transparency and Responsible Development in Grimes County,2026-03-12T01:10:36+00:00,911,19,TX,county,5
491187762,south-annville-data-center-opposition-petition,South Annville Data Center Opposition Petition,2026-04-14T01:06:41+00:00,856,11,PA,city,0
490977163,opposition-to-the-fm-florida-data-center,Opposition to the FM Florida Data Center,2026-01-22T19:54:46+00:00,987,12,FL,county,7
490852403,stop-the-data-center-from-coming-to-coweta-ok,"Stop the data center from coming to Coweta, OK",2025-10-25T20:03:41+00:00,835,25,OK,city,4
490928095,stop-the-microsoft-data-center-in-gaines-township,Stop the Microsoft Data Center in Gaines Township,2025-12-16T00:16:04+00:00,951,9,MI,state,4
490912049,no-lowell-data-center,No Lowell Data Center,2025-12-04T05:57:06+00:00,783,10,MI,city,7
12745417,loudoun-county-board-of-supervisors-stop-the-data-center-at-goose-creek-watershed,Stop the Data Center at Goose Creek Watershed,2017-11-10T02:55:40+00:00,687,0,,none,1
490954659,stop-the-foristell-data-center-project-protect-our-community-s-future,Stop the Foristell Data Center Project — Protect Our Community’s Future,2026-01-06T21:39:40+00:00,707,10,MN,state,4
491211986,ban-new-data-centers-in-strasburg-va,"Ban new data centers in Strasburg, VA",2026-04-29T01:11:20+00:00,1098,17,VA,city,0
491029190,deny-permits-for-the-sequitor-edge-data-center,Deny permits for the Sequitor Edge data center,2026-02-12T15:34:59+00:00,907,10,SD,city,7
490909749,stop-the-mega-data-center-in-clarksville-arkansas,"Stop the Mega Data Center in Clarksville, Arkansas",2025-12-02T18:42:53+00:00,778,9,AR,state,3
490990654,big-tech-shouldn-t-control-small-town-water-protect-mount-hood,Big Tech Shouldn’t Control Small-Town Water. Protect Mount Hood!,2026-01-26T20:11:52+00:00,664,8,OR,state,2
490929379,no-data-centers-in-minooka-il,"NO DATA CENTERS in Minooka, IL",2025-12-16T22:51:03+00:00,793,10,IL,city,6
490936784,stop-amazon-data-centers-from-being-built-in-kline-township,Stop Amazon data centers from being built in Kline Township,2025-12-22T12:00:02+00:00,678,11,PA,state,3
491140631,enact-a-moratorium-on-data-center-development-in-rosemount-minnesota,"Enact a moratorium on data center development in Rosemount, Minnesota",2026-03-18T17:24:17+00:00,626,2,MN,city,1
491317599,regulate-data-centers-for-a-healthier-environment,Regulate data centers for a healthier environment,2026-05-31T21:00:59+00:00,560,4,,none,2
491062781,opposition-and-moratorium-petition-re-trenton-ohio-data-center-project,"Opposition and Moratorium Petition re:  Trenton, Ohio data center project",2026-03-03T19:46:49+00:00,567,7,OH,city,9
491203331,stop-project-anthem-in-tulsa-oklahoma,"Stop project Anthem in Tulsa, Oklahoma",2026-04-23T03:48:07+00:00,502,2,OK,county,11
490825666,petition-to-the-springdale-borough-council-oppose-the-allegheny-dc-property-data-center,Petition to the Springdale Borough Council: Oppose the Allegheny DC Property Data Center,2025-10-09T22:19:58+00:00,523,5,PA,city,4
491221051,toads-don-t-suck-stop-the-conway-ai-data-center,Toads Don't Suck: Stop the Conway AI Data Center,2026-05-05T05:22:21+00:00,543,4,AR,city,9
491072372,reject-the-rezoning-for-an-industrial-park-and-data-center-in-citrus-county,Reject the Rezoning for an Industrial Park and Data Center in Citrus County,2026-03-09T20:34:48+00:00,546,7,FL,state,3
490933331,stop-the-colleton-county-data-center-project-and-protect-rural-south-carolina,Stop the Colleton County Data Center Project and Protect Rural South Carolina,2025-12-19T16:59:12+00:00,364,6,SC,state,5
490120187,stop-construction-and-operations-of-colossus-and-colossus-2-xai-facilities-in-memphis-tn,"Stop Construction and Operations of Colossus and Colossus 2 xAI Facilities In Memphis, TN",2024-07-02T03:03:33+00:00,358,8,TN,city,8
37823712,pause-data-center-approvals,Pause Data Center Approvals,2024-01-08T17:35:33+00:00,341,1,,none,0
491161073,calvert-county-residents-demanding-to-vote-for-data-centers,Calvert County Residents demanding to VOTE for data centers.,2026-03-27T23:23:46+00:00,421,5,MD,county,5
490798329,don-t-make-louisiana-taxpayers-fund-meta-s-power-bill,Don’t Make Louisiana Taxpayers Fund Meta’s Power Bill,2025-09-25T17:46:24+00:00,473,8,LA,state,3
490994256,protect-pacific-and-the-meramec-valley-from-a-massive-data-center,Protect Pacific and the Meramec Valley from a Massive Data Center,2026-01-28T18:21:27+00:00,328,6,MO,state,7
491168389,stop-the-festus-data-center-give-residents-a-real-voice,Stop the Festus Data Center: Give Residents a Real Voice,2026-04-01T18:30:13+00:00,396,3,MO,state,9
490919774,scg-says-no-to-metrobloks,"SCG SAYS ""NO"" TO METROBLOKS",2025-12-09T20:06:28+00:00,243,5,MI,city,9
490953185,stop-the-construction-of-a-data-center-in-plainfield-indiana,"Stop the construction of a data center in Plainfield, Indiana",2026-01-05T18:05:53+00:00,383,13,IN,city,5
491064374,halt-approval-of-water-hungry-data-centers-in-buckeye,Halt approval of water-hungry data centers in Buckeye,2026-03-04T19:02:22+00:00,933,12,AZ,city,7
37901908,press-pause-on-data-centers-for-thorough-transparent-and-data-driven-policy-development,"Press Pause on Data Centers for Thorough, Transparent, and Data-Driven Policy Development",2024-02-23T15:03:31+00:00,194,3,VA,county,0
491013837,stop-the-university-of-michigan-los-alamos-computing-facility-in-ypsilanti-township,Stop the University of Michigan–Los Alamos Computing Facility in Ypsilanti Township,2026-02-04T19:38:09+00:00,255,0,MI,state,10
490658276,stop-the-ai-data-processing-center-in-owasso-ok,"Stop the AI Data Processing Center in Owasso, OK",2025-07-17T01:53:02+00:00,225,7,OK,city,10
490923889,stop-georgia-power-from-raising-our-bills-to-fund-data-centers,Stop Georgia Power from Raising Our Bills to Fund Data Centers,2025-12-12T18:41:12+00:00,178,0,GA,state,5
490929036,stop-the-pine-island-hyperscale-data-center-until-the-community-is-heard,Stop the Pine Island Hyperscale Data Center Until the Community is Heard,2025-12-16T17:58:40+00:00,235,2,MN,state,4
25372308,mayor-and-board-of-trustees-in-itasca-no-data-center-itasca-open-space,"No Data Center at Itasca Country Club
Itasca Open Space",2020-10-20T13:24:52+00:00,111,0,,none,1
490874314,stop-the-karis-data-center-next-to-naperville-homes,Stop the Karis Data Center Next to Naperville Homes,2025-11-07T21:21:35+00:00,104,4,IL,state,10
491188553,pass-a-zoning-ban-on-new-data-centers-in-city-limits,Pass a zoning ban on new data centers in city limits,2026-04-14T12:51:07+00:00,92,2,MO,city,19
491025012,transform-the-next-ashburn-va-data-center-into-a-community-park,Transform the next Ashburn VA data center into a community park,2026-02-10T18:15:44+00:00,90,8,VA,city,3
490571989,xai-present-a-real-plan-to-contain-toxic-emissions-let-memphis-residents-oversee-it,xAI: Present a Real Plan to Contain Toxic Emissions — Let Memphis Residents Oversee It,2025-05-16T12:07:55+00:00,90,2,TN,state,1
490754668,hold-data-centers-accountable-for-rising-energy-costs-in-pennsylvania,Hold Data Centers Accountable for Rising Energy Costs in Pennsylvania,2025-09-04T17:20:23+00:00,78,2,PA,state,5
490754075,prevent-the-construction-of-ai-data-center-in-lordstown,Prevent the Construction of AI Data Center in Lordstown,2025-09-04T13:00:03+00:00,77,3,OH,state,3
490892867,protect-holly-ridge-stop-the-chaos-from-meta-s-data-center-construction,Protect Holly Ridge: Stop the Chaos from Meta’s Data Center Construction,2025-11-19T20:51:29+00:00,66,4,LA,state,6
490914146,stop-data-centers-from-being-built-near-homes-in-newton-county-ga,"Stop data centers from being built near homes in Newton County, GA",2025-12-05T14:29:37+00:00,29,1,GA,city,3
491176874,protect-athens-tx-pause-large-scale-data-center-development,"Protect Athens, TX: Pause Large-Scale Data Center Development",2026-04-07T13:17:36+00:00,58,3,,none,0
490755572,reverse-the-nipsco-rate-increase-in-indiana,Reverse the NIPSCO rate increase in Indiana,2025-09-05T02:21:18+00:00,34,1,IN,state,3
490837667,against-the-meta-and-project-jupiter-manufacturing,Against the Meta and Project Jupiter manufacturing,2025-10-16T19:42:02+00:00,3609,231,TX,city,3
491066162,block-approval-of-any-data-center-in-zip-code-85044,Block approval of any data center in ZIP Code 85044,2026-03-05T20:05:41+00:00,3932,27,AZ,city,9
490923560,halt-the-coreweave-data-center-development-in-hammond,Halt the CoreWeave data center development in Hammond,2025-12-12T14:24:26+00:00,22,0,IN,state,3
27705668,mayor-charles-griego-it-s-our-water-village-council-delay-your-vote-on-facebook-expansion,IT'S OUR WATER! Village Council – DELAY YOUR VOTE on Facebook Expansion!,2021-03-07T00:07:14+00:00,796,0,,none,5
490937097,oppose-rezoning-rz-01-25-in-logan-county,Oppose rezoning RZ-01-25 in Logan County,2025-12-22T17:24:57+00:00,1101,21,IL,state,4
35951237,petition-to-stop-the-wilderness-crossing-rezoning-project,Petition to Stop the Wilderness Crossing Rezoning Project,2023-04-10T00:25:18+00:00,140,0,,none,0
491058726,proposed-norwalk-data-center,Proposed Norwalk Data Center,2026-02-28T22:32:16+00:00,698,11,IA,city,6
491229535,recall-mayor-beach-pace,Recall Mayor Beach Pace,2026-05-09T15:55:37+00:00,82,0,OR,county,1
490922661,say-no-to-sentinel-grove-technology-park-ai-data-center-in-st-lucie-county,"Say ""NO"" to Sentinel Grove Technology Park AI data center in St. Lucie County",2025-12-11T20:22:04+00:00,1113,22,FL,county,1
490811470,stop-data-centers-in-hobart-indiana-protect-our-community,"🚫 Stop Data Centers in Hobart, Indiana – Protect Our Community",2025-10-01T18:11:08+00:00,3097,53,IN,city,3
491290636,stop-data-centers-in-our-county,Stop data centers in our county,2026-05-20T12:07:37+00:00,445,4,PA,county,6
491014627,stop-the-mega-data-center-coming-to-yerington-nevada,"STOP the MEGA DATA CENTER coming to Yerington, Nevada",2026-02-05T04:14:15+00:00,2333,36,NV,city,8
490805602,stop-the-data-center-construction-in-carol-stream,Stop the data center construction in Carol Stream,2025-09-29T00:19:52+00:00,1729,14,IL,city,7
490945180,stop-data-centers-in-cumberland-county-protect-fayetteville-s-health-and-water,Stop Data Centers in Cumberland County — Protect Fayetteville’s Health and Water,2025-12-30T01:35:29+00:00,2706,64,NC,city,0
491174455,stop-the-fort-meade-data-center-project,Stop the Fort Meade Data Center project,2026-04-05T23:03:52+00:00,1338,34,FL,county,5
490847543,stop-the-hermantown-data-center-protect-our-community-and-environment,Stop the Hermantown Data Center — Protect Our Community and Environment,2025-10-22T17:52:32+00:00,775,8,MN,state,5
490929525,stop-the-project-tango-a-i-center-near-everglades,Stop the Project Tango A​.​I Center near Everglades,2025-12-17T01:37:12+00:00,648,17,,none,0
490966655,stop-the-wildwood-ranch-data-center-project-in-joplin-mo,"Stop the Wildwood Ranch Data Center Project in Joplin, MO",2026-01-15T14:40:55+00:00,2134,74,MO,city,9
491173323,stop-the-construction-of-data-centers-in-non-industrial-areas,Stop the construction of data centers in non-industrial areas,2026-04-05T00:27:12+00:00,104996,424,,none,3
491245880,stop-the-data-center-expansion-in-east-tennessee,Stop the data center expansion in East Tennessee,2026-05-15T23:33:04+00:00,43973,662,TN,city,3
491298382,stop-the-proposed-nottingham-nh-data-center,"Stop the Proposed Nottingham, NH Data Center",2026-05-22T16:05:39+00:00,42179,372,NH,state,8
491213592,oppose-the-hyperscale-data-center-in-box-elder-county,Oppose the hyperscale data center in Box Elder County,2026-04-29T22:38:02+00:00,28897,509,UT,state,9
491248162,no-ai-data-centers-in-king-of-prussia-pa,"No AI Data Centers in King of Prussia, PA",2026-05-16T17:06:28+00:00,17309,247,PA,city,0
491309264,stop-the-data-center-assault-on-vizag,Stop the Data Center Assault on Vizag,2026-05-27T12:08:14+00:00,14370,8,,none,0
491215351,petition-for-a-ban-on-data-centers-in-coachella,Petition for a Ban on Data Centers in Coachella,2026-05-01T01:50:35+00:00,9519,117,CA,city,4
491307082,no-ai-data-center-in-tonawanda,NO AI DATA CENTER IN TONAWANDA,2026-05-26T13:01:47+00:00,9238,124,NY,city,7
491215441,stop-the-proposed-coachella-data-center-project,STOP THE PROPOSED COACHELLA DATA CENTER PROJECT,2026-05-01T03:48:07+00:00,9075,137,CA,city,5
490689878,stop-the-hazardous-data-center-in-st-charles-protect-our-water-health-and-community,"Stop the Hazardous Data Center in St. Charles — Protect Our Water, Health, and Community",2025-08-07T20:17:13+00:00,8196,103,MO,city,0
491047812,protect-dinosaur-valley-put-guardrails-on-massive-data-centers-in-texas,Protect Dinosaur Valley — Put Guardrails on Massive Data Centers in Texas,2026-02-22T22:59:39+00:00,8163,205,TX,state,3
491029572,oppose-data-center-in-lower-mt-bethel-township,Oppose Data Center in Lower Mt. Bethel Township,2026-02-12T18:51:38+00:00,7919,84,PA,city,1
491187334,open-letter-to-colorado-springs-mayor-yemi-mobolade-about-data-center-proposal,"Open Letter to Colorado Springs Mayor, Yemi Mobolade, about Data Center Proposal",2026-04-13T19:30:41+00:00,6756,172,CO,city,10
491044695,no-data-centers-in-champaign-county-ohio,"No Data Centers in Champaign County, Ohio!",2026-02-21T04:47:55+00:00,6613,100,OH,city,9
491303882,petition-for-permanent-ban-on-all-ai-data-centers-on-long-island,Petition for Permanent Ban on  ALL AI data centers on Long Island,2026-05-25T00:02:36+00:00,6585,42,NY,county,7
491203706,stop-the-permitting-and-building-of-a-data-center-at-white-clay-business-center,Stop the permitting and building of a data center at White Clay Business Center!,2026-04-23T11:42:39+00:00,6551,53,DE,city,14
491239113,stop-the-east-reeceville-data-center-protect-east-brandywine,Stop the East Reeceville Data Center: Protect East Brandywine,2026-05-13T17:09:47+00:00,6367,31,PA,city,3
491225164,tell-monroe-township-cumberland-cty-no-data-center-on-w-grantham-williams-grove-rd,Tell Monroe Township (Cumberland Cty): No Data Center on W. Grantham / Williams Grove Rd,2026-05-07T12:26:47+00:00,6218,71,PA,county,3
491193029,demand-public-hearing-vote-on-upcoming-data-center-construction,Demand public hearing & vote on upcoming data center construction,2026-04-16T15:30:55+00:00,6078,90,TN,county,3
491301863,escambia-county-residents-say-no-to-data-centers,ESCAMBIA COUNTY RESIDENTS SAY NO TO DATA CENTERS!!!!,2026-05-24T00:42:06+00:00,6031,95,FL,county,5
491032597,stop-the-massive-data-center-in-stroudsburg-pa,"Stop the massive data center in Stroudsburg, PA",2026-02-14T14:25:27+00:00,5202,119,PA,city,3
490928925,raise-awareness-about-the-potential-data-center-in-newport-news,Raise awareness about the potential data center in Newport News,2025-12-16T16:43:28+00:00,4527,135,VA,city,1
491157128,support-sanders-aoc-pause-all-ai-data-centers-sign-now,Support Sanders & AOC: Pause All AI Data Centers. Sign now.,2026-03-25T20:38:06+00:00,4493,23,,none,2
491222322,say-no-to-the-rensch-rd-data-center-in-grove-city-ohio,"Say ""NO"" to the Rensch Rd Data Center in Grove City, Ohio!",2026-05-05T22:26:35+00:00,4336,42,OH,city,8
491306402,stop-the-construction-of-the-wahawk-power-data-center,Stop the construction of the Wahawk Power Data Center,2026-05-26T02:38:42+00:00,4308,69,IA,city,7
491280003,stop-the-massive-data-center-at-jefferson-proving-grounds,“Stop the Massive Data Center at Jefferson Proving Grounds,2026-05-19T12:59:56+00:00,4219,53,IN,city,3
491231100,stop-the-data-center-in-prichard,STOP THE DATA CENTER IN PRICHARD!,2026-05-10T00:45:32+00:00,4198,98,AL,city,6
491216514,texans-against-data-centers,Texans Against Data Centers,2026-05-01T20:09:42+00:00,4143,63,TX,state,3
491057672,oppose-high-impact-data-center-development-and-demand-sustainable-growth-for-rockford-il,"Oppose High Impact Data Center Development and Demand Sustainable Growth for Rockford, IL",2026-02-28T01:20:13+00:00,4102,99,IL,city,16
490787620,stop-the-construction-of-michigan-s-largest-data-center-in-howell,Stop the Construction of Michigan's Largest Data Center in Howell,2025-09-20T00:10:05+00:00,4048,46,MI,city,7
491140958,stop-the-maypearl-tx-data-center-project,"Stop the Maypearl, TX data center project",2026-03-18T19:15:50+00:00,3891,76,TX,county,3
490976668,stop-construction-of-a-data-center-in-our-neighborhood,Stop construction of a data center in our neighborhood,2026-01-22T14:03:28+00:00,3752,45,OH,city,0
490992053,stop-the-pekin-ai-data-center,STOP THE PEKIN AI DATA CENTER,2026-01-27T17:26:19+00:00,3735,82,IL,city,7
491018605,stop-ai-data-center-lufkin-tx,"STOP AI DATA CENTER 
Lufkin, TX",2026-02-07T05:29:23+00:00,3682,113,TX,city,5
491180607,stop-approval-of-possible-ai-data-center-on-lake-erie-chautauqua-ny,Stop approval of possible AI data center on Lake Erie (Chautauqua NY),2026-04-09T16:45:48+00:00,3630,86,NY,county,3
491025369,stop-zoning-change-from-general-neighborhood-commercial-to-industrial,Stop zoning change from General NEIGHBORHOOD Commercial to industrial,2026-02-10T21:45:27+00:00,3617,64,FL,city,3
490937048,stop-mega-data-centers-in-the-rgv-protect-our-water-grid-and-public-health,"Stop Mega Data Centers in the RGV — Protect Our Water, Grid, and Public Health",2025-12-22T16:34:55+00:00,3495,41,TX,county,3
491162742,stop-the-irsc-okee-one-data-center,Stop the IRSC Okee-One Data Center,2026-03-29T04:13:02+00:00,3436,70,FL,city,3
491298130,no-ai-data-center-in-albany-ny,"NO AI Data Center in Albany, NY",2026-05-22T14:43:50+00:00,3347,38,NY,city,4
490787674,no-data-centers-in-matthews-nc,"No Data Centers in Matthews, NC!",2025-09-20T01:02:16+00:00,3094,44,NC,city,7
491307968,stop-the-construction-of-the-east-park-data-centre-in-boyd-county,Stop the construction of the East Park data centre in Boyd County,2026-05-26T20:46:06+00:00,3081,42,KY,county,7
491142276,say-no-to-data-centers-keep-jasper-and-lawrence-counties-rural,Say No to Data Centers: Keep Jasper and Lawrence Counties Rural,2026-03-19T02:14:33+00:00,3045,33,MO,city,5
490968543,say-no-to-a-i-data-centers-in-mt,SAY NO to A​.​I Data Centers in MT!!,2026-01-16T18:26:03+00:00,2922,54,,none,5
491249714,halt-the-maysville-data-center-development,Halt the Maysville data center development,2026-05-16T23:39:13+00:00,2816,18,GA,city,0
490772039,stop-the-data-center-next-to-our-historic-gardens-for-all-supporters-sign-petition-below,"Stop the Data Center Next to Our Historic Gardens- For All Supporters, Sign Petition Below",2025-09-12T21:56:55+00:00,2804,50,,none,11
491224328,stop-the-data-center-in-angleton-texas,"Stop the data center in Angleton, Texas",2026-05-06T23:45:29+00:00,2804,49,TX,county,3
491020906,tell-the-botetourt-county-board-to-say-no-to-google-we-do-not-want-a-data-center-here,~TELL THE BOTETOURT COUNTY BOARD TO SAY NO TO GOOGLE! ~WE DO NOT WANT A DATA CENTER HERE!~,2026-02-08T17:56:00+00:00,2733,48,VA,city,5
491014046,prevent-data-centers-from-establishing-in-kokomo-indiana,Prevent Data Centers from Establishing in Kokomo Indiana,2026-02-04T21:13:14+00:00,2586,46,IN,city,10
491195459,stop-the-construction-of-the-data-center-in-sharon-pennsylvania,"Stop the construction of the data center in Sharon, Pennsylvania",2026-04-17T23:14:00+00:00,2530,63,PA,city,6
490756578,say-no-to-ai-data-centers-in-decatur-county,Say NO to AI Data Centers in Decatur County!,2025-09-05T12:32:42+00:00,2515,50,IN,county,1
491237975,stop-the-impending-microsoft-data-center-development-in-tyrone-georgia,"Stop the Impending Microsoft Data Center Development in Tyrone, Georgia",2026-05-13T03:14:18+00:00,2504,10,GA,city,5
490667038,stop-the-data-center-00539472-5549-480d-8958-8ff77a1a80ce,Stop the Data Center!,2025-07-23T13:16:26+00:00,2446,31,IN,city,3
491227632,stop-industrial-data-center-development-in-tioga-county-protect-the-pa-wilds,Stop Industrial Data Center Development in Tioga County & Protect the PA Wilds,2026-05-08T16:04:21+00:00,2431,62,PA,county,0
490722539,halt-the-construction-of-columbia-county-data-centers-quarry,Halt the Construction of Columbia County Data Centers & Quarry,2025-08-23T18:16:07+00:00,2392,62,GA,county,3
491182945,end-the-construction-of-ai-data-centers-in-arkansas,End the Construction of AI Data Centers in Arkansas!,2026-04-11T00:14:02+00:00,2333,57,AR,state,2
491058845,prevent-the-microsoft-data-center-from-compromising-local-health,Prevent the Microsoft Data Center from compromising local health,2026-03-01T01:14:14+00:00,2314,48,IN,county,2
33615231,stop-dominion-energy-from-installing-above-ground-high-voltage-power-lines-for-amazon,Stop Dominion Energy from installing above-ground high voltage power lines for Amazon,2022-06-11T00:38:22+00:00,2288,0,,none,0
490919794,stop-the-planned-data-center-construction-in-marquez-texas,"Stop the planned data center construction in Marquez, Texas",2025-12-09T20:23:29+00:00,2280,29,,none,3
490846390,stop-google-s-ai-data-center-in-roanoke-va,"Stop Google's AI data center in Roanoke, VA",2025-10-22T03:29:58+00:00,2275,41,VA,city,2
491197433,oppose-large-scale-ai-data-center-development-in-the-mohawk-valley,Oppose Large-Scale AI Data Center Development in the Mohawk Valley,2026-04-19T12:31:41+00:00,2250,57,NY,city,7
491193189,implement-a-statewide-moratorium-on-data-centers-in-nevada,Implement a statewide moratorium on data centers in Nevada,2026-04-16T17:05:00+00:00,2085,36,,none,8
491203640,support-a-moratorium-on-data-center-development-in-madison-county,Support a moratorium on data center development in Madison County,2026-04-23T10:45:56+00:00,1994,32,IN,county,3
491242061,protect-miami-county-from-data-centers,Protect Miami County from Data Centers,2026-05-15T00:57:40+00:00,1957,20,IN,county,0
491268673,columbians-against-data-centers,Columbians Against Data Centers,2026-05-18T20:31:10+00:00,1950,33,PA,city,4
491221655,petition-to-the-city-of-rockford-enact-a-temporary-moratorium-on-data-centers,Petition to the City of Rockford: Enact a Temporary Moratorium on Data Centers,2026-05-05T15:19:13+00:00,1924,22,IL,city,15
490180336,halt-treetop-s-plans-to-construct-a-data-center-in-east-fishkill-new-york,Halt Treetop's Plans to Construct a Data Center in East Fishkill New York!,2024-08-19T18:05:58+00:00,1909,26,NY,city,2
490973997,deny-data-centers-in-barrington-hills,Deny Data Centers in Barrington Hills,2026-01-20T19:31:05+00:00,1906,11,IL,city,7
490956861,stop-the-construction-of-data-centers-in-lowndes-county,Stop the construction of data centers in Lowndes County,2026-01-08T14:34:59+00:00,1892,30,GA,city,16
491177537,petition-to-oppose-ai-data-center-development-in-windsor-and-weld-county,Petition to Oppose AI Data Center Development in Windsor and Weld County,2026-04-07T20:02:39+00:00,1853,29,CO,county,5
491298400,no-ai-data-center-in-southern-illinois-or-anywhere-downstate,No AI Data Center in Southern Illinois or Anywhere Downstate!,2026-05-22T16:09:30+00:00,1798,28,IL,state,8
491211102,prevent-the-construction-of-a-data-center-in-gardner-edgerton,Prevent the construction of a data center in Gardner Edgerton,2026-04-28T14:03:29+00:00,1784,26,KS,city,5
490975543,oppose-a-50-megawatt-data-center-near-lisle-homes,Oppose a 50 megawatt data center near Lisle homes,2026-01-21T19:16:03+00:00,1778,20,IL,city,6
491066030,stop-the-construction-of-data-centers-in-beloit-township-wi,"Stop the construction of data centers in Beloit Township, WI",2026-03-05T18:55:00+00:00,1766,26,WI,city,1
491057136,say-no-to-data-centers-in-brantley-county,"Say ""NO"" to Data Centers in Brantley County",2026-02-27T17:30:00+00:00,1692,28,,none,5
37852375,oppose-500kv-transmission-lines-proposed-through-western-loudoun-and-waterford-nhl,Oppose 500KV Transmission Lines Proposed Through Western Loudoun and Waterford NHL,2024-01-24T17:33:54+00:00,1691,15,,none,0
491238630,stop-the-construction-of-ai-data-center-near-turkey-creek,Stop the construction of AI data center near Turkey Creek,2026-05-13T12:48:09+00:00,1685,24,FL,city,5
490831955,stop-construction-of-project-triton-in-norton-and-barberton-residential-areas,Stop construction of Project Triton in Norton and Barberton residential areas,2025-10-14T01:10:20+00:00,1679,26,OH,city,8
490959785,allen-park-residents-only-rejection-of-ai-data-centers-in-allen-park-mi,"Allen Park Residents ONLY-Rejection of AI data centers in Allen Park, MI",2026-01-10T16:42:24+00:00,1679,30,MI,city,7
490953538,protect-brenham-stop-the-industrial-data-center-from-being-built-in-our-community,Protect Brenham: Stop the Industrial Data Center From Being Built in Our Community,2026-01-05T23:58:53+00:00,1627,32,TX,county,7
491023047,petition-with-a-mission-stop-data-center-development-on-portland-tn-franklin-ky-line,"Petition with a Mission: STOP DATA CENTER Development on PORTLAND, TN / FRANKLIN, KY LINE",2026-02-09T20:28:13+00:00,1619,33,TN,city,14
490910388,abolish-the-data-center-in-fulton-county-illinois,"Abolish the data center in Fulton County, Illinois",2025-12-03T03:55:15+00:00,1610,34,IL,state,3
490975879,halt-data-center-development-on-big-break-rd-in-oakley-ca,"Halt data center development on Big Break Rd in Oakley, CA",2026-01-22T00:03:31+00:00,1598,21,CA,city,8
491173463,stop-construction-of-data-center-in-henderson-nc,"Stop construction of data center in Henderson, NC",2026-04-05T04:11:46+00:00,1583,43,NC,county,3
491302339,no-data-centers-in-dent-county-keep-the-current-river-clean,NO Data Centers in Dent County -Keep the Current River clean!,2026-05-24T06:52:57+00:00,1574,21,MO,county,0
490883925,reject-zta-25-187-data-centers-we-want-more-transparency-and-community-involvement,Reject ZTA #25-187 Data Centers: We Want More Transparency and Community Involvement,2025-11-13T17:05:07+00:00,1553,25,MD,county,5
491227375,stop-data-center-installation-near-san-felasco,Stop Data Center Installation  near San Felasco,2026-05-08T13:38:27+00:00,1539,19,FL,state,3
491207078,keep-cass-county-clean-no-data-center,"Keep Cass County Clean ~
NO  Data Center",2026-04-25T18:30:56+00:00,1412,15,MI,county,7
491002525,demand-a-federal-one-year-moratorium-on-data-centers,Demand a Federal One-Year Moratorium on Data Centers,2026-01-30T21:33:13+00:00,1327,10,,none,3
491145589,stop-karis-critical-from-building-a-data-center-in-prairie-township,Stop Karis Critical from building a data center in Prairie Township,2026-03-19T23:22:02+00:00,1313,13,OH,city,3
490663658,stop-ai-data-centers-in-delta-pa,"Stop AI data centers in Delta, PA",2025-07-21T01:42:29+00:00,1297,20,PA,city,2
490975147,sidney-citizens-petition,Sidney Citizens Petition,2026-01-21T15:17:53+00:00,1241,22,OH,city,5
490761969,halt-ai-data-center-plans-for-sulphur-springs-tx-pending-more-review,"Halt AI Data Center Plans for Sulphur Springs, TX pending more review",2025-09-08T14:52:01+00:00,1173,14,TX,county,0
490959854,non-allen-park-mi-residents-help-keep-ai-data-centers-out-of-wayne-county-cities-listed,"Non-Allen Park, MI residents-HELP KEEP AI DATA CENTERS OUT OF WAYNE COUNTY/CITIES LISTED",2026-01-10T17:37:21+00:00,1136,15,MI,city,7
490847436,stop-ai-data-centers-in-conewago-township-york-co,"Stop AI data centers in Conewago Township, York Co",2025-10-22T16:46:47+00:00,1104,14,PA,city,2
491214173,urge-penns-grove-carneys-point-township-to-restrict-data-centers,Urge Penns Grove & Carneys point Township to restrict data centers,2026-04-30T10:52:47+00:00,1077,16,NJ,city,1
490867568,keep-kalkaska-clean-and-quit-say-no-to-ai-data-centers,Keep Kalkaska Clean and Quit. Say No To AI Data Centers.,2025-11-04T01:03:31+00:00,1072,22,MI,city,0
491190078,halt-new-data-center-approvals-in-union-sc,"Halt new data center approvals in Union, SC",2026-04-15T03:40:57+00:00,1036,15,SC,city,7
491340526,abort-the-construction-of-all-data-centers-immediately,Abort the construction of all data centers immediately,2026-06-10T23:42:39+00:00,69,1,,none,2
491377862,ai-data-centers-are-destroying-alabama,AI Data Centers Are Destroying Alabama,2026-07-03T02:02:20+00:00,724,16,AL,state,10
491322730,ai-data-centers-impact-on-the-lives-and-well-being-of-humanity-as-well-as-the-enviorment,AI Data Centers Impact On The Lives  And Well Being of Humanity as  well as the Enviorment,2026-06-03T12:16:48+00:00,37,2,,none,2
491054088,ai-data-centers-in-western-new-york-need-regulations,AI Data Centers in Western New York Need Regulations,2026-02-25T21:10:10+00:00,407,3,NY,city,7
491302186,albany-ga-datacenter-moratorium,Albany Ga. Datacenter Moratorium,2026-05-24T04:42:08+00:00,2286,37,GA,city,2
491354285,amend-loudoun-county-zoning-laws-no-more-data-centers,Amend Loudoun County Zoning Laws:  No More Data Centers,2026-06-18T15:18:51+00:00,234,2,VA,county,9
491257310,appoint-independent-environmental-specialists-for-data-centers,Appoint independent environmental specialists for data centers,2026-05-17T20:31:53+00:00,70,0,KS,county,2
491317706,bacon-county-says-no-to-data-centers,Bacon County Says NO to Data Centers,2026-05-31T22:29:06+00:00,393,2,GA,city,6
491429636,ban-ai-data-centers-across-the-united-states,Ban AI data centers across the United States,2026-07-24T04:07:47+00:00,13,1,,none,2
491361649,ban-ai-data-centers-from-montana,Ban AI Data Centers from Montana,2026-06-23T05:49:16+00:00,23211,148,,none,3
491406334,ban-ai-data-centers-from-oregon,Ban AI data centers from Oregon,2026-07-16T13:24:54+00:00,29,3,,none,0
491062855,ban-ai-data-centers-in-ashtabula-county,Ban AI data centers in Ashtabula County,2026-03-03T20:49:01+00:00,1124,32,OH,county,3
491189738,ban-ai-data-centers-in-highlands-county-florida,"Ban AI data centers in Highlands County, Florida",2026-04-14T22:21:44+00:00,272,5,FL,city,0
491340628,ban-ai-data-centers-in-michigan-0b0069fe-a341-4bb3-9a76-58fcacb7d3bf,Ban AI data centers in Michigan,2026-06-11T01:29:20+00:00,73,1,,none,3
491392649,ban-ai-data-centers-in-washington-county-fl,"Ban AI Data Centers in Washington County, FL",2026-07-10T11:22:31+00:00,960,7,FL,county,5
491061676,ban-ai-datacenters-from-brandon-mississippi,"Ban AI datacenters from Brandon, Mississippi",2026-03-03T03:44:36+00:00,881,11,MS,city,2
491308475,ban-all-ai-data-centers-in-california,Ban all AI data centers in California,2026-05-27T02:54:30+00:00,363,14,,none,0
491366024,ban-all-ai-data-centers-in-missouri,Ban all AI data centers in Missouri,2026-06-25T17:12:18+00:00,56,0,MO,state,4
491335135,ban-all-data-center-construction-in-barton-county-missouri,Ban all data center construction in Barton County Missouri,2026-06-08T21:07:31+00:00,406,2,MO,city,3
491380617,ban-all-data-centers-in-utah,Ban all data centers in Utah,2026-07-04T15:12:11+00:00,28,2,UT,state,3
491411633,ban-and-put-a-stop-to-unwanted-ai-data-centers-in-the-u-s,Ban And Put A Stop To Unwanted AI Data Centers In The U​.​S.,2026-07-18T01:39:20+00:00,16070,770,,none,17
491318125,ban-battery-energy-storage-systems-and-data-centers-in-reno-county-ks,"Ban Battery Energy Storage Systems and Data Centers in Reno County, KS",2026-06-01T05:08:47+00:00,271,5,KS,county,5
491326461,ban-construction-of-data-centers-in-pennsylvania,Ban construction of data centers in Pennsylvania,2026-06-04T19:50:04+00:00,81,2,,none,3
491195962,ban-construction-of-new-data-centers-in-montana,Ban construction of new data centers in Montana,2026-04-18T09:40:54+00:00,582,4,MT,state,3
491292551,ban-data-center-development-in-lancaster-pa,"Ban data center development in Lancaster, PA",2026-05-20T20:39:36+00:00,458,2,PA,city,7
491234536,ban-data-centers-and-ai,Ban Data Centers and Ai,2026-05-11T12:04:23+00:00,15,0,,none,1
490818932,ban-data-centers-from-beaver-county-pa-and-lawrence-county-pa,"Ban Data Centers From Beaver County, PA and Lawrence County, PA",2025-10-06T10:40:57+00:00,394,8,PA,county,1
491221770,ban-data-centers-from-crawford-county-missouri,"Ban data centers from Crawford County, Missouri",2026-05-05T16:24:42+00:00,772,8,MO,county,3
491393014,ban-data-centers-from-using-human-water-resources-in-arizona,Ban data centers from using human water resources in Arizona,2026-07-10T14:55:16+00:00,132,1,,none,2
491341083,ban-data-centers-in-arkansas-to-preserve-natural-beauty,Ban data centers in Arkansas to preserve natural beauty,2026-06-11T07:12:42+00:00,202,3,AR,state,3
491311826,ban-data-centers-in-boyd-county,Ban data centers in Boyd County,2026-05-28T15:13:44+00:00,145,1,KY,county,3
491354444,ban-data-centers-in-colorado,Ban Data Centers in Colorado,2026-06-18T16:57:11+00:00,70,3,,none,3
491363352,ban-data-centers-in-colorado-2d7fe04d-976f-46ac-b453-b1779f2e0451,Ban data centers in Colorado,2026-06-24T06:00:15+00:00,28,1,,none,3
491377841,ban-data-centers-in-dubuque-and-dubuque-county,BAN DATA CENTERS in Dubuque and Dubuque County,2026-07-03T01:44:44+00:00,82,2,IA,city,26
491302206,ban-data-centers-in-florida,Ban data centers in Florida,2026-05-24T04:55:24+00:00,169,7,,none,3
491306342,ban-data-centers-in-freestone-county,Ban Data Centers in Freestone County,2026-05-26T01:51:11+00:00,352,9,TX,county,3
491326153,ban-data-centers-in-freestone-county-texas,"Ban data centers in Freestone County, Texas",2026-06-04T17:27:36+00:00,174,0,TX,city,8
491246138,ban-data-centers-in-kentucky,Ban data centers in Kentucky,2026-05-16T01:49:08+00:00,450,10,,none,3
491337231,ban-data-centers-in-nassau-county,Ban data centers in Nassau County,2026-06-09T17:59:59+00:00,461,1,FL,county,5
491363391,ban-data-centers-in-new-mexico,Ban data centers in New Mexico,2026-06-24T06:26:58+00:00,41,0,,none,0
491264221,ban-data-centers-in-southern-maryland,Ban data centers in Southern Maryland,2026-05-18T14:26:12+00:00,67,0,MD,state,2
491174403,ban-data-centers-in-st-mary-s-county-md,"Ban data centers in St. Mary's County, MD",2026-04-05T21:58:52+00:00,779,12,,none,3
491297163,ban-data-centers-in-west-virginia-by-constitution,Ban data centers in West Virginia by constitution,2026-05-22T06:21:21+00:00,337,5,WV,state,3
491380559,ban-excessive-water-usage-by-data-centers,Ban excessive water usage by data centers,2026-07-04T14:38:26+00:00,18,1,,none,3
491309980,ban-large-data-centers-and-regulate-smaller-ones-in-milwaukee,Ban Large Data Centers and Regulate Smaller Ones in Milwaukee,2026-05-27T18:04:43+00:00,543,6,WI,state,15
490856850,ban-ndas-between-tech-companies-and-local-governments-end-secret-data-center-deals,Ban NDAs Between Tech Companies and Local Governments - End Secret Data Center Deals,2025-10-28T16:04:05+00:00,331,5,,none,3
491370619,ban-new-construction-of-hyperscale-ai-data-centers-in-baltimore-county,Ban New Construction of Hyperscale AI data centers in Baltimore County,2026-06-28T20:55:09+00:00,245,6,MD,county,7
491361254,ban-new-data-center-constructions-in-our-community,Ban new data center constructions in our community,2026-06-22T23:40:50+00:00,34,0,,none,1
491402466,ban-new-data-centers-in-colorado,Ban new data centers in Colorado,2026-07-15T02:40:34+00:00,8,0,,none,0
491197487,ban-new-data-centers-in-habersham-county,Ban new data centers in Habersham County,2026-04-19T13:19:32+00:00,429,8,GA,county,0
491314244,ban-on-data-centers-and-solar-farms-in-sellersburg-indiana,"Ban on data centers and solar farms in Sellersburg, Indiana",2026-05-29T18:56:41+00:00,245,2,IN,city,5
491303038,ban-tech-data-centers-within-a-100-miles-of-residential-areas,Ban tech/data centers within a 100 miles of residential areas,2026-05-24T16:10:37+00:00,208,3,NY,city,3
491327020,ban-the-construction-of-data-centers-in-bowling-green,Ban the construction of data centers in Bowling Green,2026-06-05T01:27:01+00:00,523,7,KY,city,5
491313533,ban-the-development-of-data-centers-and-cryptocurrency-mining-in-hancock-county-tn,Ban the development of data centers and cryptocurrency mining in Hancock County TN,2026-05-29T12:11:22+00:00,1241,9,,none,3
491313983,ban-the-establishment-of-data-centers-in-lebanon-and-laclede-county-missouri,Ban the establishment of Data Centers in Lebanon and Laclede County Missouri,2026-05-29T16:38:00+00:00,98,0,MO,county,2
491404091,ban-the-proposed-ai-data-center-and-flock-cameras-in-lakeland,Ban the proposed AI data center and  flock cameras in Lakeland.,2026-07-15T19:20:53+00:00,39,2,,none,0
491342573,ban-the-shadow-lake-data-center,Ban the Shadow Lake Data Center!,2026-06-11T23:55:02+00:00,368,3,IN,state,3
491371911,ban-underwater-ai-data-center-off-maine-s-coastal-waters,Ban Underwater AI Data Center Off Maine's Coastal Waters,2026-06-29T18:25:31+00:00,1692,28,ME,state,1
490909875,ban-utility-lobbying-and-make-data-centers-pay-their-fair-share-in-indiana,Ban Utility Lobbying and Make Data Centers Pay Their Fair Share in Indiana,2025-12-02T20:01:35+00:00,105,2,IN,state,2
491321260,block-ai-data-centers-from-operating-in-maryland,Block AI data centers from operating in Maryland,2026-06-02T17:22:21+00:00,61,1,MD,state,3
491403902,block-all-data-centers-at-munster-s-kenmara-technology-park-before-it-s-too-late,Block ALL Data Centers at Munster's Kenmara Technology Park Before It's Too Late,2026-07-15T18:22:16+00:00,1827,28,IN,city,5
491368971,block-data-centers-from-reynolds-county-mo,Block data centers from Reynolds County Mo,2026-06-27T16:19:35+00:00,65,0,MO,city,3
491417408,block-the-dc-blox-hyperscale-data-center-campus-in-valdosta-before-it-is-too-late,Block the DC Blox Hyperscale Data Center Campus in Valdosta Before It Is Too Late,2026-07-20T19:43:10+00:00,811,13,GA,state,4
490017344,block-the-development-of-northbrook-data-center-on-65-acres-of-green-space-and-preserve-it,Block the development of Northbrook data center on 65 acres of green space and preserve it,2024-04-18T14:20:14+00:00,162,2,IL,city,0
491344244,bradford-county-stop-industrial-data-center-development,Bradford County: Stop Industrial Data Center Development,2026-06-12T22:40:41+00:00,873,4,PA,county,0
491299011,bring-ai-data-centers-and-high-tech-jobs-to-eastern-kentucky,Bring AI Data Centers and High-Tech Jobs to Eastern Kentucky,2026-05-22T20:06:12+00:00,48,0,KY,city,3
491367565,bring-new-jobs-and-investment-to-perry-florida-support-the-perry-data-center-project,"Bring New Jobs and Investment to Perry, Florida: Support the Perry Data Center Project",2026-06-26T16:56:10+00:00,29,1,FL,city,1
490953485,bury-the-lies-opposition-to-data-center-in-union-city-ga,"BURY THE LIES: OPPOSITION TO DATA CENTER in Union City, GA.",2026-01-05T22:45:47+00:00,226,7,GA,city,5
491342779,call-a-special-legislative-session-about-data-centers-in-texas,Call a special legislative session about Data Centers in Texas,2026-06-12T02:35:46+00:00,388,3,TX,state,3
491178585,call-for-a-moratorium-on-data-centers-in-indianapolis,Call for a moratorium on data centers in Indianapolis,2026-04-08T13:41:27+00:00,59,0,IN,state,3
491078067,call-for-a-special-session-on-datacenters-in-texas,Call for a special session on datacenters in Texas,2026-03-10T20:59:37+00:00,980,11,TX,state,1
491239427,call-for-washington-county-data-center-moratorium,Call for Washington County data center moratorium,2026-05-13T19:45:32+00:00,346,1,TX,city,3
491424175,cancel-proposal-of-the-effingham-county-data-center,Cancel proposal of the Effingham County  data-center,2026-07-22T18:01:10+00:00,15415,243,GA,county,6
491358260,cancel-the-ai-data-center-in-irvington-indianapolis,"Cancel the AI data center in Irvington, Indianapolis",2026-06-21T02:47:50+00:00,299,9,IN,city,0
490589739,caroline-county-va-citizens-for-a-citizen-advisory-committee-on-data-centers,Caroline County VA Citizens for a Citizen Advisory Committee on Data Centers,2025-05-28T20:02:00+00:00,21,0,VA,county,1
491227543,change-zoning-for-data-centers-to-special-use,Change zoning for data centers to special use,2026-05-08T15:07:41+00:00,1199,11,VA,county,5
491237964,chase-data-centers-out-of-pennsylvania,Chase data centers out of Pennsylvania,2026-05-13T02:59:19+00:00,367,0,,none,0
491366630,citizen-petition-protection-of-the-ozark-aquifer-system-from-large-scale-data-centers,CITIZEN PETITION Protection of the Ozark Aquifer System from Large-Scale Data Centers,2026-06-26T02:33:12+00:00,87,0,,none,3
491349190,citizens-of-parke-county-indiana-and-surrounding-areas-against-data-centers,Citizens of Parke County Indiana and Surrounding Areas Against Data Centers,2026-06-15T20:09:52+00:00,186,3,IN,state,3
491379536,city-of-albuquerque-and-bernalillo-county-stop-data-center-development-in-the-heights,City of Albuquerque and Bernalillo County: Stop data center development in the Heights,2026-07-03T22:35:09+00:00,251,5,NM,city,15
491240941,close-kearney-s-noise-loophole-and-protect-taxpayers-from-data-center-costs,Close Kearney's noise loophole and protect taxpayers from data center costs,2026-05-14T15:14:04+00:00,813,5,NE,city,5
491331300,close-miami-data-center-loophole-to-protect-water-resources,Close Miami Data Center Loophole to Protect Water Resources,2026-06-06T23:40:34+00:00,241,3,FL,city,0
491331304,close-miami-data-center-loophole-to-protect-water-resources-9ddae29b-5d74-49f5-87c5-bf01779011e0,Close Miami Data Center Loophole to Protect Water Resources,2026-06-06T23:43:56+00:00,4353,57,FL,city,0
491179240,community-control-over-data-center-development,Community Control Over Data Center Development,2026-04-08T21:12:08+00:00,331,7,MD,county,5
491326251,connecticut-repeal-data-center-tax-breaks-now,Connecticut: Repeal Data Center Tax Breaks Now,2026-06-04T18:12:44+00:00,439,3,CT,state,3
491170388,constituent-petition-opposing-approval-of-the-cyrusone-data-center-proposal,Constituent Petition Opposing Approval of the CyrusOne Data Center Proposal,2026-04-02T22:52:54+00:00,1741,31,IL,county,21
491329358,convert-malibu-creek-state-park-into-a-data-center,Convert Malibu Creek State Park into a data center,2026-06-06T01:08:17+00:00,28,2,CA,city,3
491332901,create-a-dedicated-pepco-rate-class-for-data-centers,Create a dedicated Pepco rate class for data centers,2026-06-07T18:56:54+00:00,46,0,DC,city,0
490885608,create-federal-guidelines-to-protect-communities-from-data-center-harm,Create Federal Guidelines to Protect Communities from Data Center Harm,2025-11-14T18:39:12+00:00,567,5,,none,4
490591680,create-guidelines-for-data-centers-to-protect-our-county,Create Guidelines For Data Centers To Protect Our County,2025-05-30T01:01:01+00:00,49,2,VA,county,1
491372429,data-center-affecting-allegheny-river,Data Center Affecting Allegheny River,2026-06-30T03:15:25+00:00,4068,113,PA,county,3
491166615,data-center-due-diligence,Data Center Due Diligence,2026-03-31T19:48:58+00:00,84,0,GA,county,15
490784395,data-center-environmental-regulations-enforcement,Data Center Environmental Regulations Enforcement,2025-09-18T12:40:00+00:00,293,4,MD,city,3
491015712,data-center-for-mercer-county,Data Center for Mercer County!!,2026-02-05T16:55:04+00:00,21,0,KY,city,3
491008318,data-center-moratorium-in-plymouth-township,Data Center Moratorium in Plymouth Township,2026-02-02T19:48:09+00:00,619,4,PA,city,3
491217497,data-center-moratorium-this-is-not-just-a-nimby-not-in-my-backyard-issue,Data Center Moratorium!  This is not just a NIMBY (not in my backyard) issue.,2026-05-02T15:38:10+00:00,748,8,IN,city,2
490840679,data-center-moratorium-white-county-in,"Data Center Moratorium White County, IN",2025-10-18T15:12:37+00:00,480,5,IN,county,3
491216271,data-center-regulation,Data Center Regulation,2026-05-01T17:23:51+00:00,158,1,ND,city,5
491416234,data-centers-are-not-warehouses-and-they-cause-immense-harm-to-community,"Data Centers are not Warehouses, and they cause immense harm to community",2026-07-20T05:17:44+00:00,201,1,PA,city,8
491301786,date-center-stop-current-and-future-construction-of-data-centers-in-missouri,Date Center: Stop current and future construction of data centers in Missouri,2026-05-23T23:48:59+00:00,53,0,MO,state,3
491332108,de-flock-kentucky-and-stop-invasive-data-centers,De-Flock Kentucky and Stop Invasive Data Centers,2026-06-07T10:37:32+00:00,833,11,,none,8
491348536,decrease-the-use-of-data-centers-and-ai,Decrease the use of data centers and AI,2026-06-15T14:19:00+00:00,41,0,,none,0
490992775,defend-a-warm-water-fishery-from-data-center-pollution,Defend a Warm Water Fishery From Data Center Pollution,2026-01-28T02:17:49+00:00,961,9,PA,state,2
490946420,delay-data-center-construction-around-granite-city,Delay data center construction around Granite City,2025-12-30T20:49:52+00:00,812,14,,none,2
491410190,demand-a-2-year-moratorium-on-new-data-center-construction-in-georgia-and-douglas-county,Demand a 2-Year Moratorium on New Data Center Construction in Georgia and Douglas County,2026-07-17T13:48:53+00:00,143,2,GA,county,3
491361292,demand-a-community-vote-on-new-data-centers,Demand a community vote on new data centers,2026-06-23T00:14:55+00:00,35,0,FL,state,3
491391956,demand-a-data-center-moratorium-in-virginia,Demand a data center moratorium in Virginia,2026-07-10T01:53:43+00:00,942,16,VA,state,1
491159129,demand-a-halt-to-data-center-expansion-in-the-u-s,Demand a halt to data center expansion in the U​.​S.,2026-03-26T21:11:56+00:00,50,1,,none,2
491426855,demand-a-moratorium-on-data-centers-in-henderson-nv,"Demand a moratorium on data centers in Henderson, NV",2026-07-23T13:01:43+00:00,106,1,,none,0
491193951,demand-a-moratorium-on-data-centers-in-polk-county,Demand a moratorium on data centers in Polk County,2026-04-17T02:38:27+00:00,1624,47,FL,county,7
491392090,demand-a-moratorium-on-new-data-centers-in-clark-county,Demand a Moratorium on New Data Centers in Clark County,2026-07-10T03:54:09+00:00,375,7,NV,state,3
491365030,demand-a-public-forum-transparency-for-the-aligned-data-centers-project-in-conesville-oh,"Demand a Public Forum: Transparency for the Aligned Data Centers Project in Conesville, OH",2026-06-25T04:25:58+00:00,466,6,OH,county,1
491376549,demand-a-referendum-on-data-centers-in-danville,Demand a referendum on data centers in Danville,2026-07-02T11:34:55+00:00,221,6,VA,city,0
491001991,demand-a-statewide-moratorium-on-data-centers-in-indiana,Demand a Statewide Moratorium on Data Centers in Indiana,2026-01-30T18:01:08+00:00,1172,13,IN,state,5
491002623,demand-a-statewide-moratorium-on-data-centers-in-kentucky,Demand a Statewide Moratorium on Data Centers in Kentucky,2026-01-30T22:15:32+00:00,658,6,KY,state,3
491425776,demand-a-two-year-moratorium-on-data-center-development-in-posey-county,Demand a Two-Year Moratorium on Data Center Development in Posey County,2026-07-23T05:17:21+00:00,544,6,IN,state,3
491237474,demand-accountability-after-a-georgia-data-center-secretly-drained-30-million-gallons,Demand Accountability After a Georgia Data Center Secretly Drained 30 Million Gallons,2026-05-12T20:10:21+00:00,317,3,GA,state,4
491312979,demand-binding-commitments-before-eastern-kentucky-s-largest-data-center-breaks-ground,Demand Binding Commitments Before Eastern Kentucky's Largest Data Center Breaks Ground,2026-05-29T03:49:49+00:00,298,5,KY,state,5
491404959,demand-clean-backup-power-at-amazon-s-pennsylvania-data-center,Demand Clean Backup Power at Amazon's Pennsylvania Data Center,2026-07-16T02:36:32+00:00,411,2,PA,state,2
491307785,demand-data-center-answers-from-grant-cnty-economic-development,Demand Data Center Answers from Grant Cnty Economic Development,2026-05-26T19:10:20+00:00,154,2,WI,county,3
490833725,demand-emissions-controls-for-150-diesel-generators-at-equinix-data-center-in-hampton-ga,"Demand Emissions controls for 150 diesel generators at Equinix data center in Hampton, GA",2025-10-14T21:09:28+00:00,155,2,GA,city,2
491385067,demand-microsoft-stop-the-endless-noise-pollution-at-fairwater-data-center,Demand Microsoft Stop the Endless Noise Pollution at Fairwater Data Center,2026-07-07T04:08:18+00:00,154,3,,none,1
491408287,demand-oracle-openai-pay-fair-taxes-on-their-43-billion-michigan-data-center,Demand Oracle & OpenAI Pay Fair Taxes on Their $43 Billion Michigan Data Center,2026-07-16T23:20:39+00:00,503,5,MI,state,3
490453444,demand-swatara-township-board-commissioners-to-act-on-data-centers-text-for-mu-district,Demand Swatara Township Board Commissioners to Act on Data Centers Text for MU District,2025-03-05T03:08:01+00:00,9,0,PA,city,0
491310880,demand-transparency-and-protect-jackson-neighborhoods-from-rushed-data-center-rezoning,Demand Transparency and Protect Jackson Neighborhoods From Rushed Data Center Rezoning,2026-05-28T03:10:12+00:00,353,1,MS,state,1
491426592,demand-transparency-before-building-data-centers-in-danville-va,"Demand transparency before building data centers in Danville, VA",2026-07-23T11:17:58+00:00,62,0,VA,city,1
491412740,demand-transparency-for-dc-blox-data-center-construction-and-further-projects,Demand Transparency for DC BLOX data center construction and further projects!,2026-07-18T13:39:09+00:00,553,6,,none,5
491317952,demand-transparency-for-michigan-city-s-data-center-project,Demand transparency for Michigan City's data center project,2026-06-01T02:32:32+00:00,258,2,IN,city,9
490983814,demand-transparency-on-data-center-records-in-pacific-mo-under-missouri-sunshine-law,"Demand Transparency on Data Center Records in Pacific, MO  Under Missouri Sunshine Law",2026-01-24T04:08:45+00:00,660,7,MO,city,1
491113681,deny-or-pause-approval-of-data-center-projects-in-district-7,Deny or pause approval of data center projects in District 7,2026-03-14T17:58:56+00:00,191,2,IL,city,7
491364370,deny-permits-for-american-towers-llc-data-center-and-implement-a-temporary-moratorium,Deny Permits for American Towers LLC Data Center  and Implement a Temporary Moratorium,2026-06-24T18:25:28+00:00,45,1,FL,city,5
490961264,deny-rezoning-for-data-center-in-martindale-brightwood,Deny rezoning for data center in Martindale-Brightwood,2026-01-11T20:49:51+00:00,121,5,IN,city,0
491334561,deny-rezoning-of-plum-farms-for-data-centers-in-hoffman-estates,Deny Rezoning of Plum Farms  For Data Centers In Hoffman Estates,2026-06-08T15:48:20+00:00,3455,31,IL,city,6
491400525,deny-vantage-data-centers-permit-for-32-diesel-generators-in-san-antonio,Deny Vantage Data Centers' Permit for 32 Diesel Generators in San Antonio,2026-07-14T02:24:23+00:00,174,3,TX,state,4
491002952,deny-zoning-and-permits-for-the-proposed-ai-data-center-in-mona,Deny zoning and permits for the proposed AI data center in Mona,2026-01-31T02:20:20+00:00,285,7,UT,city,9
491012998,district-9-residents-oppose-hyperscale-data-centers-in-rural-prince-george-s-county,District 9 Residents Oppose Hyperscale Data Centers in Rural Prince George's County,2026-02-04T11:39:20+00:00,892,20,MD,county,8
491362943,don-t-allow-a-data-center-in-mount-shasta-without-input,Don’t Allow a Data Center in Mount Shasta Without Input,2026-06-23T22:50:57+00:00,744,1,CA,city,0
491067631,don-t-let-a-karen-stop-the-menlo-datacenter,Don't let a Karen stop the Menlo Datacenter,2026-03-06T16:50:42+00:00,12,0,AZ,city,10
490839694,don-t-make-florida-families-pay-for-big-tech-s-data-centers,Don’t Make Florida Families Pay for Big Tech’s Data Centers,2025-10-17T20:31:05+00:00,327,2,FL,state,5
491342942,eliminate-data-centers-across-the-united-states,Eliminate data centers across the United States,2026-06-12T05:00:56+00:00,46,0,,none,2
491052543,eliminate-data-centers-in-lake-county,Eliminate data centers in Lake County,2026-02-25T01:21:18+00:00,38,2,IL,county,3
491316359,enact-a-24-month-moratorium-on-new-data-centers-in-polk-county,Enact a 24-month moratorium on new data centers in Polk County,2026-05-31T00:42:45+00:00,259,8,FL,county,3
491327240,enact-a-6-month-moratorium-on-wallula-gap-amazon-data-center,Enact a 6 month moratorium on Wallula Gap Amazon data center,2026-06-05T04:07:38+00:00,930,12,WA,county,0
491093866,enact-a-moratorium-on-new-data-centers-in-berkeley-county,Enact a moratorium on new data centers in Berkeley County,2026-03-11T21:30:43+00:00,418,0,WV,county,0
491317785,enact-an-18-month-moratorium-on-data-center-development-in-christian-county-il,"Enact an 18-month moratorium on data center development in Christian County, IL",2026-05-31T23:42:59+00:00,1107,8,IL,county,0
491402260,end-the-data-center-construction-in-port-washington-wisconsin,"End the data center construction in Port Washington, Wisconsin",2026-07-14T23:30:45+00:00,38,2,,none,3
491374192,enforce-stricter-regulations-on-ai-development-and-data-centers,Enforce stricter regulations on AI development and data centers,2026-07-01T04:49:17+00:00,53,3,,none,6
491314585,establish-a-moratorium-on-new-data-center-construction-in-alabama,Establish a moratorium on new data center construction in Alabama,2026-05-29T22:32:13+00:00,906,13,AL,state,0
491324278,establish-a-one-year-moratorium-on-data-centers-in-levy-county-florida,"Establish a one-year moratorium on data centers in Levy County, Florida",2026-06-04T01:13:22+00:00,621,11,FL,state,5
491324281,establish-data-center-protections-for-bensalem-residents,Establish data center protections for Bensalem residents,2026-06-04T01:14:16+00:00,109,2,PA,city,0
491327037,establish-zoning-regulations-for-data-centers-in-coles-county,Establish zoning regulations for data centers in Coles County,2026-06-05T01:38:21+00:00,349,0,IL,county,0
491035981,fair-growth-for-loudoun-make-data-centers-pay-their-own-way,Fair Growth for Loudoun: Make Data Centers Pay Their Own Way,2026-02-16T19:27:15+00:00,15,2,VA,county,3
491002318,fenton-township-approve-the-moratorium-on-data-centers,Fenton Township: Approve the Moratorium on Data Centers,2026-01-30T20:15:18+00:00,55,1,MI,state,4
490922772,fight-meta-s-1b-data-center-in-wisconsin,Fight Meta’s $1B Data Center in Wisconsin,2025-12-11T22:09:14+00:00,594,2,WI,state,2
491312084,fix-noise-violations-before-expanding-hyperscale-data-s-michigan-data-center,Fix Noise Violations Before Expanding Hyperscale Data's Michigan Data Center,2026-05-28T17:45:10+00:00,287,3,MI,state,6
491338156,florida-families-should-not-subsidize-coal-for-data-centers-demand-doe-reverse-course,Florida Families Should Not Subsidize Coal for Data Centers: Demand DOE Reverse Course,2026-06-10T03:00:20+00:00,283,0,FL,state,2
491392996,force-desantis-to-freeze-new-data-center-permits-until-the-state-s-study-is-done,Force DeSantis to Freeze New Data Center Permits Until the State's Study Is Done,2026-07-10T14:46:50+00:00,1332,19,,none,4
490965834,form-a-group-to-oppose-the-foristell-data-center,Form a group to oppose the Foristell data center,2026-01-14T23:48:05+00:00,206,1,MO,city,4
491287779,fund-more-libraries-instead-of-ai-data-centers-and-data-centers-in-general,Fund more libraries instead of AI data centers (and data centers in general).,2026-05-19T23:08:44+00:00,47,1,,none,4
491197084,get-data-centers-out-of-arizona,Get data centers out of Arizona,2026-04-19T04:56:45+00:00,391,5,AZ,state,9
491168118,give-arizona-residents-decision-making-power-over-ai-data-centers,Give Arizona residents decision-making power over AI data centers,2026-04-01T15:44:16+00:00,96,1,AZ,state,3
491407379,give-boulder-city-residents-a-voice-stop-the-townsite-solar-2-data-center,Give Boulder City Residents a Voice: Stop the Townsite Solar 2 Data Center,2026-07-16T18:04:57+00:00,812,8,NV,city,0
491261033,give-south-florida-residents-a-say-before-the-next-data-center-breaks-ground,Give South Florida Residents a Say Before the Next Data Center Breaks Ground,2026-05-18T04:32:19+00:00,85,0,FL,state,3
491209734,governor-mills-maine-must-not-let-the-nation-s-first-data-center-moratorium-die,Governor Mills: Maine Must Not Let the Nation's First Data Center Moratorium Die,2026-04-27T16:24:00+00:00,161,1,ME,state,3
491312346,halt-development-of-google-data-centers-in-saint-george-sc,"Halt development of Google data centers in Saint George, SC",2026-05-28T19:53:35+00:00,195,0,SC,city,1
491366444,halt-north-brunswick-township-data-center,Halt North Brunswick Township Data Center,2026-06-25T22:55:47+00:00,1239,14,NJ,city,6
491349737,halt-project-hackman-and-enforce-moratorium-on-data-centers-in-shelbyville,Halt project Hackman and enforce moratorium on data centers in Shelbyville,2026-06-16T02:00:13+00:00,738,9,IN,county,0
491317540,halt-prometheus-data-center-and-build-wyoming-project,Halt Prometheus Data Center and Build Wyoming project,2026-05-31T20:15:10+00:00,218,6,WY,state,2
490855318,halt-the-ai-data-center-development-in-limestone-maine,"Halt the AI data center development in Limestone, Maine",2025-10-27T20:38:03+00:00,30,1,ME,state,2
491212592,halt-the-construction-of-amazon-s-data-center-at-ix-center,Halt the construction of Amazon's data center at IX Center,2026-04-29T12:44:33+00:00,523,6,OH,city,16
491041946,halt-the-implementation-and-expansion-of-data-centers,Halt the implementation and expansion of data centers,2026-02-19T19:07:19+00:00,279,2,,none,1
490459214,halt-the-proposed-data-center-construction,Halt the Proposed Data Center Construction,2025-03-08T04:59:28+00:00,36,0,IN,city,3
37799472,halt-the-rezoning-and-construction-of-a-data-center-near-our-neighborhood,Halt the Rezoning and Construction of a Data Center Near Our Neighborhood,2023-12-18T23:06:25+00:00,266,5,,none,0
491094054,hault-plans-to-accomodate-data-centers-in-bradford-county-pa,"Hault Plans to Accomodate Data Centers in Bradford County, PA",2026-03-11T21:52:57+00:00,294,4,PA,county,3
491315724,healthier-georgia-healthier-families-floyd-county-data-centers,"Healthier Georgia, Healthier Families - Floyd County Data Centers",2026-05-30T16:24:34+00:00,254,1,GA,county,3
491340592,help-fight-the-data-centers-for-douglas-county-ga,Help Fight the Data Centers for Douglas County GA,2026-06-11T00:47:45+00:00,1159,21,GA,county,4
491366586,herkimer-county-data-center-moratorium,Herkimer County Data Center Moratorium,2026-06-26T01:48:31+00:00,123,2,NY,county,0
36370708,historic-chicago-neighborhood-threatened-by-data-center-development-plan,Historic Chicago Neighborhood Threatened by Data Center Development Plan,2023-05-26T02:51:22+00:00,808,0,,none,2
491397339,hold-a-referendum-on-data-centers-in-our-community,Hold a referendum on data centers in our community,2026-07-12T13:35:18+00:00,516,5,GA,county,7
491361768,hold-ai-developers-accountable-for-toxic-data-centers-in-our-neighborhoods,Hold AI Developers Accountable for Toxic Data Centers in Our Neighborhoods,2026-06-23T08:13:19+00:00,34128,439,,none,2
491119945,hold-data-centers-accountable-for-rising-residential-energy-costs,Hold data centers accountable for rising residential energy costs,2026-03-15T17:42:44+00:00,110,0,NJ,city,1
491335668,honor-farmer-bland-s-deed-stop-the-data-center-on-taylor-s-donated-parkland,Honor Farmer Bland's Deed: Stop the Data Center on Taylor's Donated Parkland,2026-06-09T03:12:02+00:00,310,5,TX,state,4
491049861,if-data-centers-come-to-south-carolina-they-must-pay-their-own-way,"If Data Centers Come to South Carolina, They Must Pay Their Own Way",2026-02-23T21:58:21+00:00,118,1,SC,state,0
491151411,implement-a-10-year-moratorium-on-data-centers-in-cape-may-county,Implement a 10-year moratorium on data centers in Cape May County,2026-03-22T23:45:38+00:00,45,0,NJ,county,1
491214837,implement-a-10-year-moratorium-on-data-centers-in-texas,Implement a 10-year moratorium on data centers in Texas,2026-04-30T18:39:06+00:00,70,0,TX,county,3
491390795,implement-a-data-center-two-year-moratorium-in-westover-alabama,"Implement a data center two year moratorium in Westover, Alabama",2026-07-09T13:29:52+00:00,292,3,AL,city,1
491345581,implement-a-moratorium-on-data-centers-in-clay-county,Implement a moratorium on data centers in clay county,2026-06-13T22:22:42+00:00,1017,8,IN,county,3
491187001,implement-a-moratorium-on-data-centers-in-pennsylvania,Implement a moratorium on data centers in Pennsylvania,2026-04-13T16:24:52+00:00,732,3,,none,3
491315546,implement-regulatory-measures-for-sustainable-data-centers,Implement regulatory measures for sustainable data centers,2026-05-30T14:33:19+00:00,34,0,,none,2
491349684,implement-stricter-regulations-on-data-center-development,Implement stricter regulations on data center development,2026-06-16T01:22:30+00:00,189,0,,none,3
490959532,implement-stricter-water-regulations-for-data-centers-in-indianapolis,Implement stricter water regulations for data centers in Indianapolis,2026-01-10T12:00:12+00:00,68,2,IN,city,4
491373060,impose-a-data-center-ban-in-elkhart-county-indiana,"Impose a data center ban in Elkhart County, Indiana",2026-06-30T13:10:09+00:00,1267,14,IN,city,5
491321895,impose-a-moratorium-on-data-centers-in-loyalton-and-sierra-county,Impose a moratorium on data centers in Loyalton and Sierra County,2026-06-03T00:18:50+00:00,393,4,CA,city,5
491133790,impose-stricter-regulations-on-data-centers-in-virginia,Impose Stricter Regulations on Data Centers in Virginia,2026-03-17T22:03:56+00:00,333,3,DC,city,0
491295806,indefinitely-halt-data-center-production-to-prioritize-community-health,Indefinitely halt data center production to prioritize community health,2026-05-21T19:10:59+00:00,295,1,MO,city,3
491312982,indiana-governor-mike-braun-data-center-apocalypse,Indiana Governor Mike Braun (DATA CENTER APOCALYPSE),2026-05-29T03:54:13+00:00,15,1,,none,0
491036353,inform-local-authorities-of-data-center-environmental-impact,Inform local authorities of data center environmental impact,2026-02-17T01:35:27+00:00,2021,40,FL,county,2
491218081,initiate-a-clean-reset-on-data-center-zoning-in-calvert-county,Initiate a clean reset on data center zoning in Calvert County,2026-05-03T00:56:32+00:00,422,2,MD,county,3
491326154,investigate-data-center-growth-transparency-in-ohio,Investigate Data Center Growth Transparency in Ohio,2026-06-04T17:28:44+00:00,46,1,,none,3
490652787,janesville-does-not-need-a-data-center,Janesville Does Not Need a Data Center,2025-07-13T03:58:16+00:00,493,7,WI,city,3
490654993,just-say-no-to-all-new-data-centers-in-arizona,Just say no to all new data centers in Arizona!,2025-07-14T21:30:26+00:00,20,0,AZ,state,1
491240107,keep-ai-data-centers-out-of-idaho,Keep AI Data Centers out of Idaho!,2026-05-14T05:40:39+00:00,1149,20,ID,state,3
490895443,keep-data-centers-and-cryptomine-facilities-out-of-lagrange,Keep data centers and cryptomine facilities out of LaGrange,2025-11-21T16:07:40+00:00,133,2,GA,city,6
490895419,keep-data-centers-and-cryptomine-facilities-out-of-troup-county,Keep data centers and cryptomine facilities out of Troup County,2025-11-21T15:46:14+00:00,364,2,GA,county,4
491363027,keep-data-centers-out-of-fentress-county-tn,"Keep data centers out of Fentress County, TN",2026-06-24T00:21:54+00:00,23,0,TN,county,1
491430676,keep-data-centers-out-of-houston-county-ga,"Keep data centers out of Houston County, GA",2026-07-24T12:22:00+00:00,14,1,GA,county,3
491133901,keep-data-centers-out-of-kentucky,Keep Data Centers out of Kentucky,2026-03-17T22:20:17+00:00,475,5,KY,city,11
491374867,keep-data-centers-out-of-omro,Keep data centers out of Omro,2026-07-01T14:19:09+00:00,1042,10,WI,city,10
491080695,keep-data-centers-out-of-rapid-city-sd,"Keep data centers out of Rapid City, SD",2026-03-11T02:07:01+00:00,261,3,SD,city,11
491431879,keep-data-centers-out-of-the-san-mateo-county-event-center,Keep Data Centers Out of the San Mateo County Event Center,2026-07-24T19:23:38+00:00,240,1,CA,city,5
491226101,keep-imperial-valley-data-center-free,Keep Imperial Valley Data Center Free!,2026-05-07T20:11:54+00:00,95,0,CA,county,3
491345211,keep-industrial-data-centers-away-from-bell-county-homes,Keep Industrial Data Centers Away from Bell County Homes,2026-06-13T16:45:43+00:00,1673,20,KY,county,6
491321033,keep-new-data-centers-out-of-vb,Keep New Data Centers out of VB,2026-06-02T15:35:31+00:00,8,0,VA,city,0
491341976,lavon-say-no-to-data-center,"LAVON SAY ""NO"" 
TO DATA CENTER",2026-06-11T16:58:33+00:00,1955,16,TX,city,6
490868631,let-pennsylvania-communities-decide-on-data-centers,Let Pennsylvania Communities Decide on Data Centers,2025-11-04T17:38:23+00:00,432,1,PA,state,3
491171688,let-putnam-county-residents-vote-on-the-proposed-google-data-center,Let Putnam County residents vote on the proposed Google data center,2026-04-03T19:41:15+00:00,734,14,WV,city,3
491383589,limit-ai-datacenter-water-and-land-usage,Limit Ai Datacenter Water and land usage!,2026-07-06T13:05:18+00:00,16,1,,none,1
490381655,limit-data-center-construction-in-hillsboro-oregon,Limit Data Center Construction in Hillsboro Oregon,2025-01-18T01:26:09+00:00,30,5,OR,city,3
491400694,limit-land-and-water-use-of-ai-data-centers,Limit land and water use of AI data centers,2026-07-14T04:53:57+00:00,53,3,,none,3
490943366,limit-ram-purchases-by-ai-data-centers-to-protect-consumers,Limit RAM purchases by AI data centers to protect consumers,2025-12-28T21:53:27+00:00,100,2,,none,2
490107434,limiting-data-centers-to-preserve-ecosystem-in-chantilly-va,"Limiting Data Centers to Preserve Ecosystem in Chantilly, VA",2024-06-20T16:36:05+00:00,21,0,VA,city,0
491144301,mad-matagorda-county-against-data-centers,MAD - Matagorda County Against Data Centers,2026-03-19T13:36:07+00:00,977,10,TX,county,11
491389762,make-city-council-vote-mandatory-for-ai-data-centers,Make city council vote mandatory for AI data centers,2026-07-09T00:33:18+00:00,61,3,,none,0
490245937,mandate-all-data-centers-utilize-liquid-cooling-methods-and-distributed-energy-resources,Mandate All Data Centers Utilize Liquid Cooling Methods and Distributed Energy Resources,2024-10-11T12:55:40+00:00,206,5,,none,0
491362711,marion-county-florida-petition-requesting-a-10-year-moratorium-on-large-scale-data-centers,MARION COUNTY FLORIDA Petition requesting a 10 year moratorium on large scale data centers,2026-06-23T19:39:10+00:00,360,6,FL,county,0
491311904,mcminnville-tn-doesn-t-need-an-ai-data-center,"McMinnville, TN doesn't need an AI data center",2026-05-28T15:54:20+00:00,6205,69,TN,county,25
491049046,mega-data-center-petition-south-strabane-township,Mega Data Center Petition - South Strabane Township,2026-02-23T13:32:46+00:00,682,13,PA,county,0
490855031,mega-data-center-petition-south-strabane-township-9d0f1278-a87f-4b5e-9ea3-af71eb428aa2,Mega Data Center Petition - South Strabane Township,2025-10-27T17:22:28+00:00,751,16,PA,city,3
491113617,monticello-first-no-massive-ai-data-centers-until-our-energy-infrastructure-is-safe,Monticello First: No Massive AI Data Centers Until Our Energy Infrastructure Is Safe,2026-03-14T17:41:02+00:00,72,0,MN,city,5
491383098,moratorium-in-response-to-west-chicago-data-center,moratorium in response to west chicago data center,2026-07-06T07:02:32+00:00,36,2,IL,city,14
491065458,moratorium-on-data-centers-in-fairfax-county,Moratorium on Data Centers in Fairfax County,2026-03-05T12:32:37+00:00,444,2,VA,county,0
491289768,moratorium-on-data-centers-in-fayette-county-pa,"Moratorium on data centers in Fayette County, PA",2026-05-20T04:52:34+00:00,334,2,PA,county,6
491216109,moratorium-on-data-centers-in-north-carolina,Moratorium on data centers in North Carolina,2026-05-01T15:36:59+00:00,761,14,NC,county,3
490971580,moratorium-on-data-centers-in-shelby-county,Moratorium on data centers in Shelby County,2026-01-19T04:54:07+00:00,959,8,IN,city,3
491226191,move-the-box-elder-county-data-center-to-kevin-o-leary-s-giant-bald-forehead,Move the Box Elder County data center to Kevin O'Leary's giant bald forehead,2026-05-07T21:06:56+00:00,12,1,,none,1
490968067,muhlenberg-twp-and-community-against-data-center-and-or-power-distribution-build,Muhlenberg TWP and Community Against Data Center and/or Power Distribution Build,2026-01-16T12:11:29+00:00,734,13,OH,city,3
491323010,nashville-zoo-says-no-to-proposed-data-center,Nashville Zoo Says No to Proposed Data Center,2026-06-03T14:32:25+00:00,566826,5535,TN,city,45
491371588,navajo-county-data-center-ordinance,Navajo County Data Center Ordinance,2026-06-29T14:24:22+00:00,43,1,AZ,county,2
491326240,new-jersey-repeal-data-center-tax-breaks-and-put-that-money-back-in-communities,New Jersey: Repeal Data Center Tax Breaks and Put That Money Back in Communities,2026-06-04T18:06:42+00:00,762,4,NJ,state,3
491031757,no-3-year-data-center-moratorium-no-vote-protect-pa-resources,No 3-Year Data Center Moratorium? No Vote. Protect PA Resources,2026-02-13T22:36:26+00:00,513,5,PA,state,29
491055168,no-ai-data-center-at-ub-north,No AI data center at UB North,2026-02-26T14:18:20+00:00,470,6,NY,city,2
490825888,no-ai-data-center-in-port-washington,No AI Data Center in Port Washington,2025-10-10T01:32:36+00:00,79,1,WI,city,3
491359194,no-ai-data-center-in-williston-nd,"NO AI DATA CENTER IN WILLISTON, ND",2026-06-21T18:40:53+00:00,475,7,ND,city,5
491393609,no-ai-data-center-protect-lexington,NO AI Data Center! Protect Lexington.,2026-07-10T19:20:26+00:00,234,4,KY,city,5
491062537,no-ai-data-centers-in-baylor-county-texas,No AI Data Centers in Baylor County Texas,2026-03-03T16:24:36+00:00,675,9,TX,county,3
491319799,no-ai-data-centers-in-washington-county-florida,No AI Data Centers in Washington County Florida,2026-06-02T00:57:20+00:00,298,4,FL,county,2
491125393,no-data-center-and-marici-bess-project-in-the-city-of-industry-without-eir,No Data Center and MARICI BESS project in the City of Industry without EIR,2026-03-16T17:30:49+00:00,3583,98,CA,state,6
491313977,no-data-center-at-2401-w-emmaus-ave,NO DATA CENTER AT 2401 W. Emmaus Ave,2026-05-29T16:36:20+00:00,4692,39,PA,city,8
491327987,no-data-center-at-fisk,No Data Center at Fisk,2026-06-05T12:41:05+00:00,17732,79,TN,city,44
491358174,no-data-center-in-dixie-petition,No Data Center in Dixie Petition,2026-06-21T00:59:42+00:00,427,10,FL,county,5
491145528,no-data-center-in-franklin-county-pa,NO DATA CENTER IN FRANKLIN COUNTY PA,2026-03-19T22:42:19+00:00,681,5,,none,0
491346661,no-data-center-in-uinta-county-wy-without-representation,NO Data Center in Uinta County WY Without Representation,2026-06-14T16:25:26+00:00,190,4,WY,county,0
491328116,no-data-center-in-upper-sandusky,NO Data Center in Upper Sandusky,2026-06-05T13:46:40+00:00,1106,5,OH,city,9
491396542,no-data-center-is-worth-our-little-town-life,"No Data center is worth, our little town life.",2026-07-12T00:58:33+00:00,982,10,IA,city,3
491145500,no-data-center-near-my-city,No Data Center Near My City,2026-03-19T22:28:11+00:00,2050,47,TX,city,31
491162124,no-data-center-near-our-homes-and-wildlife-on-the-gordon-mountain,No Data Center  Near Our Homes and Wildlife on the Gordon Mountain,2026-03-28T16:17:33+00:00,730,8,PA,county,3
491393170,no-data-centers-grayson-county-va-demand-accountability-from-civil-leaders,"NO DATA CENTERS! Grayson County, VA. Demand ACCOUNTABILITY from civil leaders!",2026-07-10T16:06:57+00:00,55,0,VA,county,1
491436238,no-data-centers-in-athens-county,No Data Centers in Athens County,2026-07-26T11:07:53+00:00,816,13,OH,county,10
490850689,no-data-centers-in-charlotte-nc,no data centers in Charlotte NC,2025-10-24T15:06:19+00:00,29,0,,none,1
491354969,no-data-centers-in-chester-county-sc-protect-our-power-our-land-our-community,"No Data Centers in Chester County, SC — Protect Our Power, Our Land, Our Community",2026-06-18T23:48:18+00:00,173,5,SC,county,1
491310720,no-data-centers-in-grayson-county-usa,"No data centers in Grayson County, USA",2026-05-28T01:24:27+00:00,341,1,VA,county,0
491382750,no-data-centers-in-jasper-county-ga,"No Data Centers in Jasper County, GA",2026-07-06T00:36:40+00:00,76,1,GA,county,0
491213421,no-data-centers-in-lasalle-county-illinois,No Data Centers in LaSalle County Illinois,2026-04-29T20:49:12+00:00,81,3,IL,county,5
491296191,no-data-centers-in-lockport,No data centers in Lockport,2026-05-21T21:25:29+00:00,702,4,IL,city,9
491237822,no-data-centers-in-matanuska-susitna-borough-alaska,No Data Centers in Matanuska-Susitna Borough Alaska,2026-05-13T00:42:10+00:00,322,6,AK,state,18
491321324,no-data-centers-in-new-kent-county,No Data Centers in New Kent County,2026-06-02T17:56:29+00:00,394,3,VA,county,0
491400492,no-data-centers-in-our-communities-floyd-county-fights-back,No Data Centers in Our Communities! Floyd County Fights Back!,2026-07-14T01:52:16+00:00,185,0,GA,city,1
491321863,no-data-centers-in-pennsylvania-new-jersey-new-york-area,"No data centers in Pennsylvania, New Jersey, New York area !",2026-06-02T23:55:44+00:00,18,0,,none,0
491308271,no-data-centers-in-pike-county-indiana,"NO Data Centers in Pike County, Indiana",2026-05-27T00:00:58+00:00,982,11,IN,county,10
491342257,no-data-centers-in-posey-county,No Data Centers in Posey County,2026-06-11T19:48:31+00:00,2721,26,IN,county,3
491309194,no-data-centers-in-the-tampa-bay-area,No Data Centers in the Tampa Bay Area,2026-05-27T11:39:31+00:00,4037,90,FL,county,7
491361085,no-data-centers-in-virginia,NO DATA CENTERS IN VIRGINIA,2026-06-22T21:11:29+00:00,601,12,VA,state,3
491168949,no-data-centers-in-warren-county-indiana,NO DATA CENTERS IN WARREN COUNTY INDIANA!!!,2026-04-02T02:31:07+00:00,466,11,IN,county,3
491216982,no-data-centers-near-the-great-salt-lake,No Data Centers Near The Great Salt Lake,2026-05-02T06:13:50+00:00,69,1,,none,1
491154585,no-data-centers-rush-county-ind,NO DATA CENTERS RUSH COUNTY IND,2026-03-24T15:06:45+00:00,18,0,IN,county,0
491294372,no-expansions-of-data-centers-in-michigan,No expansions of data centers in Michigan,2026-05-21T08:51:19+00:00,121,3,,none,1
491307051,no-industrial-scale-data-centers-in-mcminn-county-tn,"No Industrial-Scale Data Centers in McMinn County, TN",2026-05-26T12:48:52+00:00,59,2,TN,county,1
490258332,no-more-data-centers-in-douglas-county,NO MORE DATA CENTERS IN DOUGLAS COUNTY!,2024-10-18T16:10:27+00:00,204,4,GA,county,5
491328324,no-more-secret-data-centers-in-gilroy,NO MORE SECRET DATA CENTERS IN GILROY!,2026-06-05T15:30:09+00:00,858,7,CA,city,7
491308550,no-right-to-exploit-demand-a-permanent-ordinance-denying-rights-to-data-centers,No Right to Exploit: Demand a Permanent Ordinance Denying Rights to Data Centers!,2026-05-27T03:27:59+00:00,460,4,,none,3
490965683,no-sheboygan-ai-data-center,No Sheboygan AI Data Center,2026-01-14T21:25:31+00:00,710,13,WI,city,11
490900738,no-tax-breaks-for-data-centers-that-harm-washington-communities,No Tax Breaks for Data Centers That Harm Washington Communities,2025-11-25T19:20:44+00:00,99,1,WA,state,1
490957765,no-tax-incentives-for-data-center,No Tax Incentives for Data Center.,2026-01-09T03:31:05+00:00,1066,21,OH,county,3
491325010,not-here-not-on-our-mountains-stop-the-data-center-land-grab-in-wise-lee-county,Not Here. Not on Our Mountains. Stop the Data Center Land Grab in Wise & Lee County.,2026-06-04T08:54:06+00:00,277,3,,none,7
491328710,ny-just-passed-a-moratorium-on-data-centers-call-on-gov-hochul-to-sign-it-immediately,NY Just Passed a Moratorium on Data Centers. Call on Gov. Hochul to Sign it Immediately.,2026-06-05T18:07:34+00:00,622,5,NY,state,3
490956245,object-data-centers-at-pumpkin-center,Object Data Centers at Pumpkin Center,2026-01-08T01:12:54+00:00,277,5,GA,city,7
490977571,ohioans-should-not-pay-higher-utility-bills-due-to-data-centers,Ohioans should not pay higher utility bills due to data centers.,2026-01-23T02:12:31+00:00,11,0,OH,state,3
491046174,oliver-county-ai-data-center-moratorium,Oliver County - AI Data Center Moratorium,2026-02-21T23:51:31+00:00,922,15,ND,county,0
491437234,one-year-data-center-mortatorium,One Year Data Center Mortatorium,2026-07-26T19:00:13+00:00,10,0,GA,county,0
491109672,oppose-aligned-data-center-in-coal-city-il,"Oppose Aligned Data Center in Coal City, IL",2026-03-13T22:16:30+00:00,1507,16,IL,city,4
491364143,oppose-any-future-plans-for-data-center-development-in-jay-county,Oppose any future plans for  data center development in Jay County,2026-06-24T15:56:21+00:00,525,6,IN,county,3
491343976,oppose-construction-of-data-center-in-nelson-county,Oppose construction of data center in Nelson County,2026-06-12T19:06:14+00:00,946,7,KY,county,6
491208200,oppose-construction-of-data-centers-in-our-area,Oppose construction of data centers in our area,2026-04-26T15:27:53+00:00,296,1,ME,state,1
491255117,oppose-crook-county-data-centers,Oppose Crook County data centers,2026-05-17T16:49:14+00:00,67,0,OR,city,0
491189620,oppose-local-datacenters-demopolis-gallion-and-faunsdale-alabama,"Oppose local datacenters- Demopolis, Gallion, and Faunsdale, Alabama",2026-04-14T20:51:50+00:00,613,5,AL,city,3
491366143,oppose-morris-technology-park-data-center-in-morris-il,"Oppose ""Morris Technology Park""               data center, in Morris IL",2026-06-25T18:45:09+00:00,1166,2,IL,city,9
491425528,oppose-the-construction-of-a-data-center-in-humboldt,Oppose the construction of a data center in Humboldt!,2026-07-23T03:21:44+00:00,30,1,TN,city,6
490859412,oppose-the-construction-of-a-data-center-in-starke-county,Oppose the construction of a data center in Starke County,2025-10-30T02:21:57+00:00,709,12,IN,county,10
491321120,oppose-the-data-center-in-allen-township,Oppose the data center in Allen Township,2026-06-02T16:16:31+00:00,1796,5,PA,city,1
491354508,oppose-the-opposition-to-new-data-centers-in-north-richland-hills-tx,"Oppose the opposition to new data centers in North Richland Hills, TX",2026-06-18T17:28:41+00:00,75,0,TX,city,8
491328440,oppose-the-proposed-data-center-at-100-water-street-in-holyoke,Oppose the proposed data center at 100 Water Street in Holyoke,2026-06-05T16:21:47+00:00,474,8,MA,city,15
491318208,oppose-the-proposed-data-center-in-niagara-falls,Oppose the proposed data center in Niagara Falls,2026-06-01T06:27:37+00:00,1396,7,NY,city,6
491204102,opposition-to-data-center,OPPOSITION TO DATA CENTER,2026-04-23T16:54:24+00:00,455,9,UT,county,1
490745755,opposition-to-the-proposed-data-center-at-2300-darbytown-road-henrico-va23231,"Opposition to the Proposed Data Center at 2300 Darbytown Road, Henrico VA23231",2025-08-31T13:37:38+00:00,271,9,VA,city,3
491317293,ordinance-to-enact-a-24-month-moratorium-on-data-center-development-in-jefferson-county-ia,"Ordinance to Enact a 24-Month Moratorium on Data Center Development in Jefferson County,IA",2026-05-31T17:22:17+00:00,766,3,IA,county,3
491259652,our-homes-our-health-our-water-stop-the-inverness-industrial-data-center,Our Homes. Our Health. Our Water. Stop the Inverness Industrial Data Center.,2026-05-18T02:00:44+00:00,965,3,CO,city,1
491177375,our-water-our-land-our-communities-wisconsin-deserves-a-say-on-data-centers,Our Water. Our Land. Our Communities. Wisconsin Deserves a Say on Data Centers.,2026-04-07T18:26:50+00:00,631,4,WI,state,6
490656217,pass-stronger-water-use-rules-for-data-centers-nationwide,Pass Stronger Water Use Rules for Data Centers Nationwide,2025-07-15T18:46:52+00:00,329,2,,none,6
491393422,pass-the-indianapolis-data-center-moratorium-before-it-s-too-late,Pass the Indianapolis Data Center Moratorium Before It's Too Late,2026-07-10T18:06:21+00:00,1094,22,IN,city,1
491371787,pass-the-oshkosh-data-center-moratorium-to-protect-our-water,Pass the Oshkosh Data Center Moratorium to Protect Our Water,2026-06-29T16:47:27+00:00,1874,48,WI,state,6
491242123,pass-the-power-act-in-illinois-to-regulate-data-centers,Pass the POWER Act in Illinois to regulate data centers,2026-05-15T01:36:03+00:00,141,0,IL,state,3
490930758,pause-all-hyperscale-data-centers-in-kentucky-until-stronger-regulations-are-in-place,Pause All Hyperscale Data Centers in Kentucky Until Stronger Regulations Are in Place,2025-12-17T22:16:02+00:00,674,3,KY,state,6
491380897,pause-approval-of-data-centers-in-houston-county-texas,"Pause Approval of Data Centers in Houston County, Texas",2026-07-04T18:40:52+00:00,75,3,TX,county,0
491027299,pause-data-center-development-in-hood-county-to-protect-our-water-community,Pause Data Center Development in Hood County to Protect Our Water & Community!,2026-02-11T18:27:12+00:00,258,4,TX,state,1
490991170,pause-data-center-expansion-in-pennsylvania-until-a-statewide-impact-study-is-completed,Pause Data Center Expansion in Pennsylvania Until a Statewide Impact Study Is Completed,2026-01-27T03:37:28+00:00,291,1,PA,state,0
491413958,pause-data-center-operations-for-thorough-investigation,Pause data center operations for thorough investigation,2026-07-18T23:59:20+00:00,29,1,TX,state,3
491219278,pause-meta-data-center-construction,Pause Meta data center construction,2026-05-04T00:37:46+00:00,316,8,TX,city,3
491002645,pause-new-data-centers-in-illinois-until-communities-have-a-voice,Pause New Data Centers in Illinois Until Communities Have a Voice,2026-01-30T22:28:57+00:00,867,6,IL,state,3
490997839,pause-new-ne-and-central-pa-data-centers,Pause new NE and Central PA data centers,2026-01-29T15:21:07+00:00,74,1,,none,0
490997842,pause-the-east-manchester-data-center-zoning,Pause the East Manchester Data Center Zoning,2026-01-29T15:21:32+00:00,322,5,PA,city,3
491017978,pause-utility-approvals-for-data-centers-in-michigan-until-there-s-public-protections,Pause Utility Approvals for Data Centers in Michigan Until There's Public Protections,2026-02-06T20:16:51+00:00,138,0,MI,state,2
491434929,permanent-ban-on-data-centers-in-marion-county-fl,"Permanent ban on data centers in Marion County, Fl",2026-07-25T21:22:13+00:00,49,2,FL,county,2
490950813,petition-against-ai-data-centers-the-rescinding-of-the-roadless-rule,Petition against AI data centers & the rescinding of the Roadless Rule,2026-01-03T17:03:08+00:00,673,13,,none,0
491309381,petition-against-data-center-on-cathill-road-in-sellersville,Petition Against Data Center on Cathill Road in Sellersville,2026-05-27T13:03:52+00:00,3811,20,PA,city,4
491382796,petition-against-data-centers-in-cathedral-city,Petition Against Data Centers in Cathedral City,2026-07-06T01:20:43+00:00,386,2,CA,city,5
491312627,petition-against-the-data-center-in-lexington-nc,"Petition Against The Data Center in Lexington, NC",2026-05-28T22:27:56+00:00,1322,9,NC,county,9
491326118,petition-against-wythe-county-data-centers,Petition Against Wythe County Data Centers,2026-06-04T17:14:17+00:00,1882,19,,none,5
491370921,petition-for-a-joint-special-meeting-on-ai-data-centers,Petition for a Joint Special Meeting on AI Data Centers,2026-06-29T02:25:23+00:00,1330,12,CT,city,0
491366602,petition-for-a-moratorium-on-data-center-development-in-defiance-oh,"Petition for a Moratorium on Data Center Development in Defiance, OH",2026-06-26T02:05:00+00:00,425,0,OH,city,9
491184872,petition-for-a-one-year-moratorium-on-data-centers-in-vance-county,PETITION FOR A ONE-YEAR MORATORIUM ON DATA CENTERS IN VANCE COUNTY,2026-04-12T11:18:32+00:00,760,11,NC,city,6
491339306,petition-for-an-18-month-moratorium-on-data-centers-in-lawrence-county-tn,"Petition For an 18 Month Moratorium on Data Centers in Lawrence County, TN",2026-06-10T13:57:26+00:00,7370,37,TN,county,11
491181488,petition-for-moratorium-on-bess-and-data-centers-in-reno-county-kansas,"Petition for Moratorium on BESS and Data Centers in Reno County, Kansas",2026-04-10T05:40:57+00:00,1031,15,KS,county,1
491401682,petition-for-moratoriums-on-data-centers-in-early-county,Petition For Moratoriums On Data Centers in Early County,2026-07-14T16:50:53+00:00,26,1,GA,county,5
491342313,petition-for-responsible-data-center-development-in-harris-county-georgia,"Petition for Responsible Data Center Development in Harris County, Georgia",2026-06-11T20:33:39+00:00,11,0,GA,county,3
491437322,petition-for-strict-regulation-of-data-centers,Petition for Strict Regulation of Data Centers,2026-07-26T19:40:57+00:00,12,0,GA,county,3
491016497,petition-for-transparency-accountability-and-community-protection-regarding-data-center,"Petition For Transparency, Accountability, And Community Protection Regarding Data Center",2026-02-06T01:54:43+00:00,382,5,MT,county,3
491048205,petition-for-transparency-accountability-and-community-protection-regarding-data-center-5be060a2-ad7f-45ed-9c35-5e9d8350351a,"PETITION FOR TRANSPARENCY, ACCOUNTABILITY, AND COMMUNITY PROTECTION REGARDING DATA CENTER",2026-02-23T03:45:31+00:00,52,0,MT,city,1
491048480,petition-for-transparency-accountability-and-community-protection-regarding-data-center-b2d63b33-12cc-4854-8e30-71a6f6cb4832,"Petition for Transparency, Accountability, and Community Protection Regarding Data Center",2026-02-23T06:51:34+00:00,69,0,MT,city,3
491054758,petition-for-transparency-accountability-and-community-protection-regarding-data-center-d7135a15-2195-41e8-b84c-d3acddbfa3c8,"PETITION FOR TRANSPARENCY, ACCOUNTABILITY, AND COMMUNITY PROTECTION REGARDING DATA CENTER",2026-02-26T08:25:55+00:00,447,2,MT,city,3
491316856,petition-for-transparency-and-accountability-in-data-center-development,Petition for Transparency and Accountability in Data Center Development,2026-05-31T11:12:48+00:00,164,1,WV,state,3
491204473,petition-for-transparency-community-input-on-potential-ai-data-center-in-roaring-spring,Petition for Transparency & Community Input on Potential AI Data Center in Roaring Spring,2026-04-23T21:10:41+00:00,795,11,PA,city,8
491298195,petition-no-industrial-scale-data-centers-in-monroe-county-tn,"Petition: No Industrial-Scale Data Centers in Monroe County, TN",2026-05-22T15:06:36+00:00,1145,14,TN,county,1
491370733,petition-on-the-presence-of-hyperscale-data-centers-in-west-virginia-communities,Petition on the Presence of Hyperscale Data Centers in West Virginia Communities,2026-06-28T22:38:28+00:00,212,2,WV,state,3
491401680,petition-requesting-an-immediate-moratorium-on-data-center-development-in-caroline-county,Petition Requesting an Immediate Moratorium on Data Center Development in Caroline County,2026-07-14T16:50:27+00:00,2805,32,MD,state,3
491219295,petition-to-halt-or-require-full-environmental-review-of-the-proposed-inyokern-datacenter,Petition to Halt or Require Full Environmental Review of the Proposed Inyokern Datacenter,2026-05-04T00:59:27+00:00,872,21,CA,city,3
491310687,petition-to-immediately-end-construction-of-the-new-cenla-ai-data-center,Petition to immediately end construction of the new Cenla AI Data Center,2026-05-28T01:04:37+00:00,118,1,LA,city,2
491319138,petition-to-keep-data-centers-out-of-lee-and-whiteside-county,Petition To Keep Data Centers Out of Lee and Whiteside County.,2026-06-01T18:10:45+00:00,2889,35,IL,county,0
491015463,petition-to-oppose-the-development-of-a-data-center-in-louisville,Petition to Oppose the Development of a Data Center in Louisville,2026-02-05T14:15:03+00:00,398,7,KY,city,1
491386134,petition-to-pause-ai-data-center-development-in-decatur-county,Petition to Pause AI Data Center Development in Decatur County,2026-07-07T17:51:45+00:00,1093,6,IN,city,10
491310340,petition-to-pause-development-of-data-centers-in-parker-county-texas,"Petition to pause development of data centers in Parker County, Texas",2026-05-27T21:28:40+00:00,6127,62,TX,county,10
491250340,petition-to-protect-granville-township-from-large-scale-data-center-development,Petition to Protect Granville Township From Large-Scale Data Center Development,2026-05-17T01:40:05+00:00,3034,37,PA,county,0
491037521,petition-to-protect-the-birthplace-of-american-liberty-it-s-farms-from-data-centers,🇺🇸 Petition to Protect the Birthplace of American Liberty & it's Farms from Data Centers,2026-02-17T18:54:33+00:00,2053,29,,none,3
491396949,petition-to-relocate-the-proposed-data-center-near-i-10-and-bolton-road-cibolo-texas,"Petition to Relocate the Proposed Data Center Near I-10 and Bolton Road, Cibolo, Texas",2026-07-12T06:59:27+00:00,3074,35,TX,city,10
491337397,petition-to-stop-data-centers-from-being-built-use-of-water-and-electricity-in-denton-t,"Petition to stop Data Centers from being built & use of water and electricity in Denton, T",2026-06-09T19:11:20+00:00,34,1,,none,0
491043597,petition-to-stop-the-ai-data-center-in-landover-md,"Petition to Stop the AI Data Center in Landover, MD",2026-02-20T14:56:27+00:00,335,6,MD,city,2
491143863,petition-to-the-bos-east-manchester-township-data-center-zoning-ordinance,PETITION TO THE BOS – EAST MANCHESTER TOWNSHIP - Data Center Zoning Ordinance,2026-03-19T11:00:47+00:00,347,5,PA,city,3
491102712,place-a-3-year-moratorium-on-data-centers-in-barber-county-kansas,"Place a 3-Year Moratorium on Data Centers in Barber County, Kansas",2026-03-12T17:46:29+00:00,407,6,KS,county,4
491285222,place-a-moratorium-on-ai-data-center-construction,Place a moratorium on AI data center construction,2026-05-19T19:54:56+00:00,277,3,,none,2
490883634,place-a-moratorium-on-the-construction-of-data-centers-in-bartow-county,Place a moratorium on the construction of data centers in Bartow County,2025-11-13T13:47:41+00:00,55,0,GA,county,3
491406229,place-a-permanent-ban-on-ai-data-centers-in-adirondack-park,Place a permanent ban on AI data centers in Adirondack Park.,2026-07-16T12:50:16+00:00,216,2,,none,3
491431382,postpone-marion-county-data-center-workshop,Postpone Marion County data center workshop,2026-07-24T16:22:11+00:00,3369,49,FL,county,5
491286488,preserve-and-protect-our-water-rights-land-and-communities-stop-data-centers-gov-abuse,"PRESERVE AND PROTECT OUR WATER RIGHTS, LAND AND COMMUNITIES ! STOP DATA CENTERS/GOV ABUSE!",2026-05-19T21:21:50+00:00,185,0,,none,0
491405104,preserve-monticello-say-no-to-data-centers,Preserve Monticello- Say NO to Data Centers,2026-07-16T04:07:09+00:00,198,2,GA,city,1
490072274,preserve-powhatan-and-block-the-data-center-zoning-proposal,Preserve Powhatan and Block the Data Center Zoning Proposal,2024-05-23T18:05:10+00:00,487,18,VA,city,6
491289187,prevent-a-data-center-from-being-built-in-lavon-texas,"Prevent a data center from being built in Lavon, Texas",2026-05-20T02:54:58+00:00,2647,22,TX,city,6
491348944,prevent-ai-data-centers-in-beautiful-summit-nj,"PREVENT AI DATA CENTERS IN BEAUTIFUL SUMMIT, NJ!",2026-06-15T17:37:26+00:00,1726,6,NJ,city,8
491370459,prevent-ai-data-centers-in-mount-shasta-ca,"Prevent AI data centers in Mount Shasta, CA",2026-06-28T18:29:16+00:00,31,1,,none,0
490505114,prevent-blackstone-from-building-data-centers-near-union-township-schools,Prevent Blackstone from Building Data Centers Near Union Township Schools,2025-03-31T14:30:20+00:00,2805,42,IN,city,3
491194540,prevent-chemical-waste-from-data-centers-in-your-area,Prevent Chemical Waste From Data Centers in Your Area,2026-04-17T12:53:24+00:00,92,0,NJ,city,3
490956068,prevent-construction-of-ai-data-center-in-greenleaf,Prevent construction of ai data center in Greenleaf,2026-01-07T22:43:00+00:00,1117,19,WI,state,3
491052347,prevent-construction-of-data-centers-in-atascosa-county,Prevent construction of data centers in Atascosa County,2026-02-24T23:13:08+00:00,79,1,TX,state,3
491072972,prevent-data-center-development-in-our-community,Prevent data center development in our community,2026-03-10T05:56:02+00:00,101,4,CA,city,0
491112425,prevent-data-center-vote-without-resident-safeguards,Prevent data center vote without resident safeguards,2026-03-14T13:18:24+00:00,224,1,PA,city,5
491335230,prevent-data-centers-from-being-built-on-the-niagara-river,Prevent data centers from being built on the Niagara River,2026-06-08T22:09:38+00:00,1304,12,NY,city,9
491226386,prevent-data-centers-from-exploiting-rockdale-county,Prevent data centers from exploiting Rockdale County,2026-05-07T23:42:54+00:00,401,11,GA,county,0
491216787,prevent-data-centers-in-brantley-county-ga,"Prevent data centers in Brantley County, GA",2026-05-02T01:23:29+00:00,553,3,,none,0
491213735,prevent-the-building-of-a-data-center-in-putnam-county-wv,"Prevent the building of a data center in Putnam County, WV",2026-04-30T01:18:47+00:00,48,1,WV,state,2
491345620,prevent-the-construction-of-a-data-center-at-nashville-zoo,Prevent the construction of a data center at Nashville Zoo,2026-06-13T23:10:01+00:00,328,14,,none,1
491348132,prevent-the-construction-of-a-data-center-in-avon-lake,Prevent the construction of a data center in Avon Lake,2026-06-15T10:07:57+00:00,190,0,OH,city,8
491145285,prevent-the-construction-of-a-data-center-in-jackson-ohio,"Prevent the construction of a data center in Jackson, Ohio",2026-03-19T20:29:21+00:00,2239,28,OH,city,1
490457608,prevent-the-construction-of-a-data-center-on-farm-land-in-leesburg-in,"Prevent the Construction of a Data Center on Farm Land in Leesburg, IN",2025-03-07T04:46:44+00:00,2442,41,IN,city,3
491064742,prevent-the-construction-of-data-centers-in-commercial-point-and-scioto-township,Prevent the construction of data centers in Commercial Point and Scioto Township,2026-03-05T00:08:10+00:00,800,13,OH,city,0
491307393,prevent-the-construction-of-data-centers-in-my-area,Prevent the construction of data centers in my area,2026-05-26T15:50:45+00:00,186,0,,none,0
491342649,prevent-the-construction-of-the-data-center-at-berry-hill,Prevent the Construction of the Data Center at Berry Hill,2026-06-12T01:04:43+00:00,746,3,VA,city,12
491305996,prohibit-ai-data-centers-in-pennsylvania,Prohibit AI data centers in Pennsylvania,2026-05-25T21:40:20+00:00,87,4,PA,state,5
491357266,prohibit-data-centers-in-plumsted-township-zoning-districts,Prohibit data centers in Plumsted Township zoning districts,2026-06-20T12:21:59+00:00,238,0,NJ,city,3
491307344,prohibit-data-centers-in-the-chisago-lakes-lindstrom-area,Prohibit data centers in the Chisago Lakes & Lindstrom area,2026-05-26T15:24:49+00:00,613,5,MN,city,6
491323678,prohibit-the-construction-and-use-of-data-centers-in-washington-state,Prohibit the Construction and use of data centers in Washington State,2026-06-03T19:42:24+00:00,196,5,,none,3
491219864,promote-data-centers-away-from-valuable-farmland,Promote data centers away from valuable farmland,2026-05-04T13:37:37+00:00,57,0,,none,8
491311890,protect-2-400-acres-of-oklahoma-farmland-from-data-center-impacts,"Protect 2,400+ Acres of Oklahoma Farmland from Data Center Impacts",2026-05-28T15:45:39+00:00,1630,10,OK,city,0
491358115,protect-adair-county-farmland-and-rural-communities-from-data-center-development,PROTECT ADAIR COUNTY FARMLAND AND RURAL COMMUNITIES FROM DATA CENTER DEVELOPMENT,2026-06-20T23:59:04+00:00,74,0,KY,county,6
491400725,protect-banning-plan-for-data-centers-before-they-re-approved,Protect Banning: Plan for Data Centers Before They’re Approved,2026-07-14T05:20:01+00:00,340,0,CA,city,6
491367608,protect-big-oaks-national-wildlife-refuge-from-jefferson-county-s-data-center,Protect Big Oaks National Wildlife Refuge from Jefferson County's Data Center,2026-06-26T17:20:10+00:00,975,13,IN,state,3
490954562,protect-boling-wharton-county-from-industrial-data-centers,Protect Boling & Wharton County from Industrial Data Centers,2026-01-06T20:21:18+00:00,552,14,,none,0
491353096,protect-calvert-alabama-from-an-ai-data-center-invasion,"Protect Calvert, Alabama from an AI data center invasion",2026-06-17T20:45:14+00:00,383,2,AL,state,3
491315651,protect-coffee-county-demand-a-responsible-data-center-at-arnold-air-force-base,Protect Coffee County: Demand a Responsible Data Center at Arnold Air Force Base,2026-05-30T15:32:29+00:00,699,7,TN,county,2
491323724,protect-davie-county-from-industrial-data-center-development,Protect Davie County from industrial data center development,2026-06-03T20:01:10+00:00,3948,51,NC,city,5
490121044,protect-east-stratford-oppose-the-data-center-and-hold-politicians-accountable,Protect East Stratford: Oppose the Data Center and Hold Politicians Accountable,2024-07-02T18:52:43+00:00,521,4,VA,city,1
491342602,protect-falls-county-from-ai-data-centers,Protect Falls County from AI data centers,2026-06-12T00:21:45+00:00,196,0,TX,city,4
491364480,protect-florida-s-natural-landscapes-halt-new-data-centers,"Protect Florida's Natural Landscapes, Halt New Data Centers",2026-06-24T19:40:18+00:00,330,1,FL,state,3
490646001,protect-hobart-from-unwanted-rezoning-for-data-center,Protect Hobart from Unwanted Rezoning for Data Center,2025-07-08T13:50:39+00:00,544,1,IN,city,3
491109397,protect-indiana-communities-from-data-center-incentives,Protect Indiana communities from data center incentives,2026-03-13T20:36:29+00:00,300,7,IN,state,3
491014215,protect-irwin-county-from-data-centers,Protect Irwin County from DATA CENTERS,2026-02-04T23:22:20+00:00,853,21,GA,state,9
491222534,protect-kansas-city-stop-unchecked-data-centern-expansion-in-our-communities,Protect Kansas City: Stop Unchecked Data Centern Expansion in Our Communities,2026-05-06T01:57:32+00:00,56,0,,none,3
491333519,protect-kings-mountain-from-data-center-deception-with-land-use-disclosure-laws,Protect Kings Mountain from Data Center Deception with Land Use Disclosure Laws,2026-06-08T02:49:53+00:00,339,1,NC,state,4
491384994,protect-lakeland-s-grid-pass-the-data-center-moratorium,Protect Lakeland's Grid: Pass the Data Center Moratorium,2026-07-07T03:09:20+00:00,1544,31,FL,state,3
491331236,protect-local-zoo-animals-from-new-data-center,Protect local zoo animals from new data center,2026-06-06T22:36:16+00:00,271,3,TN,city,1
491281092,protect-lopatcong-say-no-to-data-centers,🚨 Protect Lopatcong: Say NO to Data Centers,2026-05-19T14:51:47+00:00,1065,1,NJ,city,5
490839775,protect-mainers-from-utility-rate-hikes-caused-by-ai-data-centers,Protect Mainers From Utility Rate Hikes Caused by AI Data Centers,2025-10-17T21:27:31+00:00,66,1,ME,state,4
491288920,protect-mccurtain-county-from-unwanted-large-scale-data-center-development,Protect McCurtain County from unwanted large-scale data center development,2026-05-20T02:07:15+00:00,823,12,OK,county,0
491320456,protect-michigan-s-great-lakes-keep-industrial-data-centers-away-from-our-shorelines,Protect Michigan's Great Lakes: Keep Industrial Data Centers Away From Our Shorelines!,2026-06-02T09:56:28+00:00,1909,14,,none,3
491357363,protect-mount-vernon-alabama-stop-industrial-data-center-development-near-our-community,"Protect Mount Vernon, Alabama: Stop Industrial Data Center Development Near Our Community",2026-06-20T13:55:11+00:00,345,0,AL,county,5
491170264,protect-nebraska-from-big-tech-s-data-center-drain-on-our-resources,Protect Nebraska from Big Tech's Data Center Drain on Our Resources,2026-04-02T20:55:46+00:00,658,11,NE,state,2
490914876,protect-nj-families-from-data-center-energy-costs,Protect NJ Families from Data Center Energy Costs,2025-12-05T23:20:41+00:00,179,2,NJ,state,1
491174748,protect-ohio-families-from-rising-utility-costs-due-to-mega-data-centers,Protect Ohio Families from Rising Utility Costs Due to Mega Data Centers,2026-04-06T04:17:44+00:00,16,0,OH,state,3
491170164,protect-our-grid-and-climate-no-new-data-centers,Protect Our Grid and Climate: No New Data Centers,2026-04-02T19:57:43+00:00,66,0,,none,72
491360794,protect-our-water-demand-accountability-for-hazardous-data-center-practices,Protect Our Water: Demand Accountability for Hazardous Data Center Practices,2026-06-22T18:12:01+00:00,583,6,,none,1
491362262,protect-our-water-demand-accountability-for-hazardous-data-center-practices-1fd4519e-1ccc-4fb0-85d8-db291558d628,Protect Our Water: Demand Accountability for Hazardous Data Center Practices,2026-06-23T14:48:49+00:00,7827,56,,none,1
491226243,protect-our-water-land-communities-require-independent-impact-reviews-before-approving-new-large-scale-data-centers,"Protect Our Water, Land & Communities: Require Independent Impact Reviews Before Approving New Large-Scale Data Centers",2026-05-07T21:38:32+00:00,85,2,,none,34
491204428,protect-people-and-wildlife-from-data-center-fallout,Protect people and wildlife from data center fallout,2026-04-23T20:38:45+00:00,73,1,,none,1
490968371,protect-red-lake-nation-from-data-center-developments,Protect Red Lake Nation from Data Center Developments,2026-01-16T16:32:32+00:00,210,2,MN,city,2
491361422,protect-rural-north-carolina-pause-large-data-center-projects-and-ensure-community-voice,Protect Rural North Carolina: Pause Large Data Center Projects and Ensure Community Voice,2026-06-23T01:59:17+00:00,624,5,NC,county,7
490941197,protect-rural-texas-water-and-energy-grid-from-ai-data-centers-do-not-chip-in-here,Protect Rural Texas Water and Energy Grid From AI Data Centers -Do not chip in here.,2025-12-27T08:19:06+00:00,4714,50,TX,state,3
491232754,protect-slavic-village-data-center-opposition,Protect Slavic Village - Data Center Opposition,2026-05-10T14:50:21+00:00,72,0,OH,city,16
491364559,protect-south-thomasville-community-from-industrial-development-potential-data-center,Protect South Thomasville Community from Industrial Development (Potential Data Center),2026-06-24T20:53:19+00:00,618,6,AL,city,0
491338269,protect-spokane-county-s-water-and-power-say-no-to-avista-s-data-center-deal,Protect Spokane County’s Water and Power: Say NO to Avista’s Data Center Deal,2026-06-10T04:25:27+00:00,4507,81,WA,county,0
490955684,protect-the-appalachian-mountains-from-ai-data-centers,Protect the Appalachian Mountains from AI data centers,2026-01-07T17:38:52+00:00,685,6,,none,3
491188582,protect-the-old-boy-scout-camp-from-being-replaced-by-a-data-center,Protect the old Boy Scout camp from being replaced by a data center,2026-04-14T13:02:07+00:00,2355,63,GA,city,12
491216423,protect-the-ozarks-stop-data-center-encroachment,Protect the Ozarks: Stop data center encroachment,2026-05-01T18:58:48+00:00,555,10,,none,3
490835403,protect-tippecanoe-county-say-no-to-unchecked-data-centers,Protect Tippecanoe County: Say No to Unchecked Data Centers,2025-10-15T16:43:45+00:00,150,8,IN,county,0
491410614,protect-washington-county-georgia-ai-data-centers-keep-large-scale-ai-data-centers,"Protect Washington County, Georgia 
- AI Data Centers
Keep Large-Scale AI Data Centers.",2026-07-17T16:14:45+00:00,41,1,GA,county,3
491011864,protect-west-virginia-from-harmful-data-center-developments,Protect West Virginia from harmful data center developments,2026-02-04T01:49:51+00:00,99,0,WV,state,3
491344430,protect-wyoming-county-from-unchecked-data-center-development,Protect Wyoming County from unchecked data center development,2026-06-13T02:15:58+00:00,214,7,PA,county,3
491223896,protest-marshfield-mo-data-center,"PROTEST MARSHFIELD, MO DATA CENTER",2026-05-06T19:06:00+00:00,732,20,MO,city,2
491360828,push-to-ban-new-data-centers-from-being-built-in-miami-florida,"Push to Ban New Data Centers From Being Built in Miami, Florida",2026-06-22T18:34:31+00:00,323,1,FL,city,9
491307314,put-a-3-year-moratorium-on-the-construction-of-any-ai-data-center-in-city-limits-of-marshfield-and-all-of-webster-county-missouri-more-studies-and-knowledge-are-needed,Put a 3 year moratorium on  the construction of ANY AI Data Center in city limits of Marshfield and ALL of Webster County Missouri! More studies and knowledge are needed.,2026-05-26T15:10:49+00:00,185,1,MO,city,0
490650025,put-a-pause-on-harmful-data-center-expansion-in-georgia,Put a Pause on Harmful Data Center Expansion in Georgia,2025-07-11T03:35:15+00:00,190,0,GA,state,3
490881259,put-community-first-restore-public-review-for-ai-data-centers,Put Community First: Restore Public Review for AI Data Centers,2025-11-12T00:59:18+00:00,83,5,VA,county,0
490900932,put-missouri-families-before-massive-data-centers,Put Missouri Families Before Massive Data Centers,2025-11-25T21:22:31+00:00,133,0,MO,state,7
491057030,put-to-vote-the-ai-data-center-proposal-in-wichita-falls,Put to vote the AI data center proposal in Wichita Falls,2026-02-27T16:07:14+00:00,51,0,TX,city,3
491393458,raise-awareness-about-ai-data-centers-in-our-communities-in-kentucky,Raise awareness about AI data centers in our communities in Kentucky,2026-07-10T18:19:30+00:00,13,1,KY,state,3
490869374,raise-awareness-about-data-center-construction-near-hobart-in,"Raise awareness about data center construction near Hobart, IN",2025-11-05T03:02:52+00:00,297,3,IN,city,7
491211659,raise-awareness-about-data-centers-invading-rural-communities,Raise awareness about data centers invading rural communities,2026-04-28T19:56:29+00:00,2453,36,,none,1
491200856,raise-awareness-of-the-environmental-impact-of-ai-data-centers,Raise awareness of the environmental impact of AI data centers,2026-04-21T17:08:00+00:00,83,1,IN,city,1
491064660,raleigh-county-data-center,Raleigh County Data Center,2026-03-04T22:40:35+00:00,754,17,WV,city,6
491283485,recall-the-lowell-township-trustees-who-voted-against-the-data-center-moratorium,Recall the Lowell Township Trustees Who Voted Against the Data Center Moratorium,2026-05-19T17:47:33+00:00,505,3,MI,state,5
491229163,regulate-ai-data-center-expansion-to-protect-resources,Regulate AI data center expansion to protect resources,2026-05-09T13:08:38+00:00,39,0,,none,2
490919674,regulate-ai-data-centers-in-chicago,Regulate ai data centers in Chicago,2025-12-09T19:05:35+00:00,59,2,IL,city,117
491061142,regulate-ai-data-centers-to-benefit-residents,Regulate AI data centers to benefit residents,2026-03-02T19:47:01+00:00,46,1,,none,3
491416699,regulate-ai-data-centers-to-save-resources-and-protect-communities,Regulate AI data centers to save resources and protect communities,2026-07-20T12:46:58+00:00,12,1,TN,county,2
491363561,regulate-environmental-impact-of-data-centers-nationwide-bfaa1929-cfd0-42dc-82d6-16c96186fcae,Regulate Environmental Impact of Data Centers Nationwide,2026-06-24T08:29:29+00:00,319,0,,none,2
491028263,reject-annexation-of-rural-land-for-data-center-solar-fields-and-wind-farms,"Reject annexation of rural land for data center, solar fields, and wind farms",2026-02-12T06:16:26+00:00,883,6,OH,city,1
491194024,reject-data-centers-in-rocky-mount-nc,"Reject data centers in Rocky Mount, NC",2026-04-17T04:07:55+00:00,831,7,NC,city,15
491180745,reject-plans-for-any-large-data-center-in-woods-county,Reject plans for any large data center in Woods County,2026-04-09T18:08:29+00:00,248,4,,none,0
491307676,reject-the-ai-data-center-proposal-for-bonner-mt,"Reject the AI data center proposal for Bonner, MT",2026-05-26T18:22:34+00:00,248,0,MT,city,3
491315772,reject-the-change-org-petition-for-the-ai-data-center-in-bonner-mt,"Reject the Change​.​org petition for the Ai data center in Bonner, MT",2026-05-30T16:57:20+00:00,6,0,MT,city,0
490967841,reject-the-data-center-proposal,Reject the data center proposal,2026-01-16T08:03:52+00:00,255,4,TX,city,7
490958455,reject-the-data-center-zoning-exception-that-targets-a-black-community,Reject the Data Center Zoning Exception That Targets a Black Community,2026-01-09T17:14:23+00:00,36,1,SC,state,1
491340253,reject-the-dc-blox-data-center-and-protect-irvington-s-future,Reject the DC BLOX Data Center and Protect Irvington's Future,2026-06-10T20:18:59+00:00,2192,12,IN,state,4
491169818,reject-the-proposed-ai-data-center-plants-in-hunt-county,Reject the proposed AI/Data Center Plants in Hunt County,2026-04-02T16:06:02+00:00,3440,39,,none,5
491418319,remove-ai-data-centers-in-california,Remove AI data centers in California,2026-07-21T05:32:21+00:00,49,6,,none,0
491319214,remove-all-data-centers-in-omaha-area,Remove all data centers in Omaha area,2026-06-01T18:50:52+00:00,32,0,,none,3
491316371,remove-data-centers-from-polk-county-zoning-districts,Remove data centers from Polk County zoning districts,2026-05-31T01:00:11+00:00,77,1,FL,county,0
491042188,repeal-and-fully-audit-pennsylvania-s-data-center-tax-break,Repeal and Fully Audit Pennsylvania’s Data Center Tax Break,2026-02-19T21:48:07+00:00,62,3,PA,state,1
491156896,repeal-pa-233-and-rezone-data-centers-as-special-use-with-conditions-or-heavy-industrial,"Repeal PA 233 and rezone data centers as SPECIAL USE with conditions, or Heavy Industrial",2026-03-25T18:28:32+00:00,281,0,MI,city,3
491379877,request-an-18-month-moratorium-on-bitcoin-and-data-center-development-in-van-buren-county,Request an 18-month moratorium on Bitcoin and Data Center development in Van Buren County,2026-07-04T03:53:14+00:00,13,1,TN,county,0
491415750,request-for-an-immediate-moratorium-on-hyperscale-data-centers,REQUEST FOR AN IMMEDIATE MORATORIUM ON HYPERSCALE DATA CENTERS,2026-07-19T20:28:19+00:00,109,1,FL,city,3
491411272,request-mundelein-to-sue-grayslake-over-t5-data-center,Request Mundelein to sue Grayslake over T5 data center,2026-07-17T21:06:34+00:00,537,6,IL,city,7
491386977,requesting-flock-safety-cameras-and-datacenter-prevention-as-braintree-town-council-agenda,Requesting Flock Safety Cameras and Datacenter Prevention as Braintree Town Council Agenda,2026-07-08T01:15:11+00:00,97,2,MA,city,10
491295254,require-a-data-center-moratorium-in-wrightstown-before-any-proposal-moves-forward,Require a Data Center Moratorium in Wrightstown Before Any Proposal Moves Forward,2026-05-21T15:56:21+00:00,284,2,WI,state,5
491417457,require-a-statewide-ban-on-ai-data-centers-in-florida,Require a statewide ban on AI data centers in Florida,2026-07-20T20:09:59+00:00,78,6,FL,state,2
491055207,require-ai-and-data-centers-to-be-self-sustaining,Require AI and data centers to be self-sustaining,2026-02-26T14:38:38+00:00,11,1,,none,2
491164390,require-ai-data-centers-in-georgia-to-find-alternative-solutions,Require AI data centers in Georgia to find alternative solutions,2026-03-30T12:56:28+00:00,24,2,,none,3
491325890,require-ai-data-centers-in-ohio-to-use-solar-power,Require ai data centers in Ohio to use solar power,2026-06-04T15:37:48+00:00,1555,15,OH,state,0
491364348,require-ames-to-establish-data-center-rules-before-any-vote-to-build,Require Ames to Establish Data Center Rules Before Any Vote to Build,2026-06-24T18:11:06+00:00,317,2,IA,state,4
491420884,require-bridgewater-to-pass-an-ai-data-center-ordinance-now,Require Bridgewater to Pass an AI Data Center Ordinance Now,2026-07-21T20:08:08+00:00,473,12,NJ,state,4
491267966,require-conscious-sustainable-ai-data-centers-that-protect-water-land-communities,"Require Conscious, Sustainable AI Data Centers That Protect Water, Land & Communities",2026-05-18T19:44:12+00:00,43,0,,none,3
491054396,require-corporations-to-pay-for-data-center-energy-and-water-usage,Require corporations to pay for data center energy and water usage,2026-02-26T01:35:33+00:00,53,1,,none,9
491336815,require-data-centers-to-build-in-designated-zones,Require data centers to build in designated zones,2026-06-09T15:25:37+00:00,39,0,,none,1
491235411,require-google-to-meet-with-residents-before-van-buren-data-center-is-approved,Require Google to Meet with Residents Before Van Buren Data Center Is Approved,2026-05-11T19:04:49+00:00,463,5,MI,state,5
491339362,require-governor-hochul-to-sign-the-data-center-moratorium,Require Governor Hochul to sign the data center moratorium,2026-06-10T14:16:31+00:00,373,3,NY,state,2
491353519,require-local-mitigation-of-wetland-loss-from-grayslake-s-t5-data-center,Require local mitigation of wetland loss from Grayslake's T5 Data Center,2026-06-18T03:09:44+00:00,786,7,IL,county,8
491360862,require-michigan-data-centers-to-protect-water-workers-and-communities,"Require Michigan Data Centers to Protect Water, Workers, and Communities",2026-06-22T18:51:55+00:00,495,1,MI,state,4
491039738,require-the-epa-to-mandate-public-environmental-reporting-for-u-s-data-centers,Require the EPA to Mandate Public Environmental Reporting for U​.​S. Data Centers,2026-02-18T20:17:02+00:00,44,0,,none,1
491214503,require-voter-approval-for-ai-data-centers-in-colorado,Require Voter Approval for AI Data Centers in Colorado,2026-04-30T15:16:12+00:00,1131,22,CO,state,2
491228184,require-we-energies-to-power-data-centers-with-clean-energy,Require We Energies to Power Data Centers with Clean Energy,2026-05-08T20:58:53+00:00,434,12,WI,state,3
491310353,require-wisconsin-data-centers-to-publicly-report-their-water-use,Require Wisconsin Data Centers to Publicly Report Their Water Use,2026-05-27T21:37:27+00:00,439,4,WI,state,3
491354388,require-woodbury-county-to-pass-a-moratorium-on-new-data-centers,Require Woodbury County to Pass a Moratorium on New Data Centers,2026-06-18T16:18:39+00:00,99,0,IA,state,5
491062370,restrict-large-data-centers-to-protect-our-mountains,Restrict large data centers to protect our mountains,2026-03-03T14:23:06+00:00,281,2,NC,city,3
491343856,revise-data-center-construction-regulations-in-pa,Revise data center construction regulations in PA,2026-06-12T17:38:14+00:00,171,0,,none,3
491193798,revision-of-the-fort-meade-data-center-agreement,Revision of the Fort Meade Data Center Agreement,2026-04-16T23:57:54+00:00,366,3,FL,county,0
491393337,revoke-aligned-data-center-s-40-year-tax-exemption-in-sandusky-ohio,"Revoke Aligned Data Center's 40-Year Tax Exemption in Sandusky, Ohio",2026-07-10T17:26:23+00:00,251,4,OH,state,6
491396520,revoke-aligned-data-center-s-40-year-tax-exemption-in-sandusky-ohio-8dfd5bed-a3a3-4928-801b-d6b520ba4d17,"Revoke Aligned Data Center's 40-Year Tax Exemption in Sandusky, Ohio",2026-07-12T00:44:11+00:00,207,2,OH,state,7
491176184,revoke-permits-for-data-center-and-power-plants,Revoke permits for data center and power plants,2026-04-07T02:51:16+00:00,944,20,UT,county,3
491400006,roscoe-elco-stockdale-allenport-and-dunlevy-residents-against-ai-data-centers,"Roscoe, Elco, Stockdale, Allenport and Dunlevy Residents AGAINST AI Data Centers",2026-07-13T18:59:22+00:00,543,6,PA,city,3
491384226,rostraver-twp-commissioners-ban-data-centers-in-rostraver-township-pa,"Rostraver Twp. Commissioners: ban data centers in Rostraver Township, PA",2026-07-06T18:16:34+00:00,2041,24,PA,city,0
491194495,save-franklin-township-from-the-data-center,Save Franklin Township from the data center,2026-04-17T12:23:24+00:00,582,9,OH,city,0
491384146,save-independent-hill-say-no-to-the-new-data-centers,Save Independent Hill! Say NO to the new data centers,2026-07-06T17:42:00+00:00,61,2,VA,city,0
490846717,save-lake-michigan-force-data-centers-to-build-their-own-nuclear-power-zero-water-cooli,SAVE LAKE MICHIGAN: Force Data Centers to Build Their OWN Nuclear Power + ZERO-Water Cooli,2025-10-22T09:21:51+00:00,48,2,,none,3
491175391,save-the-rock-river-valley-stop-constellation-from-building-data-center-in-ogle-county,Save the Rock River Valley!  Stop Constellation from Building Data Center in Ogle County!,2026-04-06T15:37:57+00:00,855,9,,none,23
491297005,say-no-to-a-data-center-coming-to-clarksdale,Say NO to a data center coming to Clarksdale!,2026-05-22T04:26:32+00:00,282,1,MS,city,3
490522259,say-no-to-a-data-center-in-henry-county-ky,"Say no to a Data Center in Henry County,KY",2025-04-11T01:03:42+00:00,134,4,KY,county,1
490912959,say-no-to-amazon-s-3-billion-data-center-in-mississippi-without-community-protections,Say No to Amazon’s $3 Billion Data Center in Mississippi Without Community Protections,2025-12-04T18:23:49+00:00,372,6,MS,state,13
491220878,say-no-to-building-a-data-center-in-ferguson,Say No To Building a Data Center in Ferguson,2026-05-05T01:57:49+00:00,44,0,,none,0
491238965,say-no-to-data-center-in-calhoun-ga,Say NO to Data center in Calhoun GA,2026-05-13T15:51:32+00:00,752,9,GA,city,0
491353313,say-no-to-data-center-in-somerville-alabama,SAY NO TO DATA CENTER IN SOMERVILLE ALABAMA,2026-06-17T23:35:15+00:00,127,1,AL,city,3
491407765,say-no-to-data-center-in-surry-co-nc,Say No to Data Center in Surry Co. NC,2026-07-16T20:07:01+00:00,188,5,NC,county,5
491431935,say-no-to-data-centers,Say no to data centers,2026-07-24T19:41:46+00:00,81,2,IN,city,0
490956018,say-no-to-data-centers-and-bitcoin-mines-in-texas,Say no to data centers and bitcoin mines in Texas,2026-01-07T22:00:10+00:00,70,2,,none,2
490990390,say-no-to-data-centers-in-bay-county-mi,"Say NO to Data Centers in Bay County, MI",2026-01-26T17:26:02+00:00,429,6,MI,county,11
491238072,say-no-to-data-centers-in-bullitt-county-ky,"Say no to data centers in Bullitt County, KY",2026-05-13T04:42:19+00:00,259,2,KY,county,3
491364947,say-no-to-data-centers-in-christian-county,Say 'no' to data centers in Christian County!,2026-06-25T02:51:30+00:00,491,10,,none,0
491284544,say-no-to-data-centers-in-illinois,Say No to Data Centers in Illinois,2026-05-19T19:04:54+00:00,89,7,IL,city,3
491308897,say-no-to-data-centers-in-kentucky,Say NO to data centers in Kentucky!!,2026-05-27T07:50:42+00:00,305,8,KY,state,3
491355739,say-no-to-data-centers-in-new-castle-area,Say no to data centers in New Castle area,2026-06-19T12:59:58+00:00,40,1,PA,county,3
491342149,say-no-to-data-centers-in-st-joseph-mo,"Say no to Data Centers in St. Joseph, MO",2026-06-11T18:34:23+00:00,1791,24,MO,city,0
491303482,say-no-to-data-centers-in-texas-county-missouri,Say NO to data centers in Texas county Missouri,2026-05-24T20:03:07+00:00,281,0,MO,state,2
490911636,say-no-to-google-s-nuclear-adjacent-data-center-campus-in-linn-county,Say No to Google’s Nuclear-Adjacent Data Center Campus in Linn County,2025-12-03T21:22:51+00:00,124,2,IA,state,4
491319599,say-no-to-harmony-data-center,"Say, ‘NO,’ to Harmony Data Center",2026-06-01T22:23:49+00:00,192,3,MN,city,5
491226488,say-no-to-las-vegas-switch-data-center,Say NO to Las Vegas Switch Data Center,2026-05-08T00:59:14+00:00,167,4,,none,5
491342410,say-no-to-midamerican-building-a-data-center-in-woodbury-county,Say no to MidAmerican building a data center in Woodbury County,2026-06-11T21:37:46+00:00,24,0,,none,2
491317534,say-no-to-more-data-centers-in-scott-county-va,"Say no to more data centers in Scott County, VA",2026-05-31T20:11:01+00:00,417,3,VA,county,7
491323690,say-no-to-new-data-centers-in-vulnerable-ecosystems,Say No to New Data Centers in Vulnerable Ecosystems,2026-06-03T19:47:46+00:00,34,0,,none,1
491349675,say-no-to-nrh-data-centers-next-to-our-homes,Say NO to NRH Data Centers Next to Our Homes,2026-06-16T01:15:21+00:00,23311,418,TX,city,8
491113367,say-no-to-solar-bess-and-data-centers-robertson-county-tx,"Say No to Solar, BESS and Data Centers - Robertson County, TX",2026-03-14T16:36:53+00:00,682,4,TX,county,3
491150087,say-no-to-tax-exemptions-for-data-centers-in-rhode-island,Say NO to Tax Exemptions for Data Centers in Rhode Island,2026-03-22T06:13:09+00:00,56,2,RI,state,3
490914649,say-no-to-the-proposed-data-center-at-athena-studios,SAY NO TO THE PROPOSED DATA CENTER AT ATHENA STUDIOS!,2025-12-05T19:55:25+00:00,654,15,GA,city,0
490911652,say-no-to-the-red-wolf-data-center-in-kansas-city-until-the-community-has-a-voice,Say No to the Red Wolf Data Center in Kansas City Until the Community Has a Voice,2025-12-03T21:35:03+00:00,323,0,KS,state,5
490922761,say-no-to-unregulated-data-centers-in-west-virginia,Say NO to Unregulated Data Centers in West Virginia,2025-12-11T22:01:00+00:00,582,12,WV,state,2
491072623,seeking-a-moratorium-amendment-on-new-data-center-developments-added-to-hb856-sb330-hrj77,Seeking a Moratorium Amendment on New Data Center Developments Added to HB856/SB330/HRJ77,2026-03-10T00:02:15+00:00,33,0,KY,state,7
491330591,share-your-voice-say-no-to-data-centers,Share Your Voice: Say No to Data Centers,2026-06-06T15:37:11+00:00,20,0,MA,city,15
491184404,should-agricultural-land-be-sacrificed-for-data-centers-no-absolutely-not,"SHOULD AGRICULTURAL LAND BE SACRIFICED FOR DATA CENTERS? NO, ABSOLUTELY NOT!",2026-04-12T01:27:27+00:00,517,5,,none,3
491351442,shut-down-data-centers-in-pennsylvania-to-protect-our-land,Shut down data centers in Pennsylvania to protect our land,2026-06-16T22:49:54+00:00,123,2,,none,0
491396355,sign-the-petition-to-stop-data-center-expansion-during-wichita-s-water-crisis,Sign the Petition to Stop Data Center Expansion During Wichita's Water Crisis,2026-07-11T22:53:34+00:00,917,18,KS,city,12
491233691,sign-the-petition-to-stop-the-rb-inyokern-data-center,Sign the Petition to Stop the RB Inyokern Data Center!,2026-05-11T01:02:06+00:00,1188,20,CA,county,4
490994714,slow-down-building-data-centers-nationwide,Slow down building data centers nationwide!,2026-01-28T21:08:20+00:00,259,6,,none,1
491202277,slow-down-the-effects-of-data-centers-on-the-environment,Slow down the effects of data centers on the environment,2026-04-22T14:05:17+00:00,66,0,GA,state,3
490918459,stand-with-200-environmental-groups-calling-to-halt-new-ai-datacenters-across-us,Stand with 200+ Environmental Groups Calling to Halt New AI Datacenters Across US,2025-12-08T21:31:52+00:00,524,10,,none,2
491337699,stop-a-data-center-being-built-in-mammoth-cave-national-park,Stop a data center being built in Mammoth Cave National Park,2026-06-09T21:25:36+00:00,323,4,,none,3
491364060,stop-a-data-center-in-yaphank-new-york,"Stop a data center in Yaphank, New York",2026-06-24T15:13:08+00:00,214,1,NY,city,0
491314058,stop-a-i-datacenter-development-in-north-texas,Stop A​.​I. datacenter development in North Texas,2026-05-29T17:17:10+00:00,544,11,,none,3
491398695,stop-ai-and-dismantle-data-centers,Stop AI and dismantle data centers,2026-07-13T05:38:12+00:00,25,2,,none,2
490914443,stop-ai-data-center-construction-along-the-great-lakes,Stop AI data center  construction along the Great Lakes,2025-12-05T17:26:50+00:00,1116,23,MI,state,3
490801483,stop-ai-data-center-construction-at-cleveland-ix-center,Stop AI data center construction at Cleveland IX Center,2025-09-27T01:15:50+00:00,4515,76,OH,city,2
491346508,stop-ai-data-centers-90ce658a-c3d3-4bf8-93b0-93fa4505b4ea,STOP AI data centers,2026-06-14T14:48:43+00:00,39,1,,none,2
491400505,stop-ai-data-centers-before-they-change-florida-forever,Stop AI Data Centers Before They Change Florida Forever,2026-07-14T02:07:37+00:00,400,8,FL,state,3
491413664,stop-ai-data-centers-from-being-built-across-the-united-states,Stop AI data centers from being built across the United States,2026-07-18T20:06:59+00:00,16,1,,none,2
491342265,stop-ai-data-centers-from-being-built-in-america,Stop AI Data Centers From Being Built in America!,2026-06-11T19:55:17+00:00,256,11,,none,1
491192892,stop-ai-data-centers-from-being-built-in-sullivan-county,Stop AI data centers from being built in Sullivan County,2026-04-16T13:56:27+00:00,526,11,IN,county,3
491400025,stop-ai-data-centers-from-invading-our-beloved-community-buckeye-az,Stop AI data centers from invading our beloved community Buckeye AZ,2026-07-13T19:15:22+00:00,156,2,AZ,city,7
491330734,stop-ai-data-centers-in-breckinridge-county-kentucky,"Stop AI data centers in Breckinridge County, Kentucky",2026-06-06T17:02:37+00:00,818,11,KY,county,7
491382677,stop-ai-data-centers-in-tennessee,Stop AI data centers in Tennessee,2026-07-05T23:26:40+00:00,307,6,TN,city,0
491327312,stop-ai-data-centers-in-the-united-states,Stop AI data centers in the United States,2026-06-05T04:59:28+00:00,148,4,,none,2
491310647,stop-all-data-centers,Stop all data centers,2026-05-28T00:34:09+00:00,93,2,TX,city,3
491279511,stop-all-data-centers-from-being-built-in-griffin-georgia,"Stop all data centers from being built in Griffin, Georgia",2026-05-19T11:40:30+00:00,261,3,GA,city,0
491304303,stop-all-data-centers-in-gibraltar-michigan,"Stop ALL Data Centers in Gibraltar, Michigan",2026-05-25T04:53:34+00:00,386,3,,none,3
491314644,stop-all-new-data-center-development-in-america,Stop all new data center development in America!,2026-05-29T23:31:18+00:00,162,4,,none,1
491042368,stop-allowing-new-ai-data-centers-in-new-jersey,Stop allowing new AI data centers in New Jersey,2026-02-20T00:02:10+00:00,58,1,,none,2
491167946,stop-ameren-missouri-s-data-center-deals-without-public-oversight,Stop Ameren Missouri's data center deals without public oversight,2026-04-01T14:00:52+00:00,69,0,MO,city,1
491420142,stop-anchorage-data-center-threat-to-wildlife-and-water,Stop Anchorage Data Center Threat to Wildlife and Water,2026-07-21T17:33:08+00:00,454,17,,none,2
491431976,stop-and-shut-down-data-centers-in-minnesota,Stop and shut down data centers in Minnesota,2026-07-24T19:59:27+00:00,26,0,MN,state,3
491241023,stop-any-more-data-centers-in-prineville-oregon,"Stop any more data centers in Prineville, Oregon",2026-05-14T15:46:52+00:00,292,3,OR,county,0
491364226,stop-any-proposed-data-center-any-utility-scale-solar-projects-in-finney-county-kansas,"Stop Any Proposed Data Center & Any Utility-Scale Solar Projects in Finney County, Kansas",2026-06-24T16:51:19+00:00,402,1,KS,city,5
491291413,stop-approval-of-ai-data-centers-in-howard-county-texas,"Stop approval of AI data centers in Howard County, Texas",2026-05-20T15:48:23+00:00,349,2,TX,county,3
491156266,stop-approval-of-the-proposed-ai-data-center-in-desoto-county-florida,"Stop approval of the proposed AI data center in DeSoto County, Florida",2026-03-25T12:38:35+00:00,4513,57,FL,city,0
491237529,stop-approving-new-ohio-data-centers-until-clean-energy-rules-are-in-place,Stop Approving New Ohio Data Centers Until Clean Energy Rules Are in Place,2026-05-12T20:40:19+00:00,871,8,OH,state,3
491225356,stop-beltline-energy-s-harmful-ai-data-center-project-in-kansas,Stop Beltline Energy's harmful AI data center project in Kansas,2026-05-07T14:02:48+00:00,1717,34,KS,city,6
491327820,stop-bitcoin-data-centers-in-kentucky,Stop Bitcoin Data Centers in Kentucky,2026-06-05T11:09:15+00:00,96,1,KY,state,3
490924334,stop-building-ai-data-centers-in-california,Stop building AI data centers in California,2025-12-13T02:39:53+00:00,87,5,,none,0
490936212,stop-building-data-centers-in-drought-prone-regions,Stop building data centers in drought-prone regions,2025-12-21T23:36:42+00:00,534,4,,none,2
491161705,stop-building-data-centers-in-florida,Stop building data centers in Florida,2026-03-28T10:38:11+00:00,758,18,FL,state,2
491428440,stop-building-data-centers-in-loudoun-county-virginia,"Stop Building Data Centers in Loudoun County, Virginia",2026-07-23T20:05:15+00:00,1225,15,VA,county,0
491293063,stop-building-data-centers-in-montana,Stop building data centers in Montana,2026-05-20T23:16:48+00:00,180,5,MT,state,3
491305787,stop-building-data-centers-in-navajo-county,Stop building data centers in Navajo County,2026-05-25T20:03:12+00:00,49,0,AZ,county,2
491237543,stop-building-data-centers-in-our-communities,Stop building data centers in our communities,2026-05-12T20:47:33+00:00,84,3,,none,0
491201638,stop-building-data-centers-in-pennsylvania,Stop building data centers in Pennsylvania,2026-04-22T02:51:50+00:00,438,5,,none,3
491289375,stop-building-data-centers-in-residential-and-agricultural-areas,Stop building data centers in residential and agricultural areas,2026-05-20T03:31:47+00:00,194,1,,none,1
491303574,stop-building-data-centers-in-texas,Stop building data centers in Texas,2026-05-24T20:52:50+00:00,386,10,,none,3
491235961,stop-building-data-centers-in-the-usa,Stop building data centers in the USA,2026-05-12T01:58:17+00:00,96,3,,none,1
491340490,stop-building-data-centers-on-farm-land-in-california,Stop building data centers on farm land in California,2026-06-10T23:14:00+00:00,31,0,,none,0
490990400,stop-building-data-centers-on-farmland,Stop building data centers on farmland,2026-01-26T17:30:13+00:00,68,1,,none,2
491368891,stop-building-data-centers-using-vital-water-sources,Stop building data centers using vital water sources,2026-06-27T15:13:42+00:00,26,0,,none,3
491342031,stop-building-harmful-data-centers-on-our-farmland,Stop building harmful data centers on our farmland,2026-06-11T17:33:33+00:00,45,0,,none,1
491319475,stop-building-more-data-centers-in-ashburn,Stop building more data centers in Ashburn,2026-06-01T20:59:02+00:00,28,0,VA,county,2
490091109,stop-chesterton-data-center-campus,Stop Chesterton Data Center Campus,2024-06-06T13:00:04+00:00,118,1,IN,city,0
491370615,stop-cloverleaf-s-tonganoxie-data-center-project-bluestem,Stop Cloverleaf’s Tonganoxie Data Center Project Bluestem,2026-06-28T20:51:23+00:00,2327,39,KS,city,10
490678946,stop-commercial-re-zoning-for-data-center-in-spotsylvania-419118e7-d829-4b3b-86b6-82e3208507da,Stop Commercial Re-zoning for Data Center in Spotsylvania,2025-07-31T11:30:16+00:00,11,0,VA,city,2
490910498,stop-construction-of-a-data-center-in-marana-arizona,"Stop construction of a data center in Marana, Arizona",2025-12-03T06:23:53+00:00,360,7,AZ,city,3
490860892,stop-construction-of-a-data-center-in-trenton-ohio,"Stop construction of a data center in Trenton, Ohio",2025-10-30T22:41:52+00:00,310,4,OH,city,6
491335757,stop-construction-of-ai-data-center-near-dinosaur-valley,Stop construction of AI data center near Dinosaur Valley,2026-06-09T04:16:03+00:00,162,3,,none,3
491391347,stop-construction-of-data-center-in-our-town,Stop construction of data center in our town,2026-07-09T18:18:08+00:00,269,4,MN,city,0
491309993,stop-construction-of-data-centers-in-carroll-county-virginia,"Stop construction of data centers in Carroll County, Virginia",2026-05-27T18:15:12+00:00,474,4,VA,county,8
491349907,stop-construction-of-data-centers-in-franklin-county-pennsylvania,"Stop construction of data centers in Franklin County, Pennsylvania",2026-06-16T04:15:15+00:00,107,0,PA,city,3
491328332,stop-construction-of-data-centers-in-hastings-minnesota,"Stop construction of data centers in Hastings, Minnesota",2026-06-05T15:32:53+00:00,998,4,MN,city,7
491193738,stop-construction-of-data-centers-in-our-community,Stop construction of data centers in our community,2026-04-16T22:53:19+00:00,97,0,,none,0
491228400,stop-construction-of-data-centers-in-our-community-6940ba10-711e-4087-971d-22a823395f6a,Stop construction of data centers in our community,2026-05-08T23:49:10+00:00,785,1,PA,city,8
491404735,stop-construction-of-data-centers-in-polk-burnett-wisconsin,Stop construction of data centers in Polk Burnett Wisconsin,2026-07-16T00:42:03+00:00,301,8,WI,city,3
491438492,stop-construction-of-data-centers-in-the-ozarks,Stop construction of data centers in the ozarks,2026-07-27T11:14:20+00:00,5,0,MO,state,0
491327985,stop-construction-of-data-centers-in-warrick-county,Stop construction of data centers in Warrick County,2026-06-05T12:38:16+00:00,33,1,IN,county,3
491210173,stop-construction-of-data-centers-on-sanders-lane,STOP CONSTRUCTION OF DATA CENTERS ON SANDERS LANE,2026-04-27T21:41:32+00:00,1213,9,VA,city,3
490867448,stop-construction-of-new-data-center-in-knox-in,"Stop construction of new data center in Knox, IN",2025-11-03T22:59:26+00:00,260,3,IN,city,4
491185698,stop-construction-of-new-data-centers-in-our-town,Stop construction of new data centers in our town,2026-04-12T22:19:19+00:00,50,1,OH,county,3
491379360,stop-construction-of-new-data-centers-in-virginia,Stop construction of new data centers in Virginia,2026-07-03T20:17:00+00:00,173,2,VA,state,3
491328767,stop-construction-of-power-plant-and-data-center,Stop construction of power plant and data center,2026-06-05T18:29:27+00:00,410,0,OH,city,1
491185606,stop-construction-of-the-data-center-by-passing-a-moratorium,Stop construction of the data center by passing a moratorium,2026-04-12T20:43:52+00:00,387,4,IA,city,6
491244814,stop-conway-data-centers-from-draining-our-water-resources,Stop Conway data centers from draining our water resources,2026-05-15T18:00:05+00:00,759,14,AR,city,9
491225169,stop-damac-data-center-from-building-in-edgerton-ks,"Stop DAMAC data center from building in Edgerton, KS",2026-05-07T12:30:09+00:00,674,11,KS,city,6
491305766,stop-data-center-building-in-idaho,Stop data center building in Idaho,2026-05-25T19:54:56+00:00,88,3,ID,state,3
491311705,stop-data-center-builds-and-expansions-in-hillsborough-county-florida,"Stop data center builds and expansions in Hillsborough County, Florida",2026-05-28T14:00:27+00:00,385,5,FL,state,3
491361667,stop-data-center-builds-in-ky,Stop Data Center Builds in KY,2026-06-23T06:13:00+00:00,45,0,KY,state,3
491331574,stop-data-center-construction-in-demopolis-al,"Stop data center construction in Demopolis, AL",2026-06-07T03:31:13+00:00,41,0,AL,city,2
491315866,stop-data-center-construction-in-grayslake-illinois,"Stop data center construction in Grayslake, Illinois",2026-05-30T18:02:31+00:00,1572,8,,none,1
491417886,stop-data-center-construction-in-lake-elsinore,Stop data center construction in Lake Elsinore,2026-07-21T00:44:55+00:00,2493,66,CA,city,5
491431180,stop-data-center-construction-in-las-cruces-desert-project-jupiter,Stop Data Center Construction in Las Cruces Desert(Project Jupiter),2026-07-24T15:08:32+00:00,548,11,NM,city,6
491321034,stop-data-center-construction-in-maury-county-tennessee,"Stop data center construction in Maury County, Tennessee",2026-06-02T15:37:02+00:00,65,0,TN,state,1
491241660,stop-data-center-construction-in-montgomery-county-tx,"Stop Data Center Construction in Montgomery County, Tx",2026-05-14T20:08:13+00:00,986,15,TX,county,0
491332273,stop-data-center-construction-in-nashville,Stop data center construction in Nashville,2026-06-07T12:34:10+00:00,456,3,TN,city,45
491352582,stop-data-center-construction-near-nashville-zoo,Stop data center construction near Nashville Zoo,2026-06-17T15:01:59+00:00,242,11,,none,3
490574207,stop-data-center-coosa-floyd-county,Stop Data Center Coosa Floyd County,2025-05-17T23:00:24+00:00,650,5,GA,city,3
490783209,stop-data-center-development-at-dauphin-highlands-golf-course,Stop Data Center Development at Dauphin Highlands Golf Course,2025-09-18T00:03:17+00:00,188,2,PA,city,3
491248787,stop-data-center-development-in-central-oregon,Stop data center development in central Oregon,2026-05-16T19:47:35+00:00,923,13,OR,state,5
491367473,stop-data-center-development-in-wayne-county,Stop data center development in Wayne County,2026-06-26T16:01:54+00:00,1337,18,NC,city,7
490993846,stop-data-center-from-being-built-in-carroll-county-georgia,Stop Data Center from being built in carroll county Georgia,2026-01-28T15:11:31+00:00,2931,57,GA,county,3
490784905,stop-data-center-in-kershaw-county-sc,Stop Data Center in Kershaw County SC,2025-09-18T16:57:23+00:00,317,5,SC,city,1
491419233,stop-data-center-in-talbot-county,Stop Data Center in Talbot County,2026-07-21T14:23:04+00:00,88,3,GA,county,0
491297945,stop-data-center-in-taylor-county-florida,"Stop data center in Taylor County, Florida",2026-05-22T13:35:37+00:00,1086,13,FL,county,2
491325299,stop-data-center-projects-in-citrus-county-protect-our-environment,"Stop Data Center Projects in Citrus County, Protect Our Environment",2026-06-04T11:39:30+00:00,232,3,,none,0
491374068,stop-data-center-runoff-in-virginia,Stop Data Center Runoff in Virginia,2026-07-01T02:36:21+00:00,277,5,VA,state,3
490914099,stop-data-center-zoning-on-johnstonville-and-smith-roads,Stop data center zoning on Johnstonville and Smith roads,2025-12-05T13:43:32+00:00,525,8,GA,city,7
490935580,stop-data-centers-coming-to-rural-georgia-counties,Stop data centers coming to rural Georgia counties,2025-12-21T12:45:14+00:00,380,8,,none,0
491403580,stop-data-centers-construction-in-danielson-and-killingly-area,Stop data centers construction in Danielson and Killingly area,2026-07-15T16:00:33+00:00,122,2,CT,city,8
491315218,stop-data-centers-from-being-built-around-fort-worth-tx,"Stop data centers from being built around Fort Worth, TX",2026-05-30T10:14:23+00:00,200,4,TX,city,4
491226150,stop-data-centers-from-being-built-in-archbald-pa,"Stop Data Centers from Being Built in Archbald, PA!",2026-05-07T20:43:35+00:00,322,4,PA,city,10
491197833,stop-data-centers-from-being-built-in-campbell-county,Stop data centers from being built in Campbell County,2026-04-19T18:24:58+00:00,47,0,,none,3
491300549,stop-data-centers-from-being-built-in-georgia,Stop data centers from being built in Georgia,2026-05-23T13:37:47+00:00,260,4,GA,state,0
491302959,stop-data-centers-from-being-built-in-indiana,Stop data centers from being built in Indiana,2026-05-24T15:33:14+00:00,61,1,,none,3
490807516,stop-data-centers-from-being-built-in-maumee-monclova-waterville-whitehouse-areas,"Stop Data Centers  from being built  in Maumee, Monclova, Waterville & Whitehouse areas",2025-09-29T21:39:26+00:00,1823,18,OH,city,0
491424223,stop-data-centers-from-being-built-in-niagara-county-new-york,"Stop data centers from being built in Niagara County, New York",2026-07-22T18:15:54+00:00,17,1,NY,county,3
491319645,stop-data-centers-from-being-built-in-paulding-county,Stop data centers from being built in Paulding County,2026-06-01T22:56:30+00:00,1055,5,GA,city,4
491156245,stop-data-centers-from-being-built-in-wendell-north-carolina,"Stop data centers from being built in Wendell, North Carolina",2026-03-25T12:25:46+00:00,473,0,NC,county,8
491238079,stop-data-centers-from-destroying-america,Stop data centers from destroying America,2026-05-13T04:47:59+00:00,75,2,,none,2
491296472,stop-data-centers-from-destroying-our-future,Stop data centers from destroying our future,2026-05-21T23:44:11+00:00,48,2,,none,0
491424254,stop-data-centers-from-destroying-our-natural-habitats,Stop Data Centers From Destroying Our Natural Habitats,2026-07-22T18:26:55+00:00,8,1,,none,0
491298711,stop-data-centers-from-developing-in-polk-county-florida,"Stop data centers from developing in Polk County, Florida",2026-05-22T18:03:29+00:00,558,18,FL,county,3
491401360,stop-data-centers-from-entering-kentucky-freely-w-o-restrictions,Stop data centers from entering Kentucky freely w/o restrictions,2026-07-14T14:17:52+00:00,528,5,KY,city,3
491414378,stop-data-centers-from-locating-in-owensboro-daviess-county,Stop data centers from locating in Owensboro-Daviess County,2026-07-19T05:34:54+00:00,563,7,KY,county,8
490820202,stop-data-centers-from-operating-in-hubbard-ohio,"Stop data centers from operating in Hubbard, Ohio",2025-10-07T00:50:22+00:00,219,6,OH,city,9
491052204,stop-data-centers-from-taking-farmland,Stop data centers from taking farmland,2026-02-24T21:18:05+00:00,44,0,PA,state,3
491347326,stop-data-centers-in-calvert-county-maryland,"Stop data centers in Calvert County, Maryland",2026-06-14T22:35:40+00:00,71,2,MD,county,3
491200836,stop-data-centers-in-harford-county-md,"Stop Data Centers in Harford County, MD",2026-04-21T16:58:48+00:00,5983,49,MD,state,8
490732987,stop-data-centers-in-harrisburg-and-save-dauphin-highlands,Stop Data Centers in Harrisburg and Save Dauphin Highlands,2025-08-26T03:06:48+00:00,33,0,PA,state,2
490989747,stop-data-centers-in-henry-county-georgia,"Stop data centers in Henry County, Georgia.",2026-01-26T09:37:49+00:00,45,0,GA,county,3
491310098,stop-data-centers-in-johnson-county-texas,"Stop data centers in Johnson County, Texas",2026-05-27T19:06:09+00:00,615,10,TX,county,4
490816822,stop-data-centers-in-jones-county-georgia,"Stop Data Centers in Jones County, Georgia",2025-10-04T21:51:03+00:00,1063,16,GA,county,3
491042328,stop-data-centers-in-lake-county,Stop data centers in Lake County,2026-02-19T23:38:20+00:00,768,7,IL,county,3
491257998,stop-data-centers-in-new-jersey,Stop data centers in New Jersey,2026-05-17T22:05:23+00:00,39,0,,none,3
491360979,stop-data-centers-in-oklahoma,Stop Data Centers in Oklahoma,2026-06-22T20:09:08+00:00,371,4,,none,2
490695477,stop-data-centers-in-our-peckville-archbald-jessup-neighborhoods,"Stop data centers in our Peckville, Archbald, Jessup neighborhoods",2025-08-12T01:17:13+00:00,823,10,PA,city,2
490957748,stop-data-centers-in-talladega-county,Stop data centers in Talladega County,2026-01-09T03:11:22+00:00,690,15,,none,3
491359788,stop-data-centers-in-warwood-wv,Stop Data Centers in Warwood WV,2026-06-22T04:05:15+00:00,2319,15,WV,city,7
491349487,stop-data-centers-in-west-virginia-against-public-opposition,Stop Data Centers in West Virginia Against Public Opposition,2026-06-15T23:09:04+00:00,266,3,WV,state,6
491303563,stop-data-centers-in-yaphank-and-brookhaven-lab-areas,Stop data centers in Yaphank and Brookhaven lab areas,2026-05-24T20:46:36+00:00,761,5,NY,city,5
491350635,stop-data-centers-infrastructure-in-oregon,Stop data centers infrastructure in Oregon,2026-06-16T14:20:29+00:00,40,0,OR,state,3
491257893,stop-data-centers-near-el-paso,Stop data centers near El Paso,2026-05-17T21:49:59+00:00,48,0,TX,state,3
491375675,stop-data-centers-polluting-the-kankakee-river,Stop Data Centers Polluting the Kankakee River,2026-07-01T22:32:33+00:00,4333,55,,none,3
491336903,stop-dc-blox-from-building-a-data-center-in-irvington,Stop DC BLOX from building a data center in Irvington,2026-06-09T15:59:56+00:00,3572,50,IN,city,3
491328459,stop-development-of-ai-data-centers-in-arkansas,Stop development of AI data centers in Arkansas,2026-06-05T16:28:09+00:00,72,0,AR,state,3
491263831,stop-development-of-data-centers-in-arkansas,Stop development of data centers in Arkansas,2026-05-18T13:44:47+00:00,410,4,AR,state,3
490254809,stop-elected-officials-from-finalizing-a-1b-data-center-contract-without-public-consent,Stop Elected Officials from Finalizing a 1B Data Center Contract without Public Consent,2024-10-16T18:07:17+00:00,199,8,IN,city,5
491233944,stop-global-ai-from-building-ai-data-center-on-the-poudre-river,Stop Global AI From Building AI data center on the Poudre River,2026-05-11T04:46:32+00:00,1534,29,CO,county,7
491070945,stop-global-irreversible-water-bankruptcy-ban-ai-data-centers,"Stop Global Irreversible Water Bankruptcy ! Ban AI, DATA CENTERS",2026-03-09T02:38:50+00:00,249,14,,none,0
491295576,stop-google-s-124-million-data-center-tax-break-in-michigan,Stop Google's $124 Million Data Center Tax Break in Michigan,2026-05-21T17:46:29+00:00,291,2,MI,state,2
491159334,stop-google-s-data-center-plan-in-palo-until-strong-protections-are-in-place,Stop Google’s Data Center Plan in Palo Until Strong Protections Are in Place,2026-03-26T23:53:13+00:00,436,1,IA,state,5
491352922,stop-hyperscale-data-centers-in-hernando-county-florida,Stop Hyperscale Data Centers in Hernando County Florida,2026-06-17T18:41:12+00:00,288,2,FL,county,5
491204649,stop-indianapolis-developer-from-bypassing-city-council-to-build-a-4-billion-data-center,Stop Indianapolis Developer from Bypassing City Council to Build a $4 Billion Data Center,2026-04-24T00:38:57+00:00,555,3,IN,state,2
491406510,stop-industrial-ai-data-centers-in-batavia,Stop Industrial AI Data Centers in Batavia,2026-07-16T14:14:58+00:00,211,2,IL,city,15
491345079,stop-local-officials-from-approving-new-data-centers,Stop Local Officials from Approving New Data Centers,2026-06-13T15:02:49+00:00,182,0,,none,0
491403743,stop-louisiana-data-center-construction,Stop Louisiana data center construction,2026-07-15T17:25:58+00:00,167,8,LA,state,3
491153028,stop-making-ohio-families-pay-for-data-centers,Stop Making Ohio Families Pay for Data Centers,2026-03-23T18:43:15+00:00,809,8,OH,state,3
491326694,stop-mesa-city-council-from-approving-massive-data-center,Stop Mesa City Council from Approving Massive Data Center,2026-06-04T22:01:52+00:00,677,6,AZ,city,7
490763086,stop-meta-data-center-expansion,Stop Meta Data Center Expansion,2025-09-09T03:14:22+00:00,429,4,OH,city,3
491298861,stop-missouri-from-constructing-data-centers,Stop Missouri from constructing data centers,2026-05-22T19:00:58+00:00,38,0,MO,state,3
491361509,stop-nc-from-blocking-solar-while-energy-demand-surges-from-data-centers,Stop NC From Blocking Solar While Energy Demand Surges From Data Centers,2026-06-23T03:17:14+00:00,141,0,NC,state,3
491408283,stop-nebraska-data-centers-from-being-put-in-rural-areas,Stop Nebraska data centers from being put in rural areas,2026-07-16T23:19:11+00:00,30,1,NE,state,3
491319425,stop-new-data-center-projects-in-colorado,Stop New Data Center Projects in Colorado,2026-06-01T20:31:13+00:00,32676,455,,none,4
491368906,stop-new-data-centers-and-protect-our-environment,Stop new data centers and protect our environment,2026-06-27T15:25:38+00:00,73,4,,none,2
491378876,stop-new-data-centers-in-albany-county-new-york,"Stop new data centers in Albany County, New York",2026-07-03T15:33:27+00:00,144,2,NY,city,19
491298207,stop-new-data-centers-in-americus-ga-and-surrounding-areas,"Stop new data centers in Americus, GA and surrounding areas",2026-05-22T15:08:45+00:00,460,1,GA,city,7
491309532,stop-new-data-centers-in-montgomery-county,Stop new data centers in Montgomery County,2026-05-27T14:07:20+00:00,64,1,MD,county,3
491326186,stop-ny-from-handing-tax-breaks-to-data-centers,Stop NY From Handing Tax Breaks to Data Centers,2026-06-04T17:42:45+00:00,691,7,NY,state,3
491377035,stop-paper-mill-from-turning-into-a-datacenter-keep-our-water-clean-energy-affordable,STOP Paper Mill from turning into a datacenter!  KEEP OUR WATER CLEAN & ENERGY AFFORDABLE!,2026-07-02T16:28:13+00:00,3328,60,OH,city,15
491317600,stop-phillip-road-site-rezoning-that-could-allow-an-ai-data-center,Stop Phillip Road Site Rezoning That Could Allow an AI Data Center,2026-05-31T21:01:52+00:00,3621,41,CA,city,6
491403097,stop-planned-data-center-at-the-old-golf-course-in-pittsburg-ca,"Stop planned data center at the old golf course in Pittsburg, CA",2026-07-15T11:08:21+00:00,152,2,CA,city,4
491348779,stop-proposed-hyper-data-center-in-salix-iowa,"Stop proposed hyper data center in Salix, Iowa",2026-06-15T16:13:25+00:00,625,9,IA,county,10
491054381,stop-revolve-labs-from-building-a-data-center-in-moose-lake-mn,"Stop Revolve Labs from building a data center in Moose Lake, MN.",2026-02-26T01:21:54+00:00,253,2,MN,city,0
490771203,stop-rezoning-for-data-center-in-concord-district,Stop Rezoning for Data Center in Concord District,2025-09-12T13:25:21+00:00,28,0,VA,city,0
491038924,stop-temple-data-centers-until-we-have-full-accountability,STOP TEMPLE DATA CENTERS - UNTIL WE HAVE FULL ACCOUNTABILITY.,2026-02-18T11:43:12+00:00,592,7,TX,city,7
491307646,stop-the-1-6-billion-tax-break-for-data-centers-in-ohio,Stop the $1​.​6 Billion Tax Break for Data Centers in Ohio,2026-05-26T18:05:48+00:00,463,4,OH,state,5
491375428,stop-the-11-billion-monarch-data-center-planned-for-yerington-nv,"Stop the $11 billion Monarch  Data Center planned for Yerington, NV",2026-07-01T19:41:10+00:00,1086,19,NV,state,6
491439501,stop-the-900-acre-gigawatt-data-center-proposed-for-pahrump-nv,"Stop the 900-Acre Gigawatt Data Center Proposed for Pahrump, NV",2026-07-27T18:25:49+00:00,52,0,NV,state,3
490785860,stop-the-ai-data-center-construction-in-dalton-ga,"Stop the AI Data Center Construction in Dalton, GA",2025-09-19T02:57:05+00:00,46,8,GA,county,3
490825890,stop-the-ai-data-center-construction-in-ekron-ky,"🛑Stop the AI Data Center construction in Ekron, KY",2025-10-10T01:34:03+00:00,3183,60,KY,city,10
491336491,stop-the-ai-data-center-construction-near-lion-country-safari,Stop the AI data center construction near Lion Country Safari,2026-06-09T12:46:25+00:00,68,0,FL,state,3
491310189,stop-the-ai-data-center-from-being-built-in-vermillion-county-indiana,"Stop the AI data center from being built in Vermillion County, Indiana",2026-05-27T19:55:30+00:00,200,1,IN,county,3
491013418,stop-the-ai-data-center-from-coming-to-richmond-county,STOP the AI Data Center from coming to Richmond County!!,2026-02-04T15:26:17+00:00,959,11,NC,city,3
491247717,stop-the-ai-data-center-in-hamilton-ohio,"Stop the AI data center in Hamilton, Ohio",2026-05-16T15:30:36+00:00,593,8,OH,city,7
491325776,stop-the-ai-data-center-in-liberty-county-texas,"Stop the AI data center in Liberty County, Texas",2026-06-04T14:45:39+00:00,260,7,TX,city,2
490935109,stop-the-ai-data-centers-in-lawrence-county-ohio,"Stop the AI data centers in Lawrence County, Ohio",2025-12-21T00:43:36+00:00,5639,79,OH,state,5
490792432,stop-the-amazon-data-center-from-endangering-tucson-s-water-and-energy-future,Stop the Amazon Data Center from Endangering Tucson’s Water and Energy Future,2025-09-23T00:04:23+00:00,175,3,AZ,state,3
491039657,stop-the-amazon-data-center-in-montgomery-county,Stop the Amazon Data Center in Montgomery County,2026-02-18T19:22:28+00:00,95,0,MO,state,4
491334506,stop-the-approval-of-ai-data-center,Stop the approval of AI data center,2026-06-08T15:20:46+00:00,1234,8,OK,city,3
491391895,stop-the-atlas-data-center-from-industrializing-south-whitehall-township,Stop the Atlas Data Center from Industrializing South Whitehall Township,2026-07-10T00:52:30+00:00,803,8,PA,state,5
491366071,stop-the-atterix-data-center-in-raton-new-mexico,"Stop the Atterix Data Center in Raton, New Mexico",2026-06-25T17:49:57+00:00,874,23,NM,city,1
490869995,stop-the-big-red-apple-innovation-corridor-and-data-center-development,Stop the Big Red Apple Innovation Corridor and Data Center Development,2025-11-05T13:23:18+00:00,356,5,GA,city,3
491342783,stop-the-bitcoin-data-center-in-montezuma,Stop the Bitcoin data center in Montezuma,2026-06-12T02:36:34+00:00,402,0,IA,city,0
491215066,stop-the-blum-data-center,STOP THE BLUM DATA CENTER,2026-04-30T21:17:26+00:00,2134,35,TX,county,3
491327481,stop-the-box-elder-data-center-project-demand-public-transparency,​Stop the Box Elder Data Center Project: Demand Public Transparency,2026-06-05T07:13:03+00:00,61,0,UT,state,3
491225149,stop-the-build-of-data-centers-in-cleveland-ohio,Stop the build of data centers in Cleveland Ohio,2026-05-07T12:16:03+00:00,154,6,OH,city,16
491189136,stop-the-building-and-expansion-of-data-centers-in-abilene-tx,"Stop the building and expansion of data centers in Abilene, TX",2026-04-14T16:38:42+00:00,157,3,TX,city,7
490895533,stop-the-building-of-a-data-center-in-festus-missouri,Stop the building of a data center in Festus Missouri,2025-11-21T17:27:06+00:00,335,4,,none,2
490957806,stop-the-building-of-a-data-center-in-our-community,Stop the building of a data center in our community,2026-01-09T04:19:17+00:00,57,2,AZ,city,6
490858529,stop-the-building-of-a-data-center-in-trenton,Stop the building of a data center in Trenton,2025-10-29T15:27:40+00:00,1254,17,OH,city,0
491368520,stop-the-building-of-damaging-data-centers-in-south-carolina,Stop the building of damaging data centers in South Carolina,2026-06-27T08:37:25+00:00,26,0,SC,state,3
491396256,stop-the-building-of-data-centers-in-platte-county-wyoming,"Stop the building of data centers in Platte County, Wyoming",2026-07-11T21:42:42+00:00,225,6,WY,state,4
491345339,stop-the-construction-of-a-data-center-in-bell-county-ky,"Stop the construction of a data center in Bell County, KY",2026-06-13T18:34:10+00:00,297,1,KY,city,3
491341856,stop-the-construction-of-a-data-center-in-belmont-wv,"Stop the construction of a data center in Belmont, WV",2026-06-11T15:58:12+00:00,928,0,WV,city,0
491337751,stop-the-construction-of-a-data-center-in-cave-city-ky,"Stop the construction of a data center in cave city, ky",2026-06-09T21:59:21+00:00,1196,5,,none,3
491337989,stop-the-construction-of-a-data-center-in-faribault-minnesota,"Stop the construction of a data center in Faribault, Minnesota",2026-06-10T01:03:39+00:00,72,1,MN,county,3
491205758,stop-the-construction-of-a-data-center-in-finney-county-kansas,"Stop the construction of a data center in Finney County, Kansas",2026-04-24T18:05:55+00:00,2220,28,KS,county,0
491349381,stop-the-construction-of-a-data-center-in-fort-worth,Stop the construction of a data center in Fort Worth,2026-06-15T22:01:22+00:00,61,2,,none,3
490689383,stop-the-construction-of-a-data-center-in-fourmile-wilsonville-shelby-county-al,"Stop the Construction of a Data Center in Fourmile/Wilsonville Shelby County, AL",2025-08-07T14:23:28+00:00,526,7,AL,state,3
491064093,stop-the-construction-of-a-data-center-in-liberty-missouri,"Stop the construction of a data center in Liberty, Missouri",2026-03-04T15:31:03+00:00,1276,7,MO,city,9
491043470,stop-the-construction-of-a-data-center-in-our-community-60c7b204-c6c0-441a-b643-69fee4a3e157,"STOP 
The Construction of a Data Center in our Community!!!",2026-02-20T13:39:12+00:00,98,0,VA,city,0
491213248,stop-the-construction-of-a-data-center-in-our-neighborhood,Stop the construction of a data center in our neighborhood,2026-04-29T19:17:30+00:00,487,3,CO,city,3
491284423,stop-the-construction-of-a-data-center-in-our-neighborhood-5e9b8a4b-ac33-4a24-a9ae-aa3c5b623c1a,Stop the construction of a data center in our neighborhood,2026-05-19T18:55:39+00:00,664,9,TN,city,0
491000287,stop-the-construction-of-a-data-center-in-santaquin,Stop the construction of a data center in Santaquin,2026-01-30T04:50:43+00:00,1899,47,UT,city,6
490690872,stop-the-construction-of-a-data-center-in-west-finley-pa,"Stop the Construction of a Data Center in West Finley, PA",2025-08-08T13:37:37+00:00,687,5,PA,city,1
491239414,stop-the-construction-of-ai-data-centers,Stop the construction of AI data centers,2026-05-13T19:39:28+00:00,74,2,,none,3
491223163,stop-the-construction-of-ai-data-centers-in-rural-communities,Stop the construction of AI data centers in rural communities,2026-05-06T12:38:36+00:00,54,0,,none,0
491382245,stop-the-construction-of-all-data-centers-in-louisiana,Stop the construction of all data centers in Louisiana,2026-07-05T16:51:19+00:00,66,3,LA,state,3
491302177,stop-the-construction-of-an-ai-data-center-in-southern-alabama,Stop the construction of an AI data center in Southern Alabama,2026-05-24T04:34:28+00:00,255,10,AL,state,7
491434510,stop-the-construction-of-data-center-near-nashville-zoo,Stop the construction of data center near Nashville Zoo,2026-07-25T16:59:11+00:00,123,6,,none,40
491202869,stop-the-construction-of-data-centers-in-alabama,Stop the construction of data centers in Alabama,2026-04-22T19:55:31+00:00,562,9,AL,city,3
491243676,stop-the-construction-of-data-centers-in-colorado-springs-co,"Stop the construction of data centers in Colorado Springs, CO",2026-05-15T14:23:40+00:00,2643,57,CO,state,1
491362816,stop-the-construction-of-data-centers-in-frederick-county-va,"Stop the construction of data centers in Frederick County, VA",2026-06-23T20:50:09+00:00,21,0,VA,state,3
491363916,stop-the-construction-of-data-centers-in-henderson-nc,"Stop the construction of data centers in Henderson, NC",2026-06-24T13:13:20+00:00,130,0,NC,city,3
491014543,stop-the-construction-of-data-centers-in-indiana,Stop the construction of data centers in Indiana,2026-02-05T03:23:49+00:00,352,8,,none,3
491344171,stop-the-construction-of-data-centers-in-jackson-county-kentucky,"Stop the construction of data centers in Jackson County, Kentucky",2026-06-12T21:31:39+00:00,27,0,KY,city,3
491206121,stop-the-construction-of-data-centers-in-luzerne-county,Stop the construction of data centers in Luzerne County,2026-04-24T22:55:15+00:00,58,0,PA,state,3
491366510,stop-the-construction-of-data-centers-in-our-community-28cfa511-1e33-4bce-a7cc-006ac65403e1,Stop the construction of data centers in our community,2026-06-26T00:11:09+00:00,117,1,PA,city,3
491057418,stop-the-construction-of-data-centers-in-our-county,Stop the construction of data centers in our county,2026-02-27T20:55:19+00:00,933,9,WV,county,3
491303396,stop-the-construction-of-data-centers-in-pahrump-nv,"Stop the construction of data centers in Pahrump, NV",2026-05-24T19:15:43+00:00,2027,22,NV,city,3
491362991,stop-the-construction-of-data-centers-in-reno-county,Stop the construction of data centers in Reno County,2026-06-23T23:46:27+00:00,86,0,KS,city,3
491205925,stop-the-construction-of-data-centers-in-rice-county-minnesota,"Stop the construction of data centers in Rice County, Minnesota",2026-04-24T20:01:56+00:00,2115,23,MN,county,11
491347658,stop-the-construction-of-data-centers-in-rome-ga,"Stop the construction of data centers in Rome, Ga",2026-06-15T02:56:37+00:00,696,16,GA,city,9
491015532,stop-the-construction-of-data-centers-in-rural-mercer-co-ky,"Stop the construction of data centers in rural Mercer Co, KY",2026-02-05T14:58:05+00:00,4077,73,KY,county,10
491417421,stop-the-construction-of-data-centers-in-tulare,Stop the construction of data centers in Tulare,2026-07-20T19:47:08+00:00,4501,110,CA,city,5
491087964,stop-the-construction-of-data-centers-near-midland-pa,"Stop the construction of data centers near Midland, Pa",2026-03-11T12:13:19+00:00,857,8,PA,county,3
491290391,stop-the-construction-of-data-centers-on-our-farmland,Stop the construction of data centers on our farmland,2026-05-20T10:08:53+00:00,52,0,,none,3
491308996,stop-the-construction-of-data-centre-in-vizag,Stop the construction of data centre in Vizag,2026-05-27T09:15:32+00:00,57,0,,none,0
491304382,stop-the-construction-of-four-data-centers-in-woodbridge-va,"Stop the construction of four data centers in Woodbridge, VA",2026-05-25T05:46:47+00:00,59,2,,none,0
491321872,stop-the-construction-of-new-data-centers,Stop the construction of new data centers,2026-06-03T00:02:23+00:00,72,0,,none,2
491052328,stop-the-construction-of-the-a-i-data-center-in-benton-louisiana,"Stop the construction of the A​.​I. data center in Benton, Louisiana",2026-02-24T22:58:33+00:00,1061,20,LA,city,1
490891357,stop-the-construction-of-the-ai-data-center-in-council-bluffs,Stop the Construction of the AI Data Center in Council Bluffs,2025-11-19T00:14:13+00:00,2211,25,IA,city,1
491249321,stop-the-construction-of-the-box-elder-data-center-in-utah,Stop the construction of the Box Elder data center in Utah,2026-05-16T22:18:28+00:00,387,11,UT,state,3
491202727,stop-the-construction-of-the-cloudburst-data-center-and-power-plant,Stop the construction of the Cloudburst Data Center and Power Plant,2026-04-22T18:30:26+00:00,1432,27,TX,county,4
490842928,stop-the-construction-of-the-data-center-in-emporia-kansas-lyon-county,"Stop the Construction of the Data Center in Emporia, Kansas (Lyon County)",2025-10-20T06:32:42+00:00,1144,15,KS,city,6
491323499,stop-the-construction-of-the-data-center-in-emporia-ks,"Stop the construction of the data center in Emporia, KS",2026-06-03T18:02:31+00:00,343,3,KS,city,6
491265193,stop-the-construction-of-the-data-center-in-our-community,Stop the construction of the data center in our community,2026-05-18T16:18:55+00:00,196,2,MN,city,2
490900414,stop-the-construction-of-the-data-center-on-76th-street-in-owasso,Stop the construction of the data center on 76th street in Owasso,2025-11-25T15:11:38+00:00,60,3,OK,city,4
491435192,stop-the-construction-of-the-data-center-on-gibson-wells-rd-humboldt-tn,"Stop the construction of the data center on Gibson Wells Rd, Humboldt, TN",2026-07-26T00:25:09+00:00,220,3,,none,0
491301021,stop-the-construction-of-the-kenwood-convent-data-center-in-the-south-end,Stop the construction of the Kenwood Convent data center in the South End,2026-05-23T17:14:10+00:00,977,4,NY,city,17
491248759,stop-the-construction-of-the-microsoft-data-center-in-person-county,Stop the construction of the Microsoft data center in Person County,2026-05-16T19:39:57+00:00,398,4,NC,county,2
491298726,stop-the-construction-of-the-new-data-center-in-our-community,Stop the construction of the new data center in our community,2026-05-22T18:09:14+00:00,86,0,,none,0
491404674,stop-the-construction-of-the-new-data-center-in-thomasville-al,"Stop the construction of the new data center in Thomasville, AL",2026-07-15T23:59:15+00:00,24,1,AL,state,3
491216767,stop-the-construction-of-the-utah-data-center,Stop the construction of the Utah data center,2026-05-02T00:59:20+00:00,600,14,UT,state,3
491360872,stop-the-coreweave-data-center-in-kenilworth-nj-residents-never-got-a-say,"Stop the CoreWeave Data Center in Kenilworth, NJ — Residents Never Got a Say",2026-06-22T18:58:24+00:00,800,11,NJ,state,4
491358964,stop-the-data-center-at-centre-foundry-lot-in-warwood-wv,"Stop the data center at Centre Foundry lot in Warwood, WV",2026-06-21T15:37:10+00:00,1231,5,WV,city,7
491353153,stop-the-data-center-being-built-in-joliet-illinois,"Stop the data center being built in Joliet, Illinois",2026-06-17T21:21:15+00:00,238,7,IL,state,3
490837564,stop-the-data-center-build-in-montgomery-county-mo,"Stop the Data Center build in  Montgomery County, MO",2025-10-16T18:34:59+00:00,753,4,MO,county,0
491236916,stop-the-data-center-construction-in-botetourt-county-va,"Stop the data center construction in Botetourt County, VA",2026-05-12T15:02:50+00:00,373,3,VA,county,3
491323627,stop-the-data-center-construction-in-emporia-ks,"Stop the data center construction in Emporia, KS",2026-06-03T19:10:45+00:00,149,0,KS,city,3
491319318,stop-the-data-center-construction-in-holmes-county-florida,"Stop the data center construction in Holmes County, Florida",2026-06-01T19:35:53+00:00,2200,29,FL,county,4
491345386,stop-the-data-center-construction-in-inyokern-california,"Stop the data center construction in Inyokern, California",2026-06-13T19:12:19+00:00,213,1,CA,city,5
491321423,stop-the-data-center-construction-in-maysville-georgia,"Stop the data center construction in Maysville, Georgia",2026-06-02T18:57:57+00:00,292,3,GA,city,5
491310737,stop-the-data-center-development-in-ashburn-village,Stop the data center development in Ashburn Village,2026-05-28T01:36:51+00:00,3547,24,VA,city,6
490923000,stop-the-data-center-development-in-ellenwood-ga,"Stop the data center development in Ellenwood, GA",2025-12-12T02:17:19+00:00,798,8,GA,city,5
490976570,stop-the-data-center-development-in-new-orleans-east,Stop the data center development in New Orleans East,2026-01-22T12:52:23+00:00,406,3,LA,city,10
491011639,stop-the-data-center-development-in-robeson-township,Stop the data center development in Robeson Township,2026-02-04T00:16:06+00:00,854,3,PA,city,0
491362396,stop-the-data-center-draining-imperial-county-s-colorado-river-water,Stop the Data Center Draining Imperial County's Colorado River Water,2026-06-23T16:03:36+00:00,566,1,CA,state,5
491353135,stop-the-data-center-eagle-creek-township,"Stop the Data Center! 
Eagle Creek Township",2026-06-17T21:11:50+00:00,1322,18,IN,county,15
491413928,stop-the-data-center-exploitation-protect-coffeyville-s-infrastructure-and-taxpayers,Stop the Data Center Exploitation: Protect Coffeyville’s Infrastructure and Taxpayers,2026-07-18T23:31:05+00:00,215,2,KS,city,5
490852653,stop-the-data-center-from-being-built-at-river-raisin-golf-course,Stop the data center from being built at River Raisin Golf Course,2025-10-26T01:18:04+00:00,1395,21,MI,city,2
491307975,stop-the-data-center-from-being-built-in-eastern-kentucky,Stop the data center from being built in Eastern Kentucky,2026-05-26T20:50:18+00:00,902,3,KY,city,3
490946710,stop-the-data-center-from-being-built-in-north-caddo-parish,Stop the data center from being built in North Caddo Parish,2025-12-31T02:32:20+00:00,1408,18,LA,city,1
491326795,stop-the-data-center-from-being-built-off-bells-ferry-rd-marietta-ga,"Stop the data center from being built off Bells Ferry Rd, Marietta, GA",2026-06-04T23:06:50+00:00,2878,30,GA,city,8
491336735,stop-the-data-center-from-coming-to-pittsburg-ca,Stop the data center from coming to Pittsburg CA,2026-06-09T14:55:31+00:00,26436,432,CA,city,5
491343741,stop-the-data-center-from-coming-to-st-joseph,Stop the data center from coming to St. Joseph,2026-06-12T16:17:42+00:00,173,1,MO,city,0
491415879,stop-the-data-center-from-opening-in-colorado-city-texas,"Stop the data center from opening in Colorado City, Texas",2026-07-19T22:11:09+00:00,33,0,TX,city,1
491043934,stop-the-data-center-from-opening-in-urbana,Stop the data center from opening in Urbana,2026-02-20T18:25:06+00:00,3864,43,,none,1
491012204,stop-the-data-center-from-threatening-bennett-s-resources,Stop the data center from threatening Bennett's resources,2026-02-04T04:07:04+00:00,752,7,CO,city,7
491335776,stop-the-data-center-in-big-beaver,Stop the data center in Big Beaver,2026-06-09T04:28:26+00:00,46,0,,none,0
491347275,stop-the-data-center-in-cottage-grove-mn,"Stop the data center in Cottage Grove, MN",2026-06-14T22:05:11+00:00,34,0,MN,city,2
491159017,stop-the-data-center-in-daviess-county-protect-our-water-land-and-community,"Stop the Data Center in Daviess County—Protect Our Water, Land, and Community",2026-03-26T20:06:47+00:00,441,5,IN,state,0
491171741,stop-the-data-center-in-east-charlotte-s-backyard,Stop the Data Center in East Charlotte's Backyard.,2026-04-03T20:25:46+00:00,733,10,NC,state,4
491394501,stop-the-data-center-in-glencoe,Stop the data center in Glencoe,2026-07-11T03:33:16+00:00,203,2,MN,city,0
491330447,stop-the-data-center-in-hanover-township-washington-county-pennsylvania,"Stop the data center in Hanover Township, Washington County, Pennsylvania",2026-06-06T14:19:07+00:00,762,9,PA,city,0
491392763,stop-the-data-center-in-harrison-county,Stop the data center in Harrison County,2026-07-10T12:38:13+00:00,238,4,KY,county,9
491390081,stop-the-data-center-in-huntington,Stop the data center in Huntington,2026-07-09T04:52:18+00:00,178,4,,none,0
491346668,stop-the-data-center-in-marietta-ga,Stop the data center in Marietta GA,2026-06-14T16:30:40+00:00,1364,25,GA,city,8
491307730,stop-the-data-center-in-nottingham-new-hampshire,"Stop the Data Center in Nottingham, New Hampshire",2026-05-26T18:49:20+00:00,1251,15,NH,state,2
490823019,stop-the-data-center-in-packer-township-and-banks-township,Stop the data center in Packer Township and Banks Township,2025-10-08T13:15:16+00:00,158,3,PA,city,3
491332545,stop-the-data-center-in-palo-iowa,"Stop the data center in Palo, Iowa",2026-06-07T15:24:50+00:00,372,1,IA,city,5
491413631,stop-the-data-center-in-pike-county,Stop the Data Center in Pike County!,2026-07-18T19:41:08+00:00,284,5,KY,city,5
491375637,stop-the-data-center-invasion-in-albany-georgia,"Stop the Data Center invasion in Albany, Georgia",2026-07-01T22:12:47+00:00,122,3,GA,city,3
490754555,stop-the-data-center-near-jarrell-high-school-and-neighborhoods,Stop the Data Center Near Jarrell High School and Neighborhoods,2025-09-04T16:13:54+00:00,1176,29,TX,city,6
490674765,stop-the-data-center-next-to-four-seasons-and-our-surrounding-communities,Stop the Data Center Next to Four Seasons and Our Surrounding Communities,2025-07-28T18:52:40+00:00,50,0,VA,county,0
491311663,stop-the-data-center-on-pine-street-in-spartanburg-from-getting-any-bigger,Stop the data center on Pine Street in Spartanburg from getting any bigger,2026-05-28T13:37:04+00:00,401,3,SC,city,2
491328042,stop-the-data-center-on-the-bristol-elkhart-county-line-near-the-humane-society,Stop the Data Center on the Bristol-Elkhart County Line Near the Humane Society!,2026-06-05T13:08:22+00:00,1425,12,IN,city,3
491349764,stop-the-data-center-project-in-east-greenville-pa-4b108b84-f8df-4942-976f-ec5cff657743,"Stop the data center project in East Greenville, PA",2026-06-16T02:14:22+00:00,615,5,PA,city,0
491356472,stop-the-data-center-project-in-ford-county-kansas,"Stop the data center project in Ford County, Kansas",2026-06-19T20:49:10+00:00,345,8,KS,county,3
491346320,stop-the-data-center-project-in-upper-hanover-parcel-57-00-01282-00-2township-pa,"Stop the data center project in Upper Hanover Parcel #. 57-00-01282-00-2Township, PA",2026-06-14T12:38:43+00:00,5205,66,PA,city,5
490847523,stop-the-data-center-project-in-white-county,Stop the data center project in White County,2025-10-22T17:39:17+00:00,49,2,IN,county,3
491431338,stop-the-data-center-to-protect-nebraska-s-natural-resources,Stop the Data Center to Protect Nebraska's Natural Resources,2026-07-24T16:07:44+00:00,452,7,NE,state,10
491186460,stop-the-data-centers,Stop the Data Centers!,2026-04-13T10:45:11+00:00,60,1,,none,3
491334173,stop-the-data-centers-5925e268-34aa-4e99-8d93-17b8e86c9805,Stop the data centers,2026-06-08T12:32:13+00:00,52,0,,none,2
491367286,stop-the-data-centers-from-taking-our-resources-in-texas,Stop the data centers from taking our resources in Texas,2026-06-26T14:10:58+00:00,18,0,TX,state,3
491434941,stop-the-data-centers-in-box-elder-county-utah,"Stop the data centers in Box Elder County, Utah",2026-07-25T21:28:31+00:00,6,0,,none,0
490933874,stop-the-data-centers-in-lawrence-county-ohio-from-opening,"Stop the data centers in Lawrence County, Ohio from opening",2025-12-20T02:06:38+00:00,70,1,,none,3
491177797,stop-the-datacenter-zoning-proposal-in-berwick-pennsylvania,"Stop the datacenter zoning proposal in Berwick, Pennsylvania",2026-04-08T00:15:56+00:00,298,2,PA,county,1
491216890,stop-the-destructive-data-center-in-webster-county,Stop the destructive data center in Webster County,2026-05-02T04:02:57+00:00,384,5,MO,city,2
491299018,stop-the-development-of-a-meta-data-center-in-el-paso-county,Stop the development of a Meta data center in El Paso County,2026-05-22T20:09:03+00:00,362,6,TX,city,11
491166723,stop-the-development-of-ai-data-centers-in-odessa-texas,"Stop the development of AI data centers in Odessa, Texas",2026-03-31T21:00:15+00:00,640,8,TX,city,8
491439058,stop-the-development-of-data-centers-ac25a1e6-a98d-4aa7-826e-1c1357330e51,Stop the development of data centers,2026-07-27T15:04:20+00:00,11,2,,none,1
491245622,stop-the-development-of-data-centers-in-missouri,Stop the development of data centers in Missouri,2026-05-15T21:45:43+00:00,582,9,MO,state,1
491412309,stop-the-development-of-data-centers-in-virginia,Stop the development of data centers in Virginia,2026-07-18T10:11:18+00:00,31,3,VA,state,3
491396501,stop-the-development-of-the-new-data-center-in-charleston-tn,Stop the development of the new data center in Charleston TN,2026-07-12T00:31:03+00:00,297,1,TN,city,3
491401881,stop-the-development-of-verrus-data-center-in-se-salem,Stop the development of Verrus Data Center in SE Salem,2026-07-14T19:04:31+00:00,9328,167,OR,city,9
491316273,stop-the-establishment-of-data-centers-in-arkansas,Stop the establishment of data centers in Arkansas,2026-05-30T23:18:59+00:00,55,1,AR,state,2
491344867,stop-the-establishment-of-data-centers-near-burlington-iowa,"Stop the establishment of data centers near Burlington, Iowa",2026-06-13T11:34:23+00:00,57,0,IA,city,3
490785133,stop-the-establishment-of-the-data-center-in-henry-county,Stop the establishment of the Data Center in Henry County,2025-09-18T19:08:50+00:00,46,2,IN,state,3
491364118,stop-the-expansion-of-data-centers-in-georgia,Stop the expansion of data centers in Georgia,2026-06-24T15:45:49+00:00,33,0,GA,state,3
491221107,stop-the-fayetteville-data-center-construction-now,Stop the Fayetteville Data Center Construction Now,2026-05-05T06:27:03+00:00,124,1,NC,city,10
491342266,stop-the-gamewater-data-center-near-niagara-falls,Stop the gamewater data center near Niagara Falls,2026-06-11T19:56:56+00:00,23,0,,none,3
491294725,stop-the-google-data-center-in-missouri,Stop the Google data center in Missouri,2026-05-21T12:49:28+00:00,71,0,MO,state,3
491340248,stop-the-harmful-data-center-project-in-tonawanda,Stop the Harmful Data Center Project in Tonawanda,2026-06-10T20:17:03+00:00,186,2,NY,city,3
491232659,stop-the-hopkins-bayview-data-center,Stop The Hopkins Bayview Data Center,2026-05-10T13:58:30+00:00,255,3,MD,city,17
490671697,stop-the-houston-funplex-from-turning-into-a-data-center,Stop the Houston Funplex From Turning Into a Data Center!,2025-07-26T13:31:03+00:00,930,19,TX,city,2
490784046,stop-the-howell-data-center,Stop the Howell Data Center,2025-09-18T10:10:01+00:00,169,0,MI,city,3
491373820,stop-the-hyperscale-data-center-building-project-in-emporia-ks,Stop the hyperscale data center building project in Emporia KS,2026-06-30T22:12:04+00:00,92,1,KS,city,3
491363642,stop-the-hyperscale-data-center-zoning-in-stokes-county,Stop the hyperscale data center zoning in Stokes County,2026-06-24T09:39:34+00:00,492,16,NC,county,0
490972839,stop-the-imperial-valley-data-center-development,Stop the Imperial Valley Data Center development,2026-01-20T01:01:47+00:00,274,5,,none,3
491327143,stop-the-implementation-of-data-centers-in-tri-cities-washington,"Stop the implementation of data centers in Tri-Cities, Washington",2026-06-05T03:00:30+00:00,353,6,,none,0
491398284,stop-the-lawrenceburg-data-center-let-residents-decide,Stop the Lawrenceburg Data Center — Let Residents Decide,2026-07-12T23:37:12+00:00,236,4,TN,state,3
491389784,stop-the-lovejoy-data-center-project-support-deannexation-to-protect-clayton-county,Stop the Lovejoy Data Center Project—Support Deannexation to Protect Clayton County,2026-07-09T00:55:32+00:00,386,15,GA,county,12
491042263,stop-the-mega-data-center-in-imperial-county-california,"Stop the Mega Data Center in Imperial County, California!",2026-02-19T22:55:02+00:00,327,2,CA,city,2
490967220,stop-the-metrobloks-data-center-in-martindale-brightwood,Stop the Metrobloks Data Center in Martindale-Brightwood,2026-01-15T20:43:22+00:00,122,2,IN,state,3
491377489,stop-the-mill-from-becoming-a-data-center,Stop the mill from becoming a data center,2026-07-02T20:57:51+00:00,289,3,OH,city,3
491378527,stop-the-misuse-of-fresh-water-for-data-centers-and-crypto-mining-centers-in-missouri,Stop the misuse of fresh water for data centers and crypto mining centers in missouri,2026-07-03T12:05:04+00:00,67,1,MO,city,3
491210164,stop-the-monticello-data-centers-protect-our-homes-and-community,Stop the Monticello Data Centers: Protect Our Homes and Community,2026-04-27T21:36:26+00:00,180,0,MN,state,5
491322044,stop-the-new-data-center-in-cobb-county,Stop the new data center in Cobb County,2026-06-03T02:30:25+00:00,1620,39,GA,county,3
490699272,stop-the-new-data-center-in-lackawanna-county-p-a,Stop the New Data Center in Lackawanna County P​.​A!!!,2025-08-13T19:49:50+00:00,38,0,,none,0
491316831,stop-the-new-data-center-in-our-county,Stop the new data center in our county,2026-05-31T10:37:10+00:00,193,0,KY,county,3
491403430,stop-the-palomino-alpha-data-center,Stop the Palomino Alpha Data Center,2026-07-15T14:33:47+00:00,26,1,TX,county,3
491402322,stop-the-planning-of-a-data-center-in-south-elgin-illinois,"Stop the planning of a data center in South Elgin, Illinois",2026-07-15T00:30:58+00:00,8288,131,IL,city,7
491224557,stop-the-plans-for-the-construction-of-a-data-center-in-blue-island,Stop the plans for  the  construction of a data center in Blue Island,2026-05-07T03:27:34+00:00,40,0,IL,city,10
491363048,stop-the-potential-of-data-center-project-at-the-crystal-geyser-plant-in-mount-shasta-ca,"Stop the potential of data center project at the Crystal Geyser plant in  Mount Shasta, CA",2026-06-24T00:47:47+00:00,23490,256,,none,3
490713289,stop-the-power-lines-and-data-center-construction-in-ozaukee-county,Stop the Power Lines and Data Center Construction in Ozaukee County,2025-08-21T23:02:48+00:00,30,0,WI,county,3
491418163,stop-the-production-of-data-centers-and-ai-technologies,Stop the production of data centers and AI technologies,2026-07-21T03:35:47+00:00,24,2,,none,2
491341688,stop-the-project-tiger-zou-data-center-construction,"Stop the project ""Tiger Zou"" data center construction",2026-06-11T14:32:36+00:00,316,4,MO,county,3
491230420,stop-the-prometheus-hyperscale-data-center-project,Stop the Prometheus Hyperscale data center project,2026-05-09T18:44:29+00:00,738,13,WY,state,12
491411601,stop-the-proposed-6-billion-beacon-data-centers-project,Stop the proposed $6 billion Beacon Data Centers project,2026-07-18T01:04:37+00:00,69,1,,none,2
491243282,stop-the-proposed-data-center-development-in-south-brunswick-township,Stop the proposed Data Center development in South Brunswick Township,2026-05-15T12:14:24+00:00,2975,11,NJ,city,1
490862240,stop-the-proposed-data-center-in-cannon-falls,Stop the proposed data center in Cannon Falls,2025-10-31T20:45:24+00:00,86,2,MN,state,3
491395595,stop-the-proposed-data-center-in-dinwiddie-county,Stop the proposed data center in Dinwiddie County,2026-07-11T15:59:41+00:00,1162,15,VA,county,5
490821841,stop-the-proposed-data-center-in-our-area,Stop the proposed Data Center in our area,2025-10-07T22:04:27+00:00,786,3,PA,city,3
490971232,stop-the-proposed-edgeconnex-data-center-in-ashville-ohio,"STOP the Proposed EdgeConnex Data Center in Ashville, Ohio",2026-01-18T21:16:10+00:00,378,8,OH,county,10
490932312,stop-the-release-of-6-million-loan-for-ai-data-center-in-vineland-nj,"Stop the release of $6 million loan for AI Data Center in Vineland, NJ",2025-12-18T22:45:38+00:00,651,19,NJ,county,3
490968742,stop-the-scioto-county-data-center-project,Stop the Scioto County data center project,2026-01-16T20:31:46+00:00,43,1,OH,county,3
490922727,stop-the-second-data-center-in-north-laurel-maryland,"Stop the second data center in North Laurel, Maryland",2025-12-11T21:19:43+00:00,220,0,MD,city,3
491367600,stop-the-spokane-data-center-s-aquifer-water-use-plan,Stop the Spokane Data Center's Aquifer Water Use Plan,2026-06-26T17:17:19+00:00,4492,137,WA,city,8
491364006,stop-the-stamp-data-center-in-ny-honor-the-seneca-nation-s-treaty,Stop the STAMP Data Center in NY - Honor the Seneca Nation's Treaty!,2026-06-24T14:38:35+00:00,8634,79,NY,state,1
490814004,stop-the-tract-data-center-in-cannon-falls-mn,"Stop the TRACT Data Center in Cannon Falls, MN",2025-10-03T01:18:30+00:00,975,21,MN,city,7
491304197,stop-the-villa-rica-ga-data-center,Stop the Villa Rica GA Data Center,2026-05-25T03:34:39+00:00,1549,14,GA,city,13
491314675,stop-the-zenith-project-data-center-protect-chaves-county-s-water-and-land,Stop the Zenith Project Data Center: Protect Chaves County’s Water and Land,2026-05-30T00:05:02+00:00,110,0,NM,city,3
491306128,stop-unchecked-data-center-expansion-protect-our-public-water-and-infrastructure,Stop Unchecked Data Center Expansion: Protect Our Public Water and Infrastructure,2026-05-25T23:10:06+00:00,42,1,,none,0
490192208,stop-unchecked-data-centers-an-open-letter-to-fairfax-county-board-of-supervisors,STOP UNCHECKED DATA CENTERS- An Open Letter to Fairfax County Board of Supervisors,2024-08-29T20:26:08+00:00,90,3,VA,county,2
490692250,stop-using-taxpayer-money-to-fight-your-own-citizens-in-appeal-on-data-centers,Stop Using Taxpayer Money to Fight Your Own Citizens in Appeal on Data Centers,2025-08-09T15:17:49+00:00,947,7,VA,county,0
491120286,stop-utility-rate-hikes-from-ai-data-centers,"Stop utility rate hikes, from AI Data Centers",2026-03-15T19:31:45+00:00,454,5,MI,state,3
490382800,stop-villa-rica-data-center-and-industrial-development,STOP Villa Rica DATA CENTER and INDUSTRIAL DEVELOPMENT,2025-01-18T19:48:49+00:00,418,7,GA,city,0
491370816,stop-west-virginia-data-centers-from-destroying-appalachia,Stop West Virginia Data Centers from Destroying Appalachia,2026-06-29T00:07:07+00:00,494,6,WV,city,3
491052351,stop-york-county-from-approving-the-qts-data-center,Stop York County from approving the QTS data center,2026-02-24T23:14:41+00:00,336,4,SC,county,3
491350817,strengthen-regulations-on-data-center-development-in-hawaii,Strengthen regulations on data center development in Hawaii,2026-06-16T16:08:14+00:00,194,3,HI,state,3
491140639,support-building-data-centers-in-franklin-county,Support building data centers in Franklin County,2026-03-18T17:25:49+00:00,25,0,MO,city,2
491200996,support-data-centers-in-san-angelo,Support data centers in San Angelo,2026-04-21T18:23:10+00:00,188,2,TX,city,7
490963964,support-house-bill-1007-protect-floridians-from-ai-data-center-overreach,Support House Bill 1007: Protect Floridians from AI Data Center Overreach,2026-01-13T18:24:12+00:00,268,6,FL,state,3
491058915,support-house-bills-5594-5596-for-data-center-moratorium-in-michigan,Support house bills 5594-5596 for data center moratorium in Michigan,2026-03-01T02:58:47+00:00,31,0,MI,state,3
491337269,support-seattle-s-one-year-moratorium-on-new-data-centers-before-big-tech-burns-the-city,Support Seattle's One-Year Moratorium on New Data Centers Before Big Tech Burns the City,2026-06-09T18:14:22+00:00,377,1,WA,city,2
491190698,support-the-building-of-a-google-data-center-in-our-community,Support the building of a Google Data Center in our community,2026-04-15T12:06:23+00:00,23,0,WV,county,3
491264792,tell-ferc-to-remove-data-center-transmission-costs-from-your-electric-bill,Tell FERC to Remove Data Center Transmission Costs From Your Electric Bill!,2026-05-18T15:32:17+00:00,769,6,,none,1
490682168,tell-our-city-council-to-delay-the-vote-on-the-data-center,Tell our City Council to DELAY the VOTE on the Data Center,2025-08-02T17:39:05+00:00,383,7,IN,city,10
491020999,tell-the-fcc-to-deny-spacex-s-1million-satellite-orbital-data-center-application,"Tell the FCC to Deny SpaceX’s 1MILLION Satellite ""Orbital Data Center"" Application",2026-02-08T19:11:22+00:00,74,3,,none,2
491349228,the-epa-must-regulate-data-centers-not-leave-towns-to-fend-for-themselves,The EPA Must Regulate Data Centers — Not Leave Towns to Fend for Themselves,2026-06-15T20:32:00+00:00,460,1,,none,3
491311846,the-mcminnville-data-center,The McMinnville Data Center,2026-05-28T15:23:57+00:00,709,10,TN,city,1
491035975,tie-fairfax-county-land-sale-to-data-center-developer-to-affordable-housing-near-metro,Tie Fairfax County land sale to data center developer to affordable housing near metro,2026-02-16T19:22:14+00:00,260,3,VA,county,10
491248069,title-protect-a-global-treasure-ban-the-use-of-lake-michigan-water-for-ai-data-centers,Title: Protect a Global Treasure: Ban the Use of Lake Michigan Water for AI Data Centers!,2026-05-16T16:45:52+00:00,364,3,IL,city,3
491335373,unban-data-centers-in-monterey-park-california,"Unban data centers in Monterey Park, California",2026-06-08T23:47:59+00:00,28,0,,none,0
491295453,urge-bgsu-to-drop-meta-s-data-center-community-action-grant,Urge BGSU to drop Meta's Data Center Community Action Grant,2026-05-21T17:03:41+00:00,1269,26,OH,city,2
491424530,urge-chesapeake-city-council-candidates-to-oppose-data-center-development,Urge Chesapeake City Council Candidates to oppose Data Center Development.,2026-07-22T20:10:58+00:00,133,1,VA,city,20
490791606,urge-dte-energy-to-deny-power-to-howell-data-center,Urge DTE Energy to Deny Power to Howell Data Center,2025-09-22T14:08:28+00:00,19,0,,none,0
491434531,urge-governor-to-halt-data-center-construction-with-a-moratorium,Urge Governor to halt data center construction with a moratorium,2026-07-25T17:13:53+00:00,82,2,TX,city,2
490830084,urge-meade-county-to-reject-ai-data-center-permit,Urge Meade County to reject AI data center permit,2025-10-12T23:59:03+00:00,13,0,,none,0
491316376,urge-polk-county-to-review-data-center-impacts,Urge Polk County to review data center impacts,2026-05-31T01:04:05+00:00,52,1,FL,county,0
491054503,urge-raton-city-commissioners-to-oppose-data-center-construction,Urge Raton city commissioners to oppose data center construction,2026-02-26T03:18:30+00:00,689,19,NM,city,3
491179141,urge-vance-county-board-to-vote-no-on-rezoning-for-the-data-center,Urge Vance County Board to vote NO on rezoning for the data center,2026-04-08T20:02:56+00:00,1030,12,NC,city,6
491355669,victory-strengthen-summit-nj-ai-data-center-ban,"VICTORY!!: Strengthen Summit, NJ AI Data Center Ban!",2026-06-19T12:08:50+00:00,27,0,NJ,city,6
490958321,vote-against-data-centers-being-built-in-foristell,Vote against data centers being built in Foristell,2026-01-09T15:12:02+00:00,357,4,MO,city,5
491306566,vote-no-on-lee-co-s-technology-and-data-center-distrct,VOTE 'NO' ON LEE CO'S TECHNOLOGY AND DATA CENTER DISTRCT,2026-05-26T04:54:20+00:00,54,0,GA,county,5
490771538,vote-no-on-the-data-center-plan-and-protect-campbell-county-s-community,Vote NO on the Data Center Plan and protect Campbell County's  Community,2025-09-12T16:45:31+00:00,440,8,VA,city,0
491424080,vote-no-protect-augusta-township-s-farmland-from-data-centers-industrial-rezoning,Vote NO: Protect Augusta Township's Farmland from Data Centers & Industrial Rezoning,2026-07-22T17:30:35+00:00,175,1,MI,city,2
491299343,warren-county-virginia-no-data-center-takeover,Warren County Virginia: No Data Center Takeover,2026-05-22T23:17:40+00:00,42,0,VA,county,14
491406771,we-need-to-put-a-stop-to-cloud-seeding-and-data-centers,We need to put a stop to Cloud seeding and Data Centers!,2026-07-16T15:30:07+00:00,9,0,,none,0
490813428,we-say-no-to-atlas-development-s-data-center-battey-complex,We say NO! to Atlas Development's data center (@ Battey Complex ),2025-10-02T18:24:04+00:00,2260,38,GA,city,13
491326821,we-say-no-to-peosta-data-centers,WE SAY NO TO PEOSTA DATA CENTERS,2026-06-04T23:31:57+00:00,364,3,IA,city,5
491306050,west-orange-ban-data-centers,West Orange - Ban Data Centers!,2026-05-25T22:18:35+00:00,55,0,NJ,city,1
491211737,wisconsin-rapids-require-a-community-benefits-agreement-before-the-ai-data-center-gets-it,Wisconsin Rapids: Require a Community Benefits Agreement Before the AI Data Center Gets It,2026-04-28T20:58:22+00:00,81,1,WI,county,3
491322179,yukon-city-council-put-residents-before-the-data-center-s-water-bill,Yukon City Council: Put Residents Before the Data Center's Water Bill,2026-06-03T04:20:15+00:00,1203,24,OK,state,3
